solid OpenSCAD_Model
  facet normal 1 0 0
    outer loop
      vertex 39.5 -25.5 19.55
      vertex 39.5 -35 6.25
      vertex 39.5 -25.5 3.85
    endloop
  endfacet
  facet normal 1 0 0
    outer loop
      vertex 39.5 -25.5 19.55
      vertex 39.5 -38 6.25
      vertex 39.5 -35 6.25
    endloop
  endfacet
  facet normal 1 0 0
    outer loop
      vertex 39.5 -38 6.25
      vertex 39.5 -41 6.15
      vertex 39.5 -38 6.15
    endloop
  endfacet
  facet normal 1 0 0
    outer loop
      vertex 39.5 -25.5 19.55
      vertex 39.5 -41 6.15
      vertex 39.5 -38 6.25
    endloop
  endfacet
  facet normal 1 0 0
    outer loop
      vertex 39.5 -41 6.15
      vertex 39.5 -49 6.15
      vertex 39.5 -41 3.85
    endloop
  endfacet
  facet normal 1 -0 0
    outer loop
      vertex 39.5 -59.5 19.55
      vertex 39.5 -41 6.15
      vertex 39.5 -25.5 19.55
    endloop
  endfacet
  facet normal 1 0 0
    outer loop
      vertex 39.5 -41 6.15
      vertex 39.5 -59.5 19.55
      vertex 39.5 -49 6.15
    endloop
  endfacet
  facet normal 1 0 0
    outer loop
      vertex 39.5 -49 6.15
      vertex 39.5 -59.5 19.55
      vertex 39.5 -52 6.25
    endloop
  endfacet
  facet normal 1 0 0
    outer loop
      vertex 39.5 -52 6.25
      vertex 39.5 -59.5 19.55
      vertex 39.5 -55 6.25
    endloop
  endfacet
  facet normal 1 0 0
    outer loop
      vertex 39.5 -59.5 3.85
      vertex 39.5 -55 6.25
      vertex 39.5 -59.5 19.55
    endloop
  endfacet
  facet normal 1 0 0
    outer loop
      vertex 39.5 -55 6.25
      vertex 39.5 -59.5 3.85
      vertex 39.5 -55 3.85
    endloop
  endfacet
  facet normal 1 0 0
    outer loop
      vertex 39.5 -25.5 3.85
      vertex 39.5 -35 6.25
      vertex 39.5 -35 3.85
    endloop
  endfacet
  facet normal 1 0 0
    outer loop
      vertex 39.5 -41 3.85
      vertex 39.5 -49 6.15
      vertex 39.5 -49 3.85
    endloop
  endfacet
  facet normal 1 0 0
    outer loop
      vertex 39.5 -49 6.15
      vertex 39.5 -52 6.25
      vertex 39.5 -52 6.15
    endloop
  endfacet
  facet normal -0 0 1
    outer loop
      vertex 36.5 -25.5 19.55
      vertex 39.5 -59.5 19.55
      vertex 39.5 -25.5 19.55
    endloop
  endfacet
  facet normal 0 0 1
    outer loop
      vertex 39.5 -59.5 19.55
      vertex 36.5 -25.5 19.55
      vertex 36.5 -59.5 19.55
    endloop
  endfacet
  facet normal -1 0 0
    outer loop
      vertex 36.5 -55 1.6
      vertex 36.5 -59.5 1.6
      vertex 36.5 -55 6.25
    endloop
  endfacet
  facet normal -1 0 0
    outer loop
      vertex 36.5 -41 3.75
      vertex 36.5 -49 3.75
      vertex 36.5 -41 6.15
    endloop
  endfacet
  facet normal -1 0 0
    outer loop
      vertex 36.5 -38 6.15
      vertex 36.5 -41 6.15
      vertex 36.5 -38 6.25
    endloop
  endfacet
  facet normal -1 0 0
    outer loop
      vertex 36.5 -35 6.25
      vertex 36.5 -25.5 1.6
      vertex 36.5 -35 1.6
    endloop
  endfacet
  facet normal -1 0 0
    outer loop
      vertex 36.5 -25.5 1.6
      vertex 36.5 -35 6.25
      vertex 36.5 -25.5 19.55
    endloop
  endfacet
  facet normal -1 0 0
    outer loop
      vertex 36.5 -38 6.25
      vertex 36.5 -25.5 19.55
      vertex 36.5 -35 6.25
    endloop
  endfacet
  facet normal -1 0 0
    outer loop
      vertex 36.5 -41 6.15
      vertex 36.5 -25.5 19.55
      vertex 36.5 -38 6.25
    endloop
  endfacet
  facet normal -1 0 0
    outer loop
      vertex 36.5 -49 6.15
      vertex 36.5 -41 6.15
      vertex 36.5 -49 3.75
    endloop
  endfacet
  facet normal -1 0 0
    outer loop
      vertex 36.5 -59.5 19.55
      vertex 36.5 -41 6.15
      vertex 36.5 -49 6.15
    endloop
  endfacet
  facet normal -1 0 0
    outer loop
      vertex 36.5 -52 6.25
      vertex 36.5 -49 6.15
      vertex 36.5 -52 6.15
    endloop
  endfacet
  facet normal -1 0 0
    outer loop
      vertex 36.5 -59.5 19.55
      vertex 36.5 -49 6.15
      vertex 36.5 -52 6.25
    endloop
  endfacet
  facet normal -1 0 0
    outer loop
      vertex 36.5 -59.5 19.55
      vertex 36.5 -52 6.25
      vertex 36.5 -55 6.25
    endloop
  endfacet
  facet normal -1 0 0
    outer loop
      vertex 36.5 -41 6.15
      vertex 36.5 -59.5 19.55
      vertex 36.5 -25.5 19.55
    endloop
  endfacet
  facet normal -1 0 0
    outer loop
      vertex 36.5 -59.5 19.55
      vertex 36.5 -55 6.25
      vertex 36.5 -59.5 1.6
    endloop
  endfacet
  facet normal 0 1 0
    outer loop
      vertex 67.5 -25.5 19.55
      vertex 64.5 -25.5 3.85
      vertex 64.5 -25.5 19.55
    endloop
  endfacet
  facet normal 0 1 0
    outer loop
      vertex 64.5 -25.5 3.85
      vertex 67.5 -25.5 1.6
      vertex 39.5 -25.5 3.85
    endloop
  endfacet
  facet normal 0 1 -0
    outer loop
      vertex 67.5 -25.5 1.6
      vertex 64.5 -25.5 3.85
      vertex 67.5 -25.5 19.55
    endloop
  endfacet
  facet normal 0 1 -0
    outer loop
      vertex 39.5 -25.5 3.85
      vertex 36.5 -25.5 19.55
      vertex 39.5 -25.5 19.55
    endloop
  endfacet
  facet normal 0 1 0
    outer loop
      vertex 39.5 -25.5 3.85
      vertex 36.5 -25.5 1.6
      vertex 36.5 -25.5 19.55
    endloop
  endfacet
  facet normal 0 1 0
    outer loop
      vertex 36.5 -25.5 1.6
      vertex 39.5 -25.5 3.85
      vertex 67.5 -25.5 1.6
    endloop
  endfacet
  facet normal 0 -1 0
    outer loop
      vertex 36.5 -59.5 19.55
      vertex 39.5 -59.5 3.85
      vertex 39.5 -59.5 19.55
    endloop
  endfacet
  facet normal 0 -1 -0
    outer loop
      vertex 39.5 -59.5 3.85
      vertex 36.5 -59.5 1.6
      vertex 64.5 -59.5 3.85
    endloop
  endfacet
  facet normal 0 -1 0
    outer loop
      vertex 36.5 -59.5 1.6
      vertex 39.5 -59.5 3.85
      vertex 36.5 -59.5 19.55
    endloop
  endfacet
  facet normal 0 -1 0
    outer loop
      vertex 64.5 -59.5 3.85
      vertex 67.5 -59.5 19.55
      vertex 64.5 -59.5 19.55
    endloop
  endfacet
  facet normal 0 -1 0
    outer loop
      vertex 64.5 -59.5 3.85
      vertex 67.5 -59.5 1.6
      vertex 67.5 -59.5 19.55
    endloop
  endfacet
  facet normal 0 -1 0
    outer loop
      vertex 67.5 -59.5 1.6
      vertex 64.5 -59.5 3.85
      vertex 36.5 -59.5 1.6
    endloop
  endfacet
  facet normal 1 0 0
    outer loop
      vertex 67.5 -25.5 19.55
      vertex 67.5 -33.5 6.25
      vertex 67.5 -25.5 1.6
    endloop
  endfacet
  facet normal 1 0 0
    outer loop
      vertex 67.5 -25.5 19.55
      vertex 67.5 -36.5 6.25
      vertex 67.5 -33.5 6.25
    endloop
  endfacet
  facet normal 1 0 0
    outer loop
      vertex 67.5 -36.5 6.25
      vertex 67.5 -39.5 6.15
      vertex 67.5 -36.5 6.15
    endloop
  endfacet
  facet normal 1 0 0
    outer loop
      vertex 67.5 -25.5 19.55
      vertex 67.5 -39.5 6.15
      vertex 67.5 -36.5 6.25
    endloop
  endfacet
  facet normal 1 0 0
    outer loop
      vertex 67.5 -39.5 6.15
      vertex 67.5 -50.5 6.15
      vertex 67.5 -39.5 3.75
    endloop
  endfacet
  facet normal 1 -0 0
    outer loop
      vertex 67.5 -59.5 19.55
      vertex 67.5 -39.5 6.15
      vertex 67.5 -25.5 19.55
    endloop
  endfacet
  facet normal 1 0 0
    outer loop
      vertex 67.5 -39.5 6.15
      vertex 67.5 -59.5 19.55
      vertex 67.5 -50.5 6.15
    endloop
  endfacet
  facet normal 1 0 0
    outer loop
      vertex 67.5 -50.5 6.15
      vertex 67.5 -59.5 19.55
      vertex 67.5 -53.5 6.25
    endloop
  endfacet
  facet normal 1 0 0
    outer loop
      vertex 67.5 -53.5 6.25
      vertex 67.5 -59.5 19.55
      vertex 67.5 -56.5 6.25
    endloop
  endfacet
  facet normal 1 0 0
    outer loop
      vertex 67.5 -59.5 1.6
      vertex 67.5 -56.5 6.25
      vertex 67.5 -59.5 19.55
    endloop
  endfacet
  facet normal 1 0 0
    outer loop
      vertex 67.5 -56.5 6.25
      vertex 67.5 -59.5 1.6
      vertex 67.5 -56.5 1.6
    endloop
  endfacet
  facet normal 1 0 0
    outer loop
      vertex 67.5 -25.5 1.6
      vertex 67.5 -33.5 6.25
      vertex 67.5 -33.5 1.6
    endloop
  endfacet
  facet normal 1 0 0
    outer loop
      vertex 67.5 -39.5 3.75
      vertex 67.5 -50.5 6.15
      vertex 67.5 -50.5 3.75
    endloop
  endfacet
  facet normal 1 0 0
    outer loop
      vertex 67.5 -50.5 6.15
      vertex 67.5 -53.5 6.25
      vertex 67.5 -53.5 6.15
    endloop
  endfacet
  facet normal -0 0 1
    outer loop
      vertex 64.5 -25.5 19.55
      vertex 67.5 -59.5 19.55
      vertex 67.5 -25.5 19.55
    endloop
  endfacet
  facet normal 0 0 1
    outer loop
      vertex 67.5 -59.5 19.55
      vertex 64.5 -25.5 19.55
      vertex 64.5 -59.5 19.55
    endloop
  endfacet
  facet normal -1 0 0
    outer loop
      vertex 64.5 -56.5 3.85
      vertex 64.5 -59.5 3.85
      vertex 64.5 -56.5 6.25
    endloop
  endfacet
  facet normal -1 0 0
    outer loop
      vertex 64.5 -39.5 3.85
      vertex 64.5 -50.5 3.85
      vertex 64.5 -39.5 6.15
    endloop
  endfacet
  facet normal -1 0 0
    outer loop
      vertex 64.5 -36.5 6.15
      vertex 64.5 -39.5 6.15
      vertex 64.5 -36.5 6.25
    endloop
  endfacet
  facet normal -1 0 0
    outer loop
      vertex 64.5 -33.5 6.25
      vertex 64.5 -25.5 3.85
      vertex 64.5 -33.5 3.85
    endloop
  endfacet
  facet normal -1 0 0
    outer loop
      vertex 64.5 -25.5 3.85
      vertex 64.5 -33.5 6.25
      vertex 64.5 -25.5 19.55
    endloop
  endfacet
  facet normal -1 0 0
    outer loop
      vertex 64.5 -36.5 6.25
      vertex 64.5 -25.5 19.55
      vertex 64.5 -33.5 6.25
    endloop
  endfacet
  facet normal -1 0 0
    outer loop
      vertex 64.5 -39.5 6.15
      vertex 64.5 -25.5 19.55
      vertex 64.5 -36.5 6.25
    endloop
  endfacet
  facet normal -1 0 0
    outer loop
      vertex 64.5 -50.5 6.15
      vertex 64.5 -39.5 6.15
      vertex 64.5 -50.5 3.85
    endloop
  endfacet
  facet normal -1 0 0
    outer loop
      vertex 64.5 -59.5 19.55
      vertex 64.5 -39.5 6.15
      vertex 64.5 -50.5 6.15
    endloop
  endfacet
  facet normal -1 0 0
    outer loop
      vertex 64.5 -53.5 6.25
      vertex 64.5 -50.5 6.15
      vertex 64.5 -53.5 6.15
    endloop
  endfacet
  facet normal -1 0 0
    outer loop
      vertex 64.5 -59.5 19.55
      vertex 64.5 -50.5 6.15
      vertex 64.5 -53.5 6.25
    endloop
  endfacet
  facet normal -1 0 0
    outer loop
      vertex 64.5 -59.5 19.55
      vertex 64.5 -53.5 6.25
      vertex 64.5 -56.5 6.25
    endloop
  endfacet
  facet normal -1 0 0
    outer loop
      vertex 64.5 -39.5 6.15
      vertex 64.5 -59.5 19.55
      vertex 64.5 -25.5 19.55
    endloop
  endfacet
  facet normal -1 0 0
    outer loop
      vertex 64.5 -59.5 19.55
      vertex 64.5 -56.5 6.25
      vertex 64.5 -59.5 3.85
    endloop
  endfacet
  facet normal 0 0 1
    outer loop
      vertex 64.5 -25.5 3.85
      vertex 45 -33.5 3.85
      vertex 64.5 -33.5 3.85
    endloop
  endfacet
  facet normal -0 0 1
    outer loop
      vertex 39.5 -25.5 3.85
      vertex 45 -33.5 3.85
      vertex 64.5 -25.5 3.85
    endloop
  endfacet
  facet normal 0 0 1
    outer loop
      vertex 39.5 -35 3.85
      vertex 45 -33.5 3.85
      vertex 39.5 -25.5 3.85
    endloop
  endfacet
  facet normal 0 0 1
    outer loop
      vertex 45 -33.5 3.85
      vertex 39.5 -35 3.85
      vertex 45 -35 3.85
    endloop
  endfacet
  facet normal 0 0 1
    outer loop
      vertex 45 -55 3.85
      vertex 39.5 -55 3.85
      vertex 45 -56.5 3.85
    endloop
  endfacet
  facet normal -0 0 1
    outer loop
      vertex 45 -56.5 3.85
      vertex 64.5 -59.5 3.85
      vertex 64.5 -56.5 3.85
    endloop
  endfacet
  facet normal 0 0 1
    outer loop
      vertex 45 -56.5 3.85
      vertex 39.5 -59.5 3.85
      vertex 64.5 -59.5 3.85
    endloop
  endfacet
  facet normal 0 0 1
    outer loop
      vertex 39.5 -59.5 3.85
      vertex 45 -56.5 3.85
      vertex 39.5 -55 3.85
    endloop
  endfacet
  facet normal -0 0 1
    outer loop
      vertex 39.5 -41 3.85
      vertex 40 -49 3.85
      vertex 40 -41 3.85
    endloop
  endfacet
  facet normal 0 0 1
    outer loop
      vertex 40 -49 3.85
      vertex 39.5 -41 3.85
      vertex 39.5 -49 3.85
    endloop
  endfacet
  facet normal 0 0 1
    outer loop
      vertex 40 -41 3.85
      vertex 42 -38 3.85
      vertex 40 -38 3.85
    endloop
  endfacet
  facet normal 0 0 1
    outer loop
      vertex 42 -38 3.85
      vertex 40 -41 3.85
      vertex 42 -52 3.85
    endloop
  endfacet
  facet normal -0 0 1
    outer loop
      vertex 40 -49 3.85
      vertex 42 -52 3.85
      vertex 40 -41 3.85
    endloop
  endfacet
  facet normal 0 0 1
    outer loop
      vertex 42 -52 3.85
      vertex 40 -49 3.85
      vertex 40 -52 3.85
    endloop
  endfacet
  facet normal -0 0 1
    outer loop
      vertex 48 -36.5 3.85
      vertex 50 -39.5 3.85
      vertex 50 -36.5 3.85
    endloop
  endfacet
  facet normal 0 0 1
    outer loop
      vertex 50 -39.5 3.85
      vertex 48 -36.5 3.85
      vertex 50 -50.5 3.85
    endloop
  endfacet
  facet normal 0 0 1
    outer loop
      vertex 48 -53.5 3.85
      vertex 50 -50.5 3.85
      vertex 48 -36.5 3.85
    endloop
  endfacet
  facet normal 0 0 1
    outer loop
      vertex 50 -50.5 3.85
      vertex 48 -53.5 3.85
      vertex 50 -53.5 3.85
    endloop
  endfacet
  facet normal -0 0 1
    outer loop
      vertex 50 -39.5 3.85
      vertex 64.5 -50.5 3.85
      vertex 64.5 -39.5 3.85
    endloop
  endfacet
  facet normal 0 0 1
    outer loop
      vertex 64.5 -50.5 3.85
      vertex 50 -39.5 3.85
      vertex 50 -50.5 3.85
    endloop
  endfacet
  facet normal 1 -0 0
    outer loop
      vertex 39.5 25.5 19.55
      vertex 39.5 59.5 3.85
      vertex 39.5 59.5 19.55
    endloop
  endfacet
  facet normal 1 0 0
    outer loop
      vertex 39.5 59.5 3.85
      vertex 39.5 25.5 19.55
      vertex 39.5 25.5 3.85
    endloop
  endfacet
  facet normal -0 0 1
    outer loop
      vertex 36.5 59.5 19.55
      vertex 39.5 25.5 19.55
      vertex 39.5 59.5 19.55
    endloop
  endfacet
  facet normal 0 0 1
    outer loop
      vertex 39.5 25.5 19.55
      vertex 36.5 59.5 19.55
      vertex 36.5 25.5 19.55
    endloop
  endfacet
  facet normal -1 0 0
    outer loop
      vertex 36.5 25.5 1.6
      vertex 36.5 59.5 19.55
      vertex 36.5 59.5 1.6
    endloop
  endfacet
  facet normal -1 -0 0
    outer loop
      vertex 36.5 59.5 19.55
      vertex 36.5 25.5 1.6
      vertex 36.5 25.5 19.55
    endloop
  endfacet
  facet normal 0 1 0
    outer loop
      vertex 67.5 59.5 19.55
      vertex 64.5 59.5 3.85
      vertex 64.5 59.5 19.55
    endloop
  endfacet
  facet normal 0 1 0
    outer loop
      vertex 64.5 59.5 3.85
      vertex 67.5 59.5 1.6
      vertex 39.5 59.5 3.85
    endloop
  endfacet
  facet normal 0 1 -0
    outer loop
      vertex 67.5 59.5 1.6
      vertex 64.5 59.5 3.85
      vertex 67.5 59.5 19.55
    endloop
  endfacet
  facet normal 0 1 -0
    outer loop
      vertex 39.5 59.5 3.85
      vertex 36.5 59.5 19.55
      vertex 39.5 59.5 19.55
    endloop
  endfacet
  facet normal 0 1 0
    outer loop
      vertex 39.5 59.5 3.85
      vertex 36.5 59.5 1.6
      vertex 36.5 59.5 19.55
    endloop
  endfacet
  facet normal 0 1 0
    outer loop
      vertex 36.5 59.5 1.6
      vertex 39.5 59.5 3.85
      vertex 67.5 59.5 1.6
    endloop
  endfacet
  facet normal 0 -1 0
    outer loop
      vertex 36.5 25.5 19.55
      vertex 39.5 25.5 3.85
      vertex 39.5 25.5 19.55
    endloop
  endfacet
  facet normal 0 -1 -0
    outer loop
      vertex 39.5 25.5 3.85
      vertex 36.5 25.5 1.6
      vertex 64.5 25.5 3.85
    endloop
  endfacet
  facet normal 0 -1 0
    outer loop
      vertex 36.5 25.5 1.6
      vertex 39.5 25.5 3.85
      vertex 36.5 25.5 19.55
    endloop
  endfacet
  facet normal 0 -1 0
    outer loop
      vertex 64.5 25.5 3.85
      vertex 67.5 25.5 19.55
      vertex 64.5 25.5 19.55
    endloop
  endfacet
  facet normal 0 -1 0
    outer loop
      vertex 64.5 25.5 3.85
      vertex 67.5 25.5 1.6
      vertex 67.5 25.5 19.55
    endloop
  endfacet
  facet normal 0 -1 0
    outer loop
      vertex 67.5 25.5 1.6
      vertex 64.5 25.5 3.85
      vertex 36.5 25.5 1.6
    endloop
  endfacet
  facet normal 1 -0 0
    outer loop
      vertex 67.5 25.5 19.55
      vertex 67.5 59.5 1.6
      vertex 67.5 59.5 19.55
    endloop
  endfacet
  facet normal 1 0 0
    outer loop
      vertex 67.5 59.5 1.6
      vertex 67.5 25.5 19.55
      vertex 67.5 25.5 1.6
    endloop
  endfacet
  facet normal -0 0 1
    outer loop
      vertex 64.5 59.5 19.55
      vertex 67.5 25.5 19.55
      vertex 67.5 59.5 19.55
    endloop
  endfacet
  facet normal 0 0 1
    outer loop
      vertex 67.5 25.5 19.55
      vertex 64.5 59.5 19.55
      vertex 64.5 25.5 19.55
    endloop
  endfacet
  facet normal -1 0 0
    outer loop
      vertex 64.5 25.5 3.85
      vertex 64.5 59.5 19.55
      vertex 64.5 59.5 3.85
    endloop
  endfacet
  facet normal -1 -0 0
    outer loop
      vertex 64.5 59.5 19.55
      vertex 64.5 25.5 3.85
      vertex 64.5 25.5 19.55
    endloop
  endfacet
  facet normal -0 0 1
    outer loop
      vertex 39.5 59.5 3.85
      vertex 64.5 25.5 3.85
      vertex 64.5 59.5 3.85
    endloop
  endfacet
  facet normal 0 0 1
    outer loop
      vertex 64.5 25.5 3.85
      vertex 39.5 59.5 3.85
      vertex 39.5 25.5 3.85
    endloop
  endfacet
  facet normal 1 0 0
    outer loop
      vertex 73.5 17.5 6.25
      vertex 73.5 2 3.6
      vertex 73.5 17.5 1.6
    endloop
  endfacet
  facet normal 1 0 0
    outer loop
      vertex 73.5 17.5 6.25
      vertex 73.5 -2 3.6
      vertex 73.5 2 3.6
    endloop
  endfacet
  facet normal 1 -0 0
    outer loop
      vertex 73.5 -17.5 6.25
      vertex 73.5 -2 3.6
      vertex 73.5 17.5 6.25
    endloop
  endfacet
  facet normal 1 0 0
    outer loop
      vertex 73.5 -17.5 1.6
      vertex 73.5 -2 3.6
      vertex 73.5 -17.5 6.25
    endloop
  endfacet
  facet normal 1 0 0
    outer loop
      vertex 73.5 -2 3.6
      vertex 73.5 -17.5 1.6
      vertex 73.5 -2 1.6
    endloop
  endfacet
  facet normal 1 0 0
    outer loop
      vertex 73.5 17.5 1.6
      vertex 73.5 2 3.6
      vertex 73.5 2 1.6
    endloop
  endfacet
  facet normal 0 0 1
    outer loop
      vertex 73.5 17.5 6.25
      vertex 70.5 14.5 6.25
      vertex 73.5 -17.5 6.25
    endloop
  endfacet
  facet normal 0 0 1
    outer loop
      vertex 73.5 17.5 6.25
      vertex -0.5 14.5 6.25
      vertex 70.5 14.5 6.25
    endloop
  endfacet
  facet normal 0 0 1
    outer loop
      vertex -0.5 14.5 6.25
      vertex -3.5 17.5 6.25
      vertex -0.5 -14.5 6.25
    endloop
  endfacet
  facet normal -0 0 1
    outer loop
      vertex -3.5 17.5 6.25
      vertex -0.5 14.5 6.25
      vertex 73.5 17.5 6.25
    endloop
  endfacet
  facet normal -0 0 1
    outer loop
      vertex 70.5 -14.5 6.25
      vertex 73.5 -17.5 6.25
      vertex 70.5 14.5 6.25
    endloop
  endfacet
  facet normal -0 0 1
    outer loop
      vertex -0.5 -14.5 6.25
      vertex 73.5 -17.5 6.25
      vertex 70.5 -14.5 6.25
    endloop
  endfacet
  facet normal 0 0 1
    outer loop
      vertex -0.5 -14.5 6.25
      vertex -3.5 -17.5 6.25
      vertex 73.5 -17.5 6.25
    endloop
  endfacet
  facet normal 0 0 1
    outer loop
      vertex -3.5 -17.5 6.25
      vertex -0.5 -14.5 6.25
      vertex -3.5 17.5 6.25
    endloop
  endfacet
  facet normal -1 0 0
    outer loop
      vertex -3.5 -13.6683 1.6
      vertex -3.5 -17.5 1.6
      vertex -3.5 -13.6683 3.6
    endloop
  endfacet
  facet normal -1 0 0
    outer loop
      vertex -3.5 2 3.6
      vertex -3.5 17.5 1.6
      vertex -3.5 2 1.6
    endloop
  endfacet
  facet normal -1 0 0
    outer loop
      vertex -3.5 17.5 1.6
      vertex -3.5 2 3.6
      vertex -3.5 17.5 6.25
    endloop
  endfacet
  facet normal -1 0 0
    outer loop
      vertex -3.5 -17.5 6.25
      vertex -3.5 2 3.6
      vertex -3.5 -13.6683 3.6
    endloop
  endfacet
  facet normal -1 0 0
    outer loop
      vertex -3.5 2 3.6
      vertex -3.5 -17.5 6.25
      vertex -3.5 17.5 6.25
    endloop
  endfacet
  facet normal -1 0 0
    outer loop
      vertex -3.5 -17.5 6.25
      vertex -3.5 -13.6683 3.6
      vertex -3.5 -17.5 1.6
    endloop
  endfacet
  facet normal 0 1 -0
    outer loop
      vertex 73.5 17.5 1.6
      vertex -3.5 17.5 6.25
      vertex 73.5 17.5 6.25
    endloop
  endfacet
  facet normal 0 1 0
    outer loop
      vertex -3.5 17.5 6.25
      vertex 73.5 17.5 1.6
      vertex -3.5 17.5 1.6
    endloop
  endfacet
  facet normal 0 -1 0
    outer loop
      vertex -3.5 -17.5 1.6
      vertex 73.5 -17.5 6.25
      vertex -3.5 -17.5 6.25
    endloop
  endfacet
  facet normal 0 -1 -0
    outer loop
      vertex 73.5 -17.5 6.25
      vertex -3.5 -17.5 1.6
      vertex 73.5 -17.5 1.6
    endloop
  endfacet
  facet normal -1 0 0
    outer loop
      vertex 70.5 -14.5 3.75
      vertex 70.5 14.5 6.25
      vertex 70.5 14.5 3.75
    endloop
  endfacet
  facet normal -1 -0 0
    outer loop
      vertex 70.5 14.5 6.25
      vertex 70.5 -14.5 3.75
      vertex 70.5 -14.5 6.25
    endloop
  endfacet
  facet normal -0 0 1
    outer loop
      vertex -0.5 14.5 3.75
      vertex 1.5 11.5 3.75
      vertex 1.5 14.5 3.75
    endloop
  endfacet
  facet normal 0 0 1
    outer loop
      vertex 1.5 11.5 3.75
      vertex -0.5 14.5 3.75
      vertex 1.5 -11.5 3.75
    endloop
  endfacet
  facet normal 0 0 1
    outer loop
      vertex -0.5 -14.5 3.75
      vertex 1.5 -11.5 3.75
      vertex -0.5 14.5 3.75
    endloop
  endfacet
  facet normal 0 0 1
    outer loop
      vertex 1.5 -11.5 3.75
      vertex -0.5 -14.5 3.75
      vertex 1.5 -14.5 3.75
    endloop
  endfacet
  facet normal -0 0 1
    outer loop
      vertex 1.5 11.5 3.75
      vertex 68.5 -11.5 3.75
      vertex 68.5 11.5 3.75
    endloop
  endfacet
  facet normal 0 0 1
    outer loop
      vertex 68.5 -11.5 3.75
      vertex 1.5 11.5 3.75
      vertex 1.5 -11.5 3.75
    endloop
  endfacet
  facet normal 0 0 1
    outer loop
      vertex 68.5 11.5 3.75
      vertex 70.5 14.5 3.75
      vertex 68.5 14.5 3.75
    endloop
  endfacet
  facet normal 0 0 1
    outer loop
      vertex 70.5 14.5 3.75
      vertex 68.5 11.5 3.75
      vertex 70.5 -14.5 3.75
    endloop
  endfacet
  facet normal -0 0 1
    outer loop
      vertex 68.5 -11.5 3.75
      vertex 70.5 -14.5 3.75
      vertex 68.5 11.5 3.75
    endloop
  endfacet
  facet normal 0 0 1
    outer loop
      vertex 70.5 -14.5 3.75
      vertex 68.5 -11.5 3.75
      vertex 68.5 -14.5 3.75
    endloop
  endfacet
  facet normal 1 -0 0
    outer loop
      vertex -0.5 -14.5 6.25
      vertex -0.5 14.5 3.75
      vertex -0.5 14.5 6.25
    endloop
  endfacet
  facet normal 1 0 0
    outer loop
      vertex -0.5 14.5 3.75
      vertex -0.5 -14.5 6.25
      vertex -0.5 -14.5 3.75
    endloop
  endfacet
  facet normal 0 -1 0
    outer loop
      vertex -0.5 14.5 6.25
      vertex 1.5 14.5 6.15
      vertex 70.5 14.5 6.25
    endloop
  endfacet
  facet normal 0 -1 0
    outer loop
      vertex -0.5 14.5 3.75
      vertex 1.5 14.5 6.15
      vertex -0.5 14.5 6.25
    endloop
  endfacet
  facet normal 0 -1 -0
    outer loop
      vertex 1.5 14.5 6.15
      vertex -0.5 14.5 3.75
      vertex 1.5 14.5 3.75
    endloop
  endfacet
  facet normal 0 -1 0
    outer loop
      vertex 68.5 14.5 6.15
      vertex 70.5 14.5 6.25
      vertex 1.5 14.5 6.15
    endloop
  endfacet
  facet normal 0 -1 0
    outer loop
      vertex 70.5 14.5 3.75
      vertex 68.5 14.5 6.15
      vertex 68.5 14.5 3.75
    endloop
  endfacet
  facet normal 0 -1 0
    outer loop
      vertex 68.5 14.5 6.15
      vertex 70.5 14.5 3.75
      vertex 70.5 14.5 6.25
    endloop
  endfacet
  facet normal 0 1 0
    outer loop
      vertex 70.5 -14.5 6.25
      vertex 68.5 -14.5 6.15
      vertex -0.5 -14.5 6.25
    endloop
  endfacet
  facet normal 0 1 -0
    outer loop
      vertex 70.5 -14.5 3.75
      vertex 68.5 -14.5 6.15
      vertex 70.5 -14.5 6.25
    endloop
  endfacet
  facet normal 0 1 0
    outer loop
      vertex 68.5 -14.5 6.15
      vertex 70.5 -14.5 3.75
      vertex 68.5 -14.5 3.75
    endloop
  endfacet
  facet normal 0 1 -0
    outer loop
      vertex 1.5 -14.5 6.15
      vertex -0.5 -14.5 6.25
      vertex 68.5 -14.5 6.15
    endloop
  endfacet
  facet normal 0 1 0
    outer loop
      vertex -0.5 -14.5 3.75
      vertex 1.5 -14.5 6.15
      vertex 1.5 -14.5 3.75
    endloop
  endfacet
  facet normal 0 1 0
    outer loop
      vertex 1.5 -14.5 6.15
      vertex -0.5 -14.5 3.75
      vertex -0.5 -14.5 6.25
    endloop
  endfacet
  facet normal 1 -0 0
    outer loop
      vertex 68.5 -14.5 6.15
      vertex 68.5 -11.5 3.75
      vertex 68.5 -11.5 6.15
    endloop
  endfacet
  facet normal 1 0 0
    outer loop
      vertex 68.5 -11.5 3.75
      vertex 68.5 -14.5 6.15
      vertex 68.5 -14.5 3.75
    endloop
  endfacet
  facet normal -0 0 1
    outer loop
      vertex 1.5 -11.5 6.15
      vertex 68.5 -14.5 6.15
      vertex 68.5 -11.5 6.15
    endloop
  endfacet
  facet normal 0 0 1
    outer loop
      vertex 68.5 -14.5 6.15
      vertex 1.5 -11.5 6.15
      vertex 1.5 -14.5 6.15
    endloop
  endfacet
  facet normal -1 0 0
    outer loop
      vertex 1.5 -14.5 3.75
      vertex 1.5 -11.5 6.15
      vertex 1.5 -11.5 3.75
    endloop
  endfacet
  facet normal -1 -0 0
    outer loop
      vertex 1.5 -11.5 6.15
      vertex 1.5 -14.5 3.75
      vertex 1.5 -14.5 6.15
    endloop
  endfacet
  facet normal 0 1 -0
    outer loop
      vertex 68.5 -11.5 3.75
      vertex 1.5 -11.5 6.15
      vertex 68.5 -11.5 6.15
    endloop
  endfacet
  facet normal 0 1 0
    outer loop
      vertex 1.5 -11.5 6.15
      vertex 68.5 -11.5 3.75
      vertex 1.5 -11.5 3.75
    endloop
  endfacet
  facet normal 1 -0 0
    outer loop
      vertex 68.5 11.5 6.15
      vertex 68.5 14.5 3.75
      vertex 68.5 14.5 6.15
    endloop
  endfacet
  facet normal 1 0 0
    outer loop
      vertex 68.5 14.5 3.75
      vertex 68.5 11.5 6.15
      vertex 68.5 11.5 3.75
    endloop
  endfacet
  facet normal -0 0 1
    outer loop
      vertex 1.5 14.5 6.15
      vertex 68.5 11.5 6.15
      vertex 68.5 14.5 6.15
    endloop
  endfacet
  facet normal 0 0 1
    outer loop
      vertex 68.5 11.5 6.15
      vertex 1.5 14.5 6.15
      vertex 1.5 11.5 6.15
    endloop
  endfacet
  facet normal -1 0 0
    outer loop
      vertex 1.5 11.5 3.75
      vertex 1.5 14.5 6.15
      vertex 1.5 14.5 3.75
    endloop
  endfacet
  facet normal -1 -0 0
    outer loop
      vertex 1.5 14.5 6.15
      vertex 1.5 11.5 3.75
      vertex 1.5 11.5 6.15
    endloop
  endfacet
  facet normal 0 -1 0
    outer loop
      vertex 1.5 11.5 3.75
      vertex 68.5 11.5 6.15
      vertex 1.5 11.5 6.15
    endloop
  endfacet
  facet normal 0 -1 -0
    outer loop
      vertex 68.5 11.5 6.15
      vertex 1.5 11.5 3.75
      vertex 68.5 11.5 3.75
    endloop
  endfacet
  facet normal 1 0 0
    outer loop
      vertex -7 -30 6.25
      vertex -7 16 7.25
      vertex -7 -30 7.25
    endloop
  endfacet
  facet normal 1 0 0
    outer loop
      vertex -7 16 7.25
      vertex -7 -30 6.25
      vertex -7 16 1.6
    endloop
  endfacet
  facet normal 1 0 0
    outer loop
      vertex -7 -31.5 1.6
      vertex -7 -30 6.25
      vertex -7 -31.5 6.25
    endloop
  endfacet
  facet normal 1 0 0
    outer loop
      vertex -7 -30 6.25
      vertex -7 -31.5 1.6
      vertex -7 16 1.6
    endloop
  endfacet
  facet normal 1 -0 0
    outer loop
      vertex -7 -60 6.25
      vertex -7 -58.5 1.6
      vertex -7 -58.5 6.25
    endloop
  endfacet
  facet normal 1 0 0
    outer loop
      vertex -7 -58.5 1.6
      vertex -7 -60 6.25
      vertex -7 -60 1.6
    endloop
  endfacet
  facet normal 0 0 1
    outer loop
      vertex -57 38 7.25
      vertex -54 38 7.25
      vertex -54.1156 40.3524 7.25
    endloop
  endfacet
  facet normal 0 0 1
    outer loop
      vertex -57.1011 40.0584 7.25
      vertex -54.1156 40.3524 7.25
      vertex -54.4612 42.6822 7.25
    endloop
  endfacet
  facet normal 0 0 1
    outer loop
      vertex -54 38 7.25
      vertex -57 38 7.25
      vertex -54.1156 35.6476 7.25
    endloop
  endfacet
  facet normal 0 0 1
    outer loop
      vertex -57.4035 42.0969 7.25
      vertex -54.4612 42.6822 7.25
      vertex -55.0334 44.9668 7.25
    endloop
  endfacet
  facet normal -0 0 1
    outer loop
      vertex -57.1011 35.9416 7.25
      vertex -54.1156 35.6476 7.25
      vertex -57 38 7.25
    endloop
  endfacet
  facet normal 0 0 1
    outer loop
      vertex -57.9043 44.096 7.25
      vertex -55.0334 44.9668 7.25
      vertex -55.8269 47.1844 7.25
    endloop
  endfacet
  facet normal 0 0 1
    outer loop
      vertex -54.1156 35.6476 7.25
      vertex -57.1011 35.9416 7.25
      vertex -54.4612 33.3178 7.25
    endloop
  endfacet
  facet normal 0 0 1
    outer loop
      vertex -58.5985 46.0364 7.25
      vertex -55.8269 47.1844 7.25
      vertex -56.8339 49.3135 7.25
    endloop
  endfacet
  facet normal -0 0 1
    outer loop
      vertex -57.4035 33.9031 7.25
      vertex -54.4612 33.3178 7.25
      vertex -57.1011 35.9416 7.25
    endloop
  endfacet
  facet normal 0 0 1
    outer loop
      vertex -54.4612 33.3178 7.25
      vertex -57.4035 33.9031 7.25
      vertex -55.0334 31.0332 7.25
    endloop
  endfacet
  facet normal 0 0 1
    outer loop
      vertex -54.1156 40.3524 7.25
      vertex -57.1011 40.0584 7.25
      vertex -57 38 7.25
    endloop
  endfacet
  facet normal 0 0 1
    outer loop
      vertex -54.4612 42.6822 7.25
      vertex -57.4035 42.0969 7.25
      vertex -57.1011 40.0584 7.25
    endloop
  endfacet
  facet normal 0 0 1
    outer loop
      vertex -55.0334 44.9668 7.25
      vertex -57.9043 44.096 7.25
      vertex -57.4035 42.0969 7.25
    endloop
  endfacet
  facet normal 0 0 1
    outer loop
      vertex -59.4797 47.8993 7.25
      vertex -56.8339 49.3135 7.25
      vertex -58.0447 51.3337 7.25
    endloop
  endfacet
  facet normal 0 0 1
    outer loop
      vertex -55.8269 47.1844 7.25
      vertex -58.5985 46.0364 7.25
      vertex -57.9043 44.096 7.25
    endloop
  endfacet
  facet normal 0 0 1
    outer loop
      vertex -60.5391 49.667 7.25
      vertex -58.0447 51.3337 7.25
      vertex -59.4478 53.2254 7.25
    endloop
  endfacet
  facet normal 0 0 1
    outer loop
      vertex -56.8339 49.3135 7.25
      vertex -59.4797 47.8993 7.25
      vertex -58.5985 46.0364 7.25
    endloop
  endfacet
  facet normal 0 0 1
    outer loop
      vertex -58.0447 51.3337 7.25
      vertex -60.5391 49.667 7.25
      vertex -59.4797 47.8993 7.25
    endloop
  endfacet
  facet normal 0 0 1
    outer loop
      vertex -61.7668 51.3223 7.25
      vertex -59.4478 53.2254 7.25
      vertex -61.0294 54.9706 7.25
    endloop
  endfacet
  facet normal 0 0 1
    outer loop
      vertex -59.4478 53.2254 7.25
      vertex -61.7668 51.3223 7.25
      vertex -60.5391 49.667 7.25
    endloop
  endfacet
  facet normal 0 0 1
    outer loop
      vertex -63.1508 52.8492 7.25
      vertex -61.0294 54.9706 7.25
      vertex -62.7746 56.5522 7.25
    endloop
  endfacet
  facet normal 0 0 1
    outer loop
      vertex -61.0294 54.9706 7.25
      vertex -63.1508 52.8492 7.25
      vertex -61.7668 51.3223 7.25
    endloop
  endfacet
  facet normal 0 0 1
    outer loop
      vertex -64.6777 54.2332 7.25
      vertex -62.7746 56.5522 7.25
      vertex -64.6663 57.9553 7.25
    endloop
  endfacet
  facet normal 0 0 1
    outer loop
      vertex -62.7746 56.5522 7.25
      vertex -64.6777 54.2332 7.25
      vertex -63.1508 52.8492 7.25
    endloop
  endfacet
  facet normal 0 0 1
    outer loop
      vertex -64.6663 57.9553 7.25
      vertex -66.333 55.4609 7.25
      vertex -64.6777 54.2332 7.25
    endloop
  endfacet
  facet normal 0 0 1
    outer loop
      vertex -66.6865 59.1661 7.25
      vertex -66.333 55.4609 7.25
      vertex -64.6663 57.9553 7.25
    endloop
  endfacet
  facet normal 0 0 1
    outer loop
      vertex -66.6865 59.1661 7.25
      vertex -68.1007 56.5203 7.25
      vertex -66.333 55.4609 7.25
    endloop
  endfacet
  facet normal 0 0 1
    outer loop
      vertex -68.8156 60.1731 7.25
      vertex -68.1007 56.5203 7.25
      vertex -66.6865 59.1661 7.25
    endloop
  endfacet
  facet normal 0 0 1
    outer loop
      vertex -68.8156 60.1731 7.25
      vertex -69.9636 57.4015 7.25
      vertex -68.1007 56.5203 7.25
    endloop
  endfacet
  facet normal 0 0 1
    outer loop
      vertex -71.0332 60.9666 7.25
      vertex -69.9636 57.4015 7.25
      vertex -68.8156 60.1731 7.25
    endloop
  endfacet
  facet normal 0 0 1
    outer loop
      vertex -71.0332 60.9666 7.25
      vertex -71.904 58.0957 7.25
      vertex -69.9636 57.4015 7.25
    endloop
  endfacet
  facet normal 0 0 1
    outer loop
      vertex -73.3178 61.5388 7.25
      vertex -71.904 58.0957 7.25
      vertex -71.0332 60.9666 7.25
    endloop
  endfacet
  facet normal 0 0 1
    outer loop
      vertex -73.3178 61.5388 7.25
      vertex -73.9031 58.5965 7.25
      vertex -71.904 58.0957 7.25
    endloop
  endfacet
  facet normal 0 0 1
    outer loop
      vertex -75.6476 61.8844 7.25
      vertex -73.9031 58.5965 7.25
      vertex -73.3178 61.5388 7.25
    endloop
  endfacet
  facet normal 0 0 1
    outer loop
      vertex -75.6476 61.8844 7.25
      vertex -75.9416 58.8989 7.25
      vertex -73.9031 58.5965 7.25
    endloop
  endfacet
  facet normal 0 0 1
    outer loop
      vertex -78 62 7.25
      vertex -75.9416 58.8989 7.25
      vertex -75.6476 61.8844 7.25
    endloop
  endfacet
  facet normal 0 0 1
    outer loop
      vertex -78 62 7.25
      vertex -78 59 7.25
      vertex -75.9416 58.8989 7.25
    endloop
  endfacet
  facet normal 0 0 1
    outer loop
      vertex -78 62 7.25
      vertex -80.0584 58.8989 7.25
      vertex -78 59 7.25
    endloop
  endfacet
  facet normal -0 0 1
    outer loop
      vertex -80.3524 61.8844 7.25
      vertex -80.0584 58.8989 7.25
      vertex -78 62 7.25
    endloop
  endfacet
  facet normal 0 0 1
    outer loop
      vertex -80.3524 61.8844 7.25
      vertex -82.0969 58.5965 7.25
      vertex -80.0584 58.8989 7.25
    endloop
  endfacet
  facet normal -0 0 1
    outer loop
      vertex -82.6822 61.5388 7.25
      vertex -82.0969 58.5965 7.25
      vertex -80.3524 61.8844 7.25
    endloop
  endfacet
  facet normal 0 0 1
    outer loop
      vertex -82.6822 61.5388 7.25
      vertex -84.096 58.0957 7.25
      vertex -82.0969 58.5965 7.25
    endloop
  endfacet
  facet normal -0 0 1
    outer loop
      vertex -84.9668 60.9666 7.25
      vertex -84.096 58.0957 7.25
      vertex -82.6822 61.5388 7.25
    endloop
  endfacet
  facet normal 0 0 1
    outer loop
      vertex -84.9668 60.9666 7.25
      vertex -86.0364 57.4015 7.25
      vertex -84.096 58.0957 7.25
    endloop
  endfacet
  facet normal -0 0 1
    outer loop
      vertex -87.1844 60.1731 7.25
      vertex -86.0364 57.4015 7.25
      vertex -84.9668 60.9666 7.25
    endloop
  endfacet
  facet normal 0 0 1
    outer loop
      vertex -87.1844 60.1731 7.25
      vertex -87.8993 56.5203 7.25
      vertex -86.0364 57.4015 7.25
    endloop
  endfacet
  facet normal -0 0 1
    outer loop
      vertex -89.3135 59.1661 7.25
      vertex -87.8993 56.5203 7.25
      vertex -87.1844 60.1731 7.25
    endloop
  endfacet
  facet normal 0 0 1
    outer loop
      vertex -89.3135 59.1661 7.25
      vertex -89.667 55.4609 7.25
      vertex -87.8993 56.5203 7.25
    endloop
  endfacet
  facet normal -0 0 1
    outer loop
      vertex -91.3337 57.9553 7.25
      vertex -89.667 55.4609 7.25
      vertex -89.3135 59.1661 7.25
    endloop
  endfacet
  facet normal 0 0 1
    outer loop
      vertex -89.667 55.4609 7.25
      vertex -91.3337 57.9553 7.25
      vertex -91.3223 54.2332 7.25
    endloop
  endfacet
  facet normal -0 0 1
    outer loop
      vertex -93.2254 56.5522 7.25
      vertex -91.3223 54.2332 7.25
      vertex -91.3337 57.9553 7.25
    endloop
  endfacet
  facet normal 0 0 1
    outer loop
      vertex -91.3223 54.2332 7.25
      vertex -93.2254 56.5522 7.25
      vertex -92.8492 52.8492 7.25
    endloop
  endfacet
  facet normal -0 0 1
    outer loop
      vertex -94.9706 54.9706 7.25
      vertex -92.8492 52.8492 7.25
      vertex -93.2254 56.5522 7.25
    endloop
  endfacet
  facet normal 0 0 1
    outer loop
      vertex -92.8492 52.8492 7.25
      vertex -94.9706 54.9706 7.25
      vertex -94.2332 51.3223 7.25
    endloop
  endfacet
  facet normal -0 0 1
    outer loop
      vertex -96.5523 53.2254 7.25
      vertex -94.2332 51.3223 7.25
      vertex -94.9706 54.9706 7.25
    endloop
  endfacet
  facet normal 0 0 1
    outer loop
      vertex -94.2332 51.3223 7.25
      vertex -96.5523 53.2254 7.25
      vertex -95.4609 49.667 7.25
    endloop
  endfacet
  facet normal -0 0 1
    outer loop
      vertex -97.9553 51.3337 7.25
      vertex -95.4609 49.667 7.25
      vertex -96.5523 53.2254 7.25
    endloop
  endfacet
  facet normal 0 0 1
    outer loop
      vertex -95.4609 49.667 7.25
      vertex -97.9553 51.3337 7.25
      vertex -96.5203 47.8993 7.25
    endloop
  endfacet
  facet normal -0 0 1
    outer loop
      vertex -99.1661 49.3135 7.25
      vertex -96.5203 47.8993 7.25
      vertex -97.9553 51.3337 7.25
    endloop
  endfacet
  facet normal 0 0 1
    outer loop
      vertex -96.5203 47.8993 7.25
      vertex -99.1661 49.3135 7.25
      vertex -97.4015 46.0364 7.25
    endloop
  endfacet
  facet normal -0 0 1
    outer loop
      vertex -100.173 47.1844 7.25
      vertex -97.4015 46.0364 7.25
      vertex -99.1661 49.3135 7.25
    endloop
  endfacet
  facet normal 0 0 1
    outer loop
      vertex -97.4015 46.0364 7.25
      vertex -100.173 47.1844 7.25
      vertex -98.0957 44.096 7.25
    endloop
  endfacet
  facet normal 0 0 1
    outer loop
      vertex -98.0957 44.096 7.25
      vertex -100.967 44.9668 7.25
      vertex -98.5965 42.0969 7.25
    endloop
  endfacet
  facet normal -0 0 1
    outer loop
      vertex -100.967 44.9668 7.25
      vertex -98.0957 44.096 7.25
      vertex -100.173 47.1844 7.25
    endloop
  endfacet
  facet normal -0 0 1
    outer loop
      vertex -57.9043 31.904 7.25
      vertex -55.0334 31.0332 7.25
      vertex -57.4035 33.9031 7.25
    endloop
  endfacet
  facet normal 0 0 1
    outer loop
      vertex -55.0334 31.0332 7.25
      vertex -57.9043 31.904 7.25
      vertex -55.8269 28.8156 7.25
    endloop
  endfacet
  facet normal -0 0 1
    outer loop
      vertex -58.5985 29.9636 7.25
      vertex -55.8269 28.8156 7.25
      vertex -57.9043 31.904 7.25
    endloop
  endfacet
  facet normal 0 0 1
    outer loop
      vertex -55.8269 28.8156 7.25
      vertex -58.5985 29.9636 7.25
      vertex -56.8339 26.6865 7.25
    endloop
  endfacet
  facet normal -0 0 1
    outer loop
      vertex -59.4797 28.1007 7.25
      vertex -56.8339 26.6865 7.25
      vertex -58.5985 29.9636 7.25
    endloop
  endfacet
  facet normal 0 0 1
    outer loop
      vertex -56.8339 26.6865 7.25
      vertex -59.4797 28.1007 7.25
      vertex -58.0447 24.6663 7.25
    endloop
  endfacet
  facet normal -0 0 1
    outer loop
      vertex -60.5391 26.333 7.25
      vertex -58.0447 24.6663 7.25
      vertex -59.4797 28.1007 7.25
    endloop
  endfacet
  facet normal 0 0 1
    outer loop
      vertex -58.0447 24.6663 7.25
      vertex -60.5391 26.333 7.25
      vertex -59.4478 22.7746 7.25
    endloop
  endfacet
  facet normal -0 0 1
    outer loop
      vertex -61.7668 24.6777 7.25
      vertex -59.4478 22.7746 7.25
      vertex -60.5391 26.333 7.25
    endloop
  endfacet
  facet normal 0 0 1
    outer loop
      vertex -59.4478 22.7746 7.25
      vertex -61.7668 24.6777 7.25
      vertex -61.0294 21.0294 7.25
    endloop
  endfacet
  facet normal -0 0 1
    outer loop
      vertex -63.1508 23.1508 7.25
      vertex -61.0294 21.0294 7.25
      vertex -61.7668 24.6777 7.25
    endloop
  endfacet
  facet normal 0 0 1
    outer loop
      vertex -61.0294 21.0294 7.25
      vertex -63.1508 23.1508 7.25
      vertex -62.7746 19.4478 7.25
    endloop
  endfacet
  facet normal -0 0 1
    outer loop
      vertex -64.6777 21.7668 7.25
      vertex -62.7746 19.4478 7.25
      vertex -63.1508 23.1508 7.25
    endloop
  endfacet
  facet normal 0 0 1
    outer loop
      vertex -62.7746 19.4478 7.25
      vertex -64.6777 21.7668 7.25
      vertex -64.6663 18.0447 7.25
    endloop
  endfacet
  facet normal -0 0 1
    outer loop
      vertex -66.333 20.5391 7.25
      vertex -64.6663 18.0447 7.25
      vertex -64.6777 21.7668 7.25
    endloop
  endfacet
  facet normal 0 0 1
    outer loop
      vertex -66.333 20.5391 7.25
      vertex -66.6865 16.8339 7.25
      vertex -64.6663 18.0447 7.25
    endloop
  endfacet
  facet normal -0 0 1
    outer loop
      vertex -68.1007 19.4797 7.25
      vertex -66.6865 16.8339 7.25
      vertex -66.333 20.5391 7.25
    endloop
  endfacet
  facet normal 0 0 1
    outer loop
      vertex -68.1007 19.4797 7.25
      vertex -68.4496 16 7.25
      vertex -66.6865 16.8339 7.25
    endloop
  endfacet
  facet normal 0 -0 1
    outer loop
      vertex -68.4496 16 7.25
      vertex -68.1007 19.4797 7.25
      vertex -69.9636 18.5985 7.25
    endloop
  endfacet
  facet normal 0 0 1
    outer loop
      vertex -7 16 7.25
      vertex -10 13 7.25
      vertex -7 -30 7.25
    endloop
  endfacet
  facet normal -0 0 1
    outer loop
      vertex -68.4496 16 7.25
      vertex -10 13 7.25
      vertex -7 16 7.25
    endloop
  endfacet
  facet normal -0 0 1
    outer loop
      vertex -71.904 17.9043 7.25
      vertex -68.4496 16 7.25
      vertex -69.9636 18.5985 7.25
    endloop
  endfacet
  facet normal -0 0 1
    outer loop
      vertex -73.9031 17.4035 7.25
      vertex -68.4496 16 7.25
      vertex -71.904 17.9043 7.25
    endloop
  endfacet
  facet normal 0 0 1
    outer loop
      vertex -80 13 7.25
      vertex -73.9031 17.4035 7.25
      vertex -75.9416 17.1011 7.25
    endloop
  endfacet
  facet normal 0 0 1
    outer loop
      vertex -80 13 7.25
      vertex -75.9416 17.1011 7.25
      vertex -78 17 7.25
    endloop
  endfacet
  facet normal 0 0 1
    outer loop
      vertex -68.4496 16 7.25
      vertex -80 13 7.25
      vertex -10 13 7.25
    endloop
  endfacet
  facet normal 0 0 1
    outer loop
      vertex -73.9031 17.4035 7.25
      vertex -80 13 7.25
      vertex -68.4496 16 7.25
    endloop
  endfacet
  facet normal -0 0 1
    outer loop
      vertex -83 14.5408 7.25
      vertex -80 13 7.25
      vertex -80.0584 17.1011 7.25
    endloop
  endfacet
  facet normal 0 0 1
    outer loop
      vertex -80.0584 17.1011 7.25
      vertex -80 13 7.25
      vertex -78 17 7.25
    endloop
  endfacet
  facet normal -0 0 1
    outer loop
      vertex -10 -27 7.25
      vertex -7 -30 7.25
      vertex -10 13 7.25
    endloop
  endfacet
  facet normal -0 0 1
    outer loop
      vertex -80 -27 7.25
      vertex -7 -30 7.25
      vertex -10 -27 7.25
    endloop
  endfacet
  facet normal 0 0 1
    outer loop
      vertex -83 14.5408 7.25
      vertex -80.0584 17.1011 7.25
      vertex -82.0969 17.4035 7.25
    endloop
  endfacet
  facet normal 0 0 1
    outer loop
      vertex -80 13 7.25
      vertex -83 14.5408 7.25
      vertex -80 -27 7.25
    endloop
  endfacet
  facet normal 0 0 1
    outer loop
      vertex -80 -27 7.25
      vertex -83 -30 7.25
      vertex -7 -30 7.25
    endloop
  endfacet
  facet normal 0 0 1
    outer loop
      vertex -83 -30 7.25
      vertex -80 -27 7.25
      vertex -83 14.5408 7.25
    endloop
  endfacet
  facet normal 0 0 1
    outer loop
      vertex -84.096 17.9043 7.25
      vertex -83 14.5408 7.25
      vertex -82.0969 17.4035 7.25
    endloop
  endfacet
  facet normal 0 0 1
    outer loop
      vertex -84.096 17.9043 7.25
      vertex -84.9668 15.0334 7.25
      vertex -83 14.5408 7.25
    endloop
  endfacet
  facet normal 0 0 1
    outer loop
      vertex -86.0364 18.5985 7.25
      vertex -84.9668 15.0334 7.25
      vertex -84.096 17.9043 7.25
    endloop
  endfacet
  facet normal 0 0 1
    outer loop
      vertex -86.0364 18.5985 7.25
      vertex -87.1844 15.8269 7.25
      vertex -84.9668 15.0334 7.25
    endloop
  endfacet
  facet normal 0 0 1
    outer loop
      vertex -87.8993 19.4797 7.25
      vertex -87.1844 15.8269 7.25
      vertex -86.0364 18.5985 7.25
    endloop
  endfacet
  facet normal 0 0 1
    outer loop
      vertex -87.8993 19.4797 7.25
      vertex -89.3135 16.8339 7.25
      vertex -87.1844 15.8269 7.25
    endloop
  endfacet
  facet normal 0 0 1
    outer loop
      vertex -89.667 20.5391 7.25
      vertex -89.3135 16.8339 7.25
      vertex -87.8993 19.4797 7.25
    endloop
  endfacet
  facet normal 0 0 1
    outer loop
      vertex -91.3337 18.0447 7.25
      vertex -89.667 20.5391 7.25
      vertex -91.3223 21.7668 7.25
    endloop
  endfacet
  facet normal 0 0 1
    outer loop
      vertex -89.667 20.5391 7.25
      vertex -91.3337 18.0447 7.25
      vertex -89.3135 16.8339 7.25
    endloop
  endfacet
  facet normal 0 0 1
    outer loop
      vertex -93.2254 19.4478 7.25
      vertex -91.3223 21.7668 7.25
      vertex -92.8492 23.1508 7.25
    endloop
  endfacet
  facet normal 0 0 1
    outer loop
      vertex -91.3223 21.7668 7.25
      vertex -93.2254 19.4478 7.25
      vertex -91.3337 18.0447 7.25
    endloop
  endfacet
  facet normal 0 0 1
    outer loop
      vertex -94.9706 21.0294 7.25
      vertex -92.8492 23.1508 7.25
      vertex -94.2332 24.6777 7.25
    endloop
  endfacet
  facet normal 0 0 1
    outer loop
      vertex -92.8492 23.1508 7.25
      vertex -94.9706 21.0294 7.25
      vertex -93.2254 19.4478 7.25
    endloop
  endfacet
  facet normal 0 0 1
    outer loop
      vertex -96.5523 22.7746 7.25
      vertex -94.2332 24.6777 7.25
      vertex -95.4609 26.333 7.25
    endloop
  endfacet
  facet normal 0 0 1
    outer loop
      vertex -97.9553 24.6663 7.25
      vertex -95.4609 26.333 7.25
      vertex -96.5203 28.1007 7.25
    endloop
  endfacet
  facet normal 0 0 1
    outer loop
      vertex -94.2332 24.6777 7.25
      vertex -96.5523 22.7746 7.25
      vertex -94.9706 21.0294 7.25
    endloop
  endfacet
  facet normal 0 0 1
    outer loop
      vertex -99.1661 26.6865 7.25
      vertex -96.5203 28.1007 7.25
      vertex -97.4015 29.9636 7.25
    endloop
  endfacet
  facet normal 0 0 1
    outer loop
      vertex -95.4609 26.333 7.25
      vertex -97.9553 24.6663 7.25
      vertex -96.5523 22.7746 7.25
    endloop
  endfacet
  facet normal 0 0 1
    outer loop
      vertex -100.173 28.8156 7.25
      vertex -97.4015 29.9636 7.25
      vertex -98.0957 31.904 7.25
    endloop
  endfacet
  facet normal 0 0 1
    outer loop
      vertex -100.967 31.0332 7.25
      vertex -98.0957 31.904 7.25
      vertex -98.5965 33.9031 7.25
    endloop
  endfacet
  facet normal 0 0 1
    outer loop
      vertex -101.539 33.3178 7.25
      vertex -98.5965 33.9031 7.25
      vertex -98.8989 35.9416 7.25
    endloop
  endfacet
  facet normal 0 0 1
    outer loop
      vertex -96.5203 28.1007 7.25
      vertex -99.1661 26.6865 7.25
      vertex -97.9553 24.6663 7.25
    endloop
  endfacet
  facet normal 0 0 1
    outer loop
      vertex -101.884 35.6476 7.25
      vertex -98.8989 35.9416 7.25
      vertex -99 38 7.25
    endloop
  endfacet
  facet normal -0 0 1
    outer loop
      vertex -101.539 42.6822 7.25
      vertex -98.5965 42.0969 7.25
      vertex -100.967 44.9668 7.25
    endloop
  endfacet
  facet normal 0 0 1
    outer loop
      vertex -98.5965 42.0969 7.25
      vertex -101.539 42.6822 7.25
      vertex -98.8989 40.0584 7.25
    endloop
  endfacet
  facet normal 0 0 1
    outer loop
      vertex -97.4015 29.9636 7.25
      vertex -100.173 28.8156 7.25
      vertex -99.1661 26.6865 7.25
    endloop
  endfacet
  facet normal -0 0 1
    outer loop
      vertex -101.884 40.3524 7.25
      vertex -98.8989 40.0584 7.25
      vertex -101.539 42.6822 7.25
    endloop
  endfacet
  facet normal 0 0 1
    outer loop
      vertex -98.0957 31.904 7.25
      vertex -100.967 31.0332 7.25
      vertex -100.173 28.8156 7.25
    endloop
  endfacet
  facet normal 0 0 1
    outer loop
      vertex -98.8989 40.0584 7.25
      vertex -101.884 40.3524 7.25
      vertex -99 38 7.25
    endloop
  endfacet
  facet normal 0 0 1
    outer loop
      vertex -98.5965 33.9031 7.25
      vertex -101.539 33.3178 7.25
      vertex -100.967 31.0332 7.25
    endloop
  endfacet
  facet normal 0 0 1
    outer loop
      vertex -102 38 7.25
      vertex -99 38 7.25
      vertex -101.884 40.3524 7.25
    endloop
  endfacet
  facet normal 0 0 1
    outer loop
      vertex -98.8989 35.9416 7.25
      vertex -101.884 35.6476 7.25
      vertex -101.539 33.3178 7.25
    endloop
  endfacet
  facet normal 0 0 1
    outer loop
      vertex -99 38 7.25
      vertex -102 38 7.25
      vertex -101.884 35.6476 7.25
    endloop
  endfacet
  facet normal -1 0 0
    outer loop
      vertex -83 -20 1.6
      vertex -83 -30 1.6
      vertex -83 -20 3.6
    endloop
  endfacet
  facet normal -1 0 0
    outer loop
      vertex -83 -16 3.6
      vertex -83 14.5408 1.6
      vertex -83 -16 1.6
    endloop
  endfacet
  facet normal -1 0 0
    outer loop
      vertex -83 14.5408 1.6
      vertex -83 -16 3.6
      vertex -83 14.5408 7.25
    endloop
  endfacet
  facet normal -1 0 0
    outer loop
      vertex -83 -30 7.25
      vertex -83 -16 3.6
      vertex -83 -20 3.6
    endloop
  endfacet
  facet normal -1 0 0
    outer loop
      vertex -83 -16 3.6
      vertex -83 -30 7.25
      vertex -83 14.5408 7.25
    endloop
  endfacet
  facet normal -1 0 0
    outer loop
      vertex -83 -30 7.25
      vertex -83 -20 3.6
      vertex -83 -30 1.6
    endloop
  endfacet
  facet normal 0 1 -0
    outer loop
      vertex -7 16 1.6
      vertex -68.4496 16 7.25
      vertex -7 16 7.25
    endloop
  endfacet
  facet normal 0 1 0
    outer loop
      vertex -68.4496 16 7.25
      vertex -7 16 1.6
      vertex -68.4496 16 1.6
    endloop
  endfacet
  facet normal 0 -1 0
    outer loop
      vertex -83 -30 7.25
      vertex -55 -30 6.25
      vertex -7 -30 7.25
    endloop
  endfacet
  facet normal 0 -1 0
    outer loop
      vertex -83 -30 1.6
      vertex -55 -30 6.25
      vertex -83 -30 7.25
    endloop
  endfacet
  facet normal 0 -1 -0
    outer loop
      vertex -55 -30 6.25
      vertex -83 -30 1.6
      vertex -55 -30 1.6
    endloop
  endfacet
  facet normal 0 -1 -0
    outer loop
      vertex -7 -30 7.25
      vertex -55 -30 6.25
      vertex -7 -30 6.25
    endloop
  endfacet
  facet normal -1 0 0
    outer loop
      vertex -10 -27 3.75
      vertex -10 13 7.25
      vertex -10 13 3.75
    endloop
  endfacet
  facet normal -1 -0 0
    outer loop
      vertex -10 13 7.25
      vertex -10 -27 3.75
      vertex -10 -27 7.25
    endloop
  endfacet
  facet normal -0 0 1
    outer loop
      vertex -80 13 3.75
      vertex -10 -27 3.75
      vertex -10 13 3.75
    endloop
  endfacet
  facet normal 0 0 1
    outer loop
      vertex -10 -27 3.75
      vertex -80 13 3.75
      vertex -80 -27 3.75
    endloop
  endfacet
  facet normal 1 -0 0
    outer loop
      vertex -80 -27 7.25
      vertex -80 13 3.75
      vertex -80 13 7.25
    endloop
  endfacet
  facet normal 1 0 0
    outer loop
      vertex -80 13 3.75
      vertex -80 -27 7.25
      vertex -80 -27 3.75
    endloop
  endfacet
  facet normal 0 -1 0
    outer loop
      vertex -80 13 3.75
      vertex -10 13 7.25
      vertex -80 13 7.25
    endloop
  endfacet
  facet normal 0 -1 -0
    outer loop
      vertex -10 13 7.25
      vertex -80 13 3.75
      vertex -10 13 3.75
    endloop
  endfacet
  facet normal 0 1 -0
    outer loop
      vertex -10 -27 3.75
      vertex -80 -27 7.25
      vertex -10 -27 7.25
    endloop
  endfacet
  facet normal 0 1 0
    outer loop
      vertex -80 -27 7.25
      vertex -10 -27 3.75
      vertex -80 -27 3.75
    endloop
  endfacet
  facet normal 1 -0 0
    outer loop
      vertex -67 -59 6.25
      vertex -67 -31 1.6
      vertex -67 -31 6.25
    endloop
  endfacet
  facet normal 1 0 0
    outer loop
      vertex -67 -31 1.6
      vertex -67 -59 6.25
      vertex -67 -59 1.6
    endloop
  endfacet
  facet normal 0 0 1
    outer loop
      vertex -67 -31 6.25
      vertex -70 -34 6.25
      vertex -67 -59 6.25
    endloop
  endfacet
  facet normal 0 0 1
    outer loop
      vertex -67 -31 6.25
      vertex -102 -34 6.25
      vertex -70 -34 6.25
    endloop
  endfacet
  facet normal 0 0 1
    outer loop
      vertex -102 -34 6.25
      vertex -105 -31 6.25
      vertex -102 -56 6.25
    endloop
  endfacet
  facet normal -0 0 1
    outer loop
      vertex -105 -31 6.25
      vertex -102 -34 6.25
      vertex -67 -31 6.25
    endloop
  endfacet
  facet normal -0 0 1
    outer loop
      vertex -70 -56 6.25
      vertex -67 -59 6.25
      vertex -70 -34 6.25
    endloop
  endfacet
  facet normal -0 0 1
    outer loop
      vertex -102 -56 6.25
      vertex -67 -59 6.25
      vertex -70 -56 6.25
    endloop
  endfacet
  facet normal 0 0 1
    outer loop
      vertex -102 -56 6.25
      vertex -105 -59 6.25
      vertex -67 -59 6.25
    endloop
  endfacet
  facet normal 0 0 1
    outer loop
      vertex -105 -59 6.25
      vertex -102 -56 6.25
      vertex -105 -31 6.25
    endloop
  endfacet
  facet normal -1 0 0
    outer loop
      vertex -105 60 -1.6
      vertex -105 -31 1.6
      vertex -105 60 1.6
    endloop
  endfacet
  facet normal -1 0 0
    outer loop
      vertex -105 -31 1.6
      vertex -105 -59 1.6
      vertex -105 -31 6.25
    endloop
  endfacet
  facet normal -1 0 0
    outer loop
      vertex -105 -60 -1.6
      vertex -105 -31 1.6
      vertex -105 60 -1.6
    endloop
  endfacet
  facet normal -1 -0 0
    outer loop
      vertex -105 -31 1.6
      vertex -105 -60 -1.6
      vertex -105 -59 1.6
    endloop
  endfacet
  facet normal -1 -0 0
    outer loop
      vertex -105 -59 1.6
      vertex -105 -60 -1.6
      vertex -105 -60 1.6
    endloop
  endfacet
  facet normal -1 -0 0
    outer loop
      vertex -105 -31 6.25
      vertex -105 -59 1.6
      vertex -105 -59 6.25
    endloop
  endfacet
  facet normal 0 1 -0
    outer loop
      vertex -67 -31 1.6
      vertex -105 -31 6.25
      vertex -67 -31 6.25
    endloop
  endfacet
  facet normal 0 1 0
    outer loop
      vertex -105 -31 6.25
      vertex -67 -31 1.6
      vertex -105 -31 1.6
    endloop
  endfacet
  facet normal 0 -1 0
    outer loop
      vertex -105 -59 1.6
      vertex -67 -59 6.25
      vertex -105 -59 6.25
    endloop
  endfacet
  facet normal 0 -1 -0
    outer loop
      vertex -67 -59 6.25
      vertex -105 -59 1.6
      vertex -67 -59 1.6
    endloop
  endfacet
  facet normal -1 0 0
    outer loop
      vertex -70 -56 3.75
      vertex -70 -34 6.25
      vertex -70 -34 3.75
    endloop
  endfacet
  facet normal -1 -0 0
    outer loop
      vertex -70 -34 6.25
      vertex -70 -56 3.75
      vertex -70 -56 6.25
    endloop
  endfacet
  facet normal -0 0 1
    outer loop
      vertex -102 -34 3.75
      vertex -100 -37 3.75
      vertex -100 -34 3.75
    endloop
  endfacet
  facet normal 0 0 1
    outer loop
      vertex -100 -37 3.75
      vertex -102 -34 3.75
      vertex -100 -53 3.75
    endloop
  endfacet
  facet normal 0 0 1
    outer loop
      vertex -102 -56 3.75
      vertex -100 -53 3.75
      vertex -102 -34 3.75
    endloop
  endfacet
  facet normal 0 0 1
    outer loop
      vertex -100 -53 3.75
      vertex -102 -56 3.75
      vertex -100 -56 3.75
    endloop
  endfacet
  facet normal -0 0 1
    outer loop
      vertex -100 -37 3.75
      vertex -72 -53 3.75
      vertex -72 -37 3.75
    endloop
  endfacet
  facet normal 0 0 1
    outer loop
      vertex -72 -53 3.75
      vertex -100 -37 3.75
      vertex -100 -53 3.75
    endloop
  endfacet
  facet normal 0 0 1
    outer loop
      vertex -72 -37 3.75
      vertex -70 -34 3.75
      vertex -72 -34 3.75
    endloop
  endfacet
  facet normal 0 0 1
    outer loop
      vertex -70 -34 3.75
      vertex -72 -37 3.75
      vertex -70 -56 3.75
    endloop
  endfacet
  facet normal -0 0 1
    outer loop
      vertex -72 -53 3.75
      vertex -70 -56 3.75
      vertex -72 -37 3.75
    endloop
  endfacet
  facet normal 0 0 1
    outer loop
      vertex -70 -56 3.75
      vertex -72 -53 3.75
      vertex -72 -56 3.75
    endloop
  endfacet
  facet normal 1 -0 0
    outer loop
      vertex -102 -56 6.25
      vertex -102 -34 3.75
      vertex -102 -34 6.25
    endloop
  endfacet
  facet normal 1 0 0
    outer loop
      vertex -102 -34 3.75
      vertex -102 -56 6.25
      vertex -102 -56 3.75
    endloop
  endfacet
  facet normal 0 -1 0
    outer loop
      vertex -102 -34 6.25
      vertex -100 -34 6.15
      vertex -70 -34 6.25
    endloop
  endfacet
  facet normal 0 -1 0
    outer loop
      vertex -102 -34 3.75
      vertex -100 -34 6.15
      vertex -102 -34 6.25
    endloop
  endfacet
  facet normal 0 -1 -0
    outer loop
      vertex -100 -34 6.15
      vertex -102 -34 3.75
      vertex -100 -34 3.75
    endloop
  endfacet
  facet normal 0 -1 0
    outer loop
      vertex -72 -34 6.15
      vertex -70 -34 6.25
      vertex -100 -34 6.15
    endloop
  endfacet
  facet normal 0 -1 0
    outer loop
      vertex -70 -34 3.75
      vertex -72 -34 6.15
      vertex -72 -34 3.75
    endloop
  endfacet
  facet normal 0 -1 0
    outer loop
      vertex -72 -34 6.15
      vertex -70 -34 3.75
      vertex -70 -34 6.25
    endloop
  endfacet
  facet normal 0 1 0
    outer loop
      vertex -70 -56 6.25
      vertex -72 -56 6.15
      vertex -102 -56 6.25
    endloop
  endfacet
  facet normal 0 1 -0
    outer loop
      vertex -70 -56 3.75
      vertex -72 -56 6.15
      vertex -70 -56 6.25
    endloop
  endfacet
  facet normal 0 1 0
    outer loop
      vertex -72 -56 6.15
      vertex -70 -56 3.75
      vertex -72 -56 3.75
    endloop
  endfacet
  facet normal 0 1 -0
    outer loop
      vertex -100 -56 6.15
      vertex -102 -56 6.25
      vertex -72 -56 6.15
    endloop
  endfacet
  facet normal 0 1 0
    outer loop
      vertex -102 -56 3.75
      vertex -100 -56 6.15
      vertex -100 -56 3.75
    endloop
  endfacet
  facet normal 0 1 0
    outer loop
      vertex -100 -56 6.15
      vertex -102 -56 3.75
      vertex -102 -56 6.25
    endloop
  endfacet
  facet normal 1 -0 0
    outer loop
      vertex -72 -56 6.15
      vertex -72 -53 3.75
      vertex -72 -53 6.15
    endloop
  endfacet
  facet normal 1 0 0
    outer loop
      vertex -72 -53 3.75
      vertex -72 -56 6.15
      vertex -72 -56 3.75
    endloop
  endfacet
  facet normal -0 0 1
    outer loop
      vertex -100 -53 6.15
      vertex -72 -56 6.15
      vertex -72 -53 6.15
    endloop
  endfacet
  facet normal 0 0 1
    outer loop
      vertex -72 -56 6.15
      vertex -100 -53 6.15
      vertex -100 -56 6.15
    endloop
  endfacet
  facet normal -1 0 0
    outer loop
      vertex -100 -56 3.75
      vertex -100 -53 6.15
      vertex -100 -53 3.75
    endloop
  endfacet
  facet normal -1 -0 0
    outer loop
      vertex -100 -53 6.15
      vertex -100 -56 3.75
      vertex -100 -56 6.15
    endloop
  endfacet
  facet normal 0 1 -0
    outer loop
      vertex -72 -53 3.75
      vertex -100 -53 6.15
      vertex -72 -53 6.15
    endloop
  endfacet
  facet normal 0 1 0
    outer loop
      vertex -100 -53 6.15
      vertex -72 -53 3.75
      vertex -100 -53 3.75
    endloop
  endfacet
  facet normal 1 -0 0
    outer loop
      vertex -72 -37 6.15
      vertex -72 -34 3.75
      vertex -72 -34 6.15
    endloop
  endfacet
  facet normal 1 0 0
    outer loop
      vertex -72 -34 3.75
      vertex -72 -37 6.15
      vertex -72 -37 3.75
    endloop
  endfacet
  facet normal -0 0 1
    outer loop
      vertex -100 -34 6.15
      vertex -72 -37 6.15
      vertex -72 -34 6.15
    endloop
  endfacet
  facet normal 0 0 1
    outer loop
      vertex -72 -37 6.15
      vertex -100 -34 6.15
      vertex -100 -37 6.15
    endloop
  endfacet
  facet normal -1 0 0
    outer loop
      vertex -100 -37 3.75
      vertex -100 -34 6.15
      vertex -100 -34 3.75
    endloop
  endfacet
  facet normal -1 -0 0
    outer loop
      vertex -100 -34 6.15
      vertex -100 -37 3.75
      vertex -100 -37 6.15
    endloop
  endfacet
  facet normal 0 -1 0
    outer loop
      vertex -100 -37 3.75
      vertex -72 -37 6.15
      vertex -100 -37 6.15
    endloop
  endfacet
  facet normal 0 -1 -0
    outer loop
      vertex -72 -37 6.15
      vertex -100 -37 3.75
      vertex -72 -37 3.75
    endloop
  endfacet
  facet normal 0 0 1
    outer loop
      vertex 36.5 -35 6.25
      vertex 24 -38 6.25
      vertex 36.5 -38 6.25
    endloop
  endfacet
  facet normal 0 0 1
    outer loop
      vertex 18 -34.5 6.25
      vertex 24 -38 6.25
      vertex 21 -35 6.25
    endloop
  endfacet
  facet normal -0 0 1
    outer loop
      vertex 21 -35 6.25
      vertex 24 -38 6.25
      vertex 36.5 -35 6.25
    endloop
  endfacet
  facet normal -0 0 1
    outer loop
      vertex 24 -52 6.25
      vertex 36.5 -55 6.25
      vertex 36.5 -52 6.25
    endloop
  endfacet
  facet normal 0 0 1
    outer loop
      vertex 24 -52 6.25
      vertex 21 -55 6.25
      vertex 36.5 -55 6.25
    endloop
  endfacet
  facet normal 0 0 1
    outer loop
      vertex 24 -38 6.25
      vertex 18 -34.5 6.25
      vertex 24 -52 6.25
    endloop
  endfacet
  facet normal 0 0 1
    outer loop
      vertex -10 -33 6.25
      vertex -7 -31.5 6.25
      vertex -7 -30 6.25
    endloop
  endfacet
  facet normal 0 0 1
    outer loop
      vertex -7 -31.5 6.25
      vertex -10 -33 6.25
      vertex -7 -58.5 6.25
    endloop
  endfacet
  facet normal -0 0 1
    outer loop
      vertex -10 -57 6.25
      vertex -7 -58.5 6.25
      vertex -10 -33 6.25
    endloop
  endfacet
  facet normal 0 0 1
    outer loop
      vertex -7 -30 6.25
      vertex -52 -33 6.25
      vertex -10 -33 6.25
    endloop
  endfacet
  facet normal 0 0 1
    outer loop
      vertex -52 -33 6.25
      vertex -55 -30 6.25
      vertex -52 -57 6.25
    endloop
  endfacet
  facet normal -0 0 1
    outer loop
      vertex -55 -30 6.25
      vertex -52 -33 6.25
      vertex -7 -30 6.25
    endloop
  endfacet
  facet normal 0 0 1
    outer loop
      vertex -7 -58.5 6.25
      vertex -10 -57 6.25
      vertex -7 -60 6.25
    endloop
  endfacet
  facet normal -0 0 1
    outer loop
      vertex -52 -57 6.25
      vertex -7 -60 6.25
      vertex -10 -57 6.25
    endloop
  endfacet
  facet normal 0 0 1
    outer loop
      vertex -52 -57 6.25
      vertex -55 -60 6.25
      vertex -7 -60 6.25
    endloop
  endfacet
  facet normal 0 0 1
    outer loop
      vertex -55 -60 6.25
      vertex -52 -57 6.25
      vertex -55 -30 6.25
    endloop
  endfacet
  facet normal -0 0 1
    outer loop
      vertex 18 -34.5 6.25
      vertex 21 -35 6.25
      vertex 21 -31.5 6.25
    endloop
  endfacet
  facet normal 0 0 1
    outer loop
      vertex 18 -55.5 6.25
      vertex 24 -52 6.25
      vertex 18 -34.5 6.25
    endloop
  endfacet
  facet normal 0 0 1
    outer loop
      vertex 24 -52 6.25
      vertex 18 -55.5 6.25
      vertex 21 -55 6.25
    endloop
  endfacet
  facet normal 0 0 1
    outer loop
      vertex 21 -31.5 6.25
      vertex -4 -34.5 6.25
      vertex 18 -34.5 6.25
    endloop
  endfacet
  facet normal 0 0 1
    outer loop
      vertex -4 -34.5 6.25
      vertex -7 -31.5 6.25
      vertex -4 -55.5 6.25
    endloop
  endfacet
  facet normal -0 0 1
    outer loop
      vertex -7 -31.5 6.25
      vertex -4 -34.5 6.25
      vertex 21 -31.5 6.25
    endloop
  endfacet
  facet normal 0 0 1
    outer loop
      vertex 21 -55 6.25
      vertex 18 -55.5 6.25
      vertex 21 -58.5 6.25
    endloop
  endfacet
  facet normal -0 0 1
    outer loop
      vertex -4 -55.5 6.25
      vertex 21 -58.5 6.25
      vertex 18 -55.5 6.25
    endloop
  endfacet
  facet normal 0 0 1
    outer loop
      vertex -4 -55.5 6.25
      vertex -7 -58.5 6.25
      vertex 21 -58.5 6.25
    endloop
  endfacet
  facet normal 0 0 1
    outer loop
      vertex -7 -58.5 6.25
      vertex -4 -55.5 6.25
      vertex -7 -31.5 6.25
    endloop
  endfacet
  facet normal 0 0 1
    outer loop
      vertex 64.5 -33.5 6.25
      vertex 48 -36.5 6.25
      vertex 64.5 -36.5 6.25
    endloop
  endfacet
  facet normal -0 0 1
    outer loop
      vertex 45 -35 6.25
      vertex 48 -36.5 6.25
      vertex 45 -33.5 6.25
    endloop
  endfacet
  facet normal -0 0 1
    outer loop
      vertex 45 -33.5 6.25
      vertex 48 -36.5 6.25
      vertex 64.5 -33.5 6.25
    endloop
  endfacet
  facet normal -0 0 1
    outer loop
      vertex 48 -53.5 6.25
      vertex 64.5 -56.5 6.25
      vertex 64.5 -53.5 6.25
    endloop
  endfacet
  facet normal 0 0 1
    outer loop
      vertex 42 -38 6.25
      vertex 48 -36.5 6.25
      vertex 45 -35 6.25
    endloop
  endfacet
  facet normal 0 0 1
    outer loop
      vertex 48 -36.5 6.25
      vertex 42 -38 6.25
      vertex 48 -53.5 6.25
    endloop
  endfacet
  facet normal 0 0 1
    outer loop
      vertex 45 -56.5 6.25
      vertex 48 -53.5 6.25
      vertex 45 -55 6.25
    endloop
  endfacet
  facet normal 0 0 1
    outer loop
      vertex 48 -53.5 6.25
      vertex 45 -56.5 6.25
      vertex 64.5 -56.5 6.25
    endloop
  endfacet
  facet normal -0 0 1
    outer loop
      vertex 42 -52 6.25
      vertex 48 -53.5 6.25
      vertex 42 -38 6.25
    endloop
  endfacet
  facet normal -0 0 1
    outer loop
      vertex 39.5 -35 6.25
      vertex 42 -38 6.25
      vertex 45 -35 6.25
    endloop
  endfacet
  facet normal 0 0 1
    outer loop
      vertex 42 -38 6.25
      vertex 39.5 -35 6.25
      vertex 39.5 -38 6.25
    endloop
  endfacet
  facet normal 0 0 1
    outer loop
      vertex 48 -53.5 6.25
      vertex 42 -52 6.25
      vertex 45 -55 6.25
    endloop
  endfacet
  facet normal 0 0 1
    outer loop
      vertex 39.5 -55 6.25
      vertex 42 -52 6.25
      vertex 39.5 -52 6.25
    endloop
  endfacet
  facet normal 0 0 1
    outer loop
      vertex 42 -52 6.25
      vertex 39.5 -55 6.25
      vertex 45 -55 6.25
    endloop
  endfacet
  facet normal 0 0 1
    outer loop
      vertex 73 -33.5 6.25
      vertex 70 -36.5 6.25
      vertex 73 -56.5 6.25
    endloop
  endfacet
  facet normal -0 0 1
    outer loop
      vertex 67.5 -33.5 6.25
      vertex 70 -36.5 6.25
      vertex 73 -33.5 6.25
    endloop
  endfacet
  facet normal 0 0 1
    outer loop
      vertex 70 -36.5 6.25
      vertex 67.5 -33.5 6.25
      vertex 67.5 -36.5 6.25
    endloop
  endfacet
  facet normal -0 0 1
    outer loop
      vertex 70 -53.5 6.25
      vertex 73 -56.5 6.25
      vertex 70 -36.5 6.25
    endloop
  endfacet
  facet normal 0 0 1
    outer loop
      vertex 67.5 -56.5 6.25
      vertex 70 -53.5 6.25
      vertex 67.5 -53.5 6.25
    endloop
  endfacet
  facet normal 0 0 1
    outer loop
      vertex 70 -53.5 6.25
      vertex 67.5 -56.5 6.25
      vertex 73 -56.5 6.25
    endloop
  endfacet
  facet normal -1 0 0
    outer loop
      vertex -55 -60 1.6
      vertex -55 -30 6.25
      vertex -55 -30 1.6
    endloop
  endfacet
  facet normal -1 -0 0
    outer loop
      vertex -55 -30 6.25
      vertex -55 -60 1.6
      vertex -55 -60 6.25
    endloop
  endfacet
  facet normal 0 -1 0
    outer loop
      vertex -105 -60 -1.6
      vertex -55 -60 1.6
      vertex -105 -60 1.6
    endloop
  endfacet
  facet normal 0 -1 -0
    outer loop
      vertex -55 -60 1.6
      vertex -105 -60 -1.6
      vertex -7 -60 1.6
    endloop
  endfacet
  facet normal 0 -1 0
    outer loop
      vertex 105 -60 -1.6
      vertex -7 -60 1.6
      vertex -105 -60 -1.6
    endloop
  endfacet
  facet normal 0 -1 0
    outer loop
      vertex -7 -60 1.6
      vertex 105 -60 -1.6
      vertex 105 -60 1.6
    endloop
  endfacet
  facet normal 0 -1 0
    outer loop
      vertex -55 -60 1.6
      vertex -7 -60 6.25
      vertex -55 -60 6.25
    endloop
  endfacet
  facet normal 0 -1 -0
    outer loop
      vertex -7 -60 6.25
      vertex -55 -60 1.6
      vertex -7 -60 1.6
    endloop
  endfacet
  facet normal -1 0 0
    outer loop
      vertex -10 -57 3.75
      vertex -10 -33 6.25
      vertex -10 -33 3.75
    endloop
  endfacet
  facet normal -1 -0 0
    outer loop
      vertex -10 -33 6.25
      vertex -10 -57 3.75
      vertex -10 -57 6.25
    endloop
  endfacet
  facet normal -0 0 1
    outer loop
      vertex -52 -33 3.75
      vertex -50 -36 3.75
      vertex -50 -33 3.75
    endloop
  endfacet
  facet normal 0 0 1
    outer loop
      vertex -50 -36 3.75
      vertex -52 -33 3.75
      vertex -50 -54 3.75
    endloop
  endfacet
  facet normal 0 0 1
    outer loop
      vertex -52 -57 3.75
      vertex -50 -54 3.75
      vertex -52 -33 3.75
    endloop
  endfacet
  facet normal 0 0 1
    outer loop
      vertex -50 -54 3.75
      vertex -52 -57 3.75
      vertex -50 -57 3.75
    endloop
  endfacet
  facet normal -0 0 1
    outer loop
      vertex -50 -36 3.75
      vertex -12 -54 3.75
      vertex -12 -36 3.75
    endloop
  endfacet
  facet normal 0 0 1
    outer loop
      vertex -12 -54 3.75
      vertex -50 -36 3.75
      vertex -50 -54 3.75
    endloop
  endfacet
  facet normal 0 0 1
    outer loop
      vertex -12 -36 3.75
      vertex -10 -33 3.75
      vertex -12 -33 3.75
    endloop
  endfacet
  facet normal 0 0 1
    outer loop
      vertex -10 -33 3.75
      vertex -12 -36 3.75
      vertex -10 -57 3.75
    endloop
  endfacet
  facet normal -0 0 1
    outer loop
      vertex -12 -54 3.75
      vertex -10 -57 3.75
      vertex -12 -36 3.75
    endloop
  endfacet
  facet normal 0 0 1
    outer loop
      vertex -10 -57 3.75
      vertex -12 -54 3.75
      vertex -12 -57 3.75
    endloop
  endfacet
  facet normal 1 -0 0
    outer loop
      vertex -52 -57 6.25
      vertex -52 -33 3.75
      vertex -52 -33 6.25
    endloop
  endfacet
  facet normal 1 0 0
    outer loop
      vertex -52 -33 3.75
      vertex -52 -57 6.25
      vertex -52 -57 3.75
    endloop
  endfacet
  facet normal 0 -1 0
    outer loop
      vertex -52 -33 6.25
      vertex -50 -33 6.15
      vertex -10 -33 6.25
    endloop
  endfacet
  facet normal 0 -1 0
    outer loop
      vertex -52 -33 3.75
      vertex -50 -33 6.15
      vertex -52 -33 6.25
    endloop
  endfacet
  facet normal 0 -1 -0
    outer loop
      vertex -50 -33 6.15
      vertex -52 -33 3.75
      vertex -50 -33 3.75
    endloop
  endfacet
  facet normal 0 -1 0
    outer loop
      vertex -12 -33 6.15
      vertex -10 -33 6.25
      vertex -50 -33 6.15
    endloop
  endfacet
  facet normal 0 -1 0
    outer loop
      vertex -10 -33 3.75
      vertex -12 -33 6.15
      vertex -12 -33 3.75
    endloop
  endfacet
  facet normal 0 -1 0
    outer loop
      vertex -12 -33 6.15
      vertex -10 -33 3.75
      vertex -10 -33 6.25
    endloop
  endfacet
  facet normal 0 1 0
    outer loop
      vertex -10 -57 6.25
      vertex -12 -57 6.15
      vertex -52 -57 6.25
    endloop
  endfacet
  facet normal 0 1 -0
    outer loop
      vertex -10 -57 3.75
      vertex -12 -57 6.15
      vertex -10 -57 6.25
    endloop
  endfacet
  facet normal 0 1 0
    outer loop
      vertex -12 -57 6.15
      vertex -10 -57 3.75
      vertex -12 -57 3.75
    endloop
  endfacet
  facet normal 0 1 -0
    outer loop
      vertex -50 -57 6.15
      vertex -52 -57 6.25
      vertex -12 -57 6.15
    endloop
  endfacet
  facet normal 0 1 0
    outer loop
      vertex -52 -57 3.75
      vertex -50 -57 6.15
      vertex -50 -57 3.75
    endloop
  endfacet
  facet normal 0 1 0
    outer loop
      vertex -50 -57 6.15
      vertex -52 -57 3.75
      vertex -52 -57 6.25
    endloop
  endfacet
  facet normal 1 -0 0
    outer loop
      vertex -12 -57 6.15
      vertex -12 -54 3.75
      vertex -12 -54 6.15
    endloop
  endfacet
  facet normal 1 0 0
    outer loop
      vertex -12 -54 3.75
      vertex -12 -57 6.15
      vertex -12 -57 3.75
    endloop
  endfacet
  facet normal -0 0 1
    outer loop
      vertex -50 -54 6.15
      vertex -12 -57 6.15
      vertex -12 -54 6.15
    endloop
  endfacet
  facet normal 0 0 1
    outer loop
      vertex -12 -57 6.15
      vertex -50 -54 6.15
      vertex -50 -57 6.15
    endloop
  endfacet
  facet normal -1 0 0
    outer loop
      vertex -50 -57 3.75
      vertex -50 -54 6.15
      vertex -50 -54 3.75
    endloop
  endfacet
  facet normal -1 -0 0
    outer loop
      vertex -50 -54 6.15
      vertex -50 -57 3.75
      vertex -50 -57 6.15
    endloop
  endfacet
  facet normal 0 1 -0
    outer loop
      vertex -12 -54 3.75
      vertex -50 -54 6.15
      vertex -12 -54 6.15
    endloop
  endfacet
  facet normal 0 1 0
    outer loop
      vertex -50 -54 6.15
      vertex -12 -54 3.75
      vertex -50 -54 3.75
    endloop
  endfacet
  facet normal 1 -0 0
    outer loop
      vertex -12 -36 6.15
      vertex -12 -33 3.75
      vertex -12 -33 6.15
    endloop
  endfacet
  facet normal 1 0 0
    outer loop
      vertex -12 -33 3.75
      vertex -12 -36 6.15
      vertex -12 -36 3.75
    endloop
  endfacet
  facet normal -0 0 1
    outer loop
      vertex -50 -33 6.15
      vertex -12 -36 6.15
      vertex -12 -33 6.15
    endloop
  endfacet
  facet normal 0 0 1
    outer loop
      vertex -12 -36 6.15
      vertex -50 -33 6.15
      vertex -50 -36 6.15
    endloop
  endfacet
  facet normal -1 0 0
    outer loop
      vertex -50 -36 3.75
      vertex -50 -33 6.15
      vertex -50 -33 3.75
    endloop
  endfacet
  facet normal -1 -0 0
    outer loop
      vertex -50 -33 6.15
      vertex -50 -36 3.75
      vertex -50 -36 6.15
    endloop
  endfacet
  facet normal 0 -1 0
    outer loop
      vertex -50 -36 3.75
      vertex -12 -36 6.15
      vertex -50 -36 6.15
    endloop
  endfacet
  facet normal 0 -1 -0
    outer loop
      vertex -12 -36 6.15
      vertex -50 -36 3.75
      vertex -12 -36 3.75
    endloop
  endfacet
  facet normal 1 -0 0
    outer loop
      vertex 21 -35 6.25
      vertex 21 -31.5 1.6
      vertex 21 -31.5 6.25
    endloop
  endfacet
  facet normal 1 0 0
    outer loop
      vertex 21 -31.5 1.6
      vertex 21 -35 6.25
      vertex 21 -35 1.6
    endloop
  endfacet
  facet normal 1 -0 0
    outer loop
      vertex 21 -58.5 6.25
      vertex 21 -55 1.6
      vertex 21 -55 6.25
    endloop
  endfacet
  facet normal 1 0 0
    outer loop
      vertex 21 -55 1.6
      vertex 21 -58.5 6.25
      vertex 21 -58.5 1.6
    endloop
  endfacet
  facet normal 0 1 -0
    outer loop
      vertex 21 -31.5 1.6
      vertex -7 -31.5 6.25
      vertex 21 -31.5 6.25
    endloop
  endfacet
  facet normal 0 1 0
    outer loop
      vertex -7 -31.5 6.25
      vertex 21 -31.5 1.6
      vertex -7 -31.5 1.6
    endloop
  endfacet
  facet normal 0 -1 0
    outer loop
      vertex -7 -58.5 1.6
      vertex 21 -58.5 6.25
      vertex -7 -58.5 6.25
    endloop
  endfacet
  facet normal 0 -1 -0
    outer loop
      vertex 21 -58.5 6.25
      vertex -7 -58.5 1.6
      vertex 21 -58.5 1.6
    endloop
  endfacet
  facet normal -1 0 0
    outer loop
      vertex 18 -55.5 3.75
      vertex 18 -34.5 6.25
      vertex 18 -34.5 3.75
    endloop
  endfacet
  facet normal -1 -0 0
    outer loop
      vertex 18 -34.5 6.25
      vertex 18 -55.5 3.75
      vertex 18 -55.5 6.25
    endloop
  endfacet
  facet normal -0 0 1
    outer loop
      vertex -4 -34.5 3.75
      vertex -2 -37.5 3.75
      vertex -2 -34.5 3.75
    endloop
  endfacet
  facet normal 0 0 1
    outer loop
      vertex -2 -37.5 3.75
      vertex -4 -34.5 3.75
      vertex -2 -52.5 3.75
    endloop
  endfacet
  facet normal 0 0 1
    outer loop
      vertex -4 -55.5 3.75
      vertex -2 -52.5 3.75
      vertex -4 -34.5 3.75
    endloop
  endfacet
  facet normal 0 0 1
    outer loop
      vertex -2 -52.5 3.75
      vertex -4 -55.5 3.75
      vertex -2 -55.5 3.75
    endloop
  endfacet
  facet normal -0 0 1
    outer loop
      vertex -2 -37.5 3.75
      vertex 16 -52.5 3.75
      vertex 16 -37.5 3.75
    endloop
  endfacet
  facet normal 0 0 1
    outer loop
      vertex 16 -52.5 3.75
      vertex -2 -37.5 3.75
      vertex -2 -52.5 3.75
    endloop
  endfacet
  facet normal 0 0 1
    outer loop
      vertex 16 -37.5 3.75
      vertex 18 -34.5 3.75
      vertex 16 -34.5 3.75
    endloop
  endfacet
  facet normal 0 0 1
    outer loop
      vertex 18 -34.5 3.75
      vertex 16 -37.5 3.75
      vertex 18 -55.5 3.75
    endloop
  endfacet
  facet normal -0 0 1
    outer loop
      vertex 16 -52.5 3.75
      vertex 18 -55.5 3.75
      vertex 16 -37.5 3.75
    endloop
  endfacet
  facet normal 0 0 1
    outer loop
      vertex 18 -55.5 3.75
      vertex 16 -52.5 3.75
      vertex 16 -55.5 3.75
    endloop
  endfacet
  facet normal 1 -0 0
    outer loop
      vertex -4 -55.5 6.25
      vertex -4 -34.5 3.75
      vertex -4 -34.5 6.25
    endloop
  endfacet
  facet normal 1 0 0
    outer loop
      vertex -4 -34.5 3.75
      vertex -4 -55.5 6.25
      vertex -4 -55.5 3.75
    endloop
  endfacet
  facet normal 0 -1 0
    outer loop
      vertex -4 -34.5 6.25
      vertex -2 -34.5 6.15
      vertex 18 -34.5 6.25
    endloop
  endfacet
  facet normal 0 -1 0
    outer loop
      vertex -4 -34.5 3.75
      vertex -2 -34.5 6.15
      vertex -4 -34.5 6.25
    endloop
  endfacet
  facet normal 0 -1 -0
    outer loop
      vertex -2 -34.5 6.15
      vertex -4 -34.5 3.75
      vertex -2 -34.5 3.75
    endloop
  endfacet
  facet normal 0 -1 0
    outer loop
      vertex 16 -34.5 6.15
      vertex 18 -34.5 6.25
      vertex -2 -34.5 6.15
    endloop
  endfacet
  facet normal 0 -1 0
    outer loop
      vertex 18 -34.5 3.75
      vertex 16 -34.5 6.15
      vertex 16 -34.5 3.75
    endloop
  endfacet
  facet normal 0 -1 0
    outer loop
      vertex 16 -34.5 6.15
      vertex 18 -34.5 3.75
      vertex 18 -34.5 6.25
    endloop
  endfacet
  facet normal 0 1 0
    outer loop
      vertex 18 -55.5 6.25
      vertex 16 -55.5 6.15
      vertex -4 -55.5 6.25
    endloop
  endfacet
  facet normal 0 1 -0
    outer loop
      vertex 18 -55.5 3.75
      vertex 16 -55.5 6.15
      vertex 18 -55.5 6.25
    endloop
  endfacet
  facet normal 0 1 0
    outer loop
      vertex 16 -55.5 6.15
      vertex 18 -55.5 3.75
      vertex 16 -55.5 3.75
    endloop
  endfacet
  facet normal 0 1 -0
    outer loop
      vertex -2 -55.5 6.15
      vertex -4 -55.5 6.25
      vertex 16 -55.5 6.15
    endloop
  endfacet
  facet normal 0 1 0
    outer loop
      vertex -4 -55.5 3.75
      vertex -2 -55.5 6.15
      vertex -2 -55.5 3.75
    endloop
  endfacet
  facet normal 0 1 0
    outer loop
      vertex -2 -55.5 6.15
      vertex -4 -55.5 3.75
      vertex -4 -55.5 6.25
    endloop
  endfacet
  facet normal 1 -0 0
    outer loop
      vertex 16 -55.5 6.15
      vertex 16 -52.5 3.75
      vertex 16 -52.5 6.15
    endloop
  endfacet
  facet normal 1 0 0
    outer loop
      vertex 16 -52.5 3.75
      vertex 16 -55.5 6.15
      vertex 16 -55.5 3.75
    endloop
  endfacet
  facet normal -0 0 1
    outer loop
      vertex -2 -52.5 6.15
      vertex 16 -55.5 6.15
      vertex 16 -52.5 6.15
    endloop
  endfacet
  facet normal 0 0 1
    outer loop
      vertex 16 -55.5 6.15
      vertex -2 -52.5 6.15
      vertex -2 -55.5 6.15
    endloop
  endfacet
  facet normal -1 0 0
    outer loop
      vertex -2 -55.5 3.75
      vertex -2 -52.5 6.15
      vertex -2 -52.5 3.75
    endloop
  endfacet
  facet normal -1 -0 0
    outer loop
      vertex -2 -52.5 6.15
      vertex -2 -55.5 3.75
      vertex -2 -55.5 6.15
    endloop
  endfacet
  facet normal 0 1 -0
    outer loop
      vertex 16 -52.5 3.75
      vertex -2 -52.5 6.15
      vertex 16 -52.5 6.15
    endloop
  endfacet
  facet normal 0 1 0
    outer loop
      vertex -2 -52.5 6.15
      vertex 16 -52.5 3.75
      vertex -2 -52.5 3.75
    endloop
  endfacet
  facet normal 1 -0 0
    outer loop
      vertex 16 -37.5 6.15
      vertex 16 -34.5 3.75
      vertex 16 -34.5 6.15
    endloop
  endfacet
  facet normal 1 0 0
    outer loop
      vertex 16 -34.5 3.75
      vertex 16 -37.5 6.15
      vertex 16 -37.5 3.75
    endloop
  endfacet
  facet normal -0 0 1
    outer loop
      vertex -2 -34.5 6.15
      vertex 16 -37.5 6.15
      vertex 16 -34.5 6.15
    endloop
  endfacet
  facet normal 0 0 1
    outer loop
      vertex 16 -37.5 6.15
      vertex -2 -34.5 6.15
      vertex -2 -37.5 6.15
    endloop
  endfacet
  facet normal -1 0 0
    outer loop
      vertex -2 -37.5 3.75
      vertex -2 -34.5 6.15
      vertex -2 -34.5 3.75
    endloop
  endfacet
  facet normal -1 -0 0
    outer loop
      vertex -2 -34.5 6.15
      vertex -2 -37.5 3.75
      vertex -2 -37.5 6.15
    endloop
  endfacet
  facet normal 0 -1 0
    outer loop
      vertex -2 -37.5 3.75
      vertex 16 -37.5 6.15
      vertex -2 -37.5 6.15
    endloop
  endfacet
  facet normal 0 -1 -0
    outer loop
      vertex 16 -37.5 6.15
      vertex -2 -37.5 3.75
      vertex 16 -37.5 3.75
    endloop
  endfacet
  facet normal -1 0 0
    outer loop
      vertex 45 -35 3.85
      vertex 45 -33.5 6.25
      vertex 45 -33.5 3.85
    endloop
  endfacet
  facet normal -1 -0 0
    outer loop
      vertex 45 -33.5 6.25
      vertex 45 -35 3.85
      vertex 45 -35 6.25
    endloop
  endfacet
  facet normal -1 0 0
    outer loop
      vertex 45 -56.5 3.85
      vertex 45 -55 6.25
      vertex 45 -55 3.85
    endloop
  endfacet
  facet normal -1 -0 0
    outer loop
      vertex 45 -55 6.25
      vertex 45 -56.5 3.85
      vertex 45 -56.5 6.25
    endloop
  endfacet
  facet normal 0 1 -0
    outer loop
      vertex 36.5 -35 1.6
      vertex 21 -35 6.25
      vertex 36.5 -35 6.25
    endloop
  endfacet
  facet normal 0 1 0
    outer loop
      vertex 21 -35 6.25
      vertex 36.5 -35 1.6
      vertex 21 -35 1.6
    endloop
  endfacet
  facet normal 0 1 -0
    outer loop
      vertex 45 -35 3.85
      vertex 39.5 -35 6.25
      vertex 45 -35 6.25
    endloop
  endfacet
  facet normal 0 1 0
    outer loop
      vertex 39.5 -35 6.25
      vertex 45 -35 3.85
      vertex 39.5 -35 3.85
    endloop
  endfacet
  facet normal 0 -1 0
    outer loop
      vertex 21 -55 1.6
      vertex 36.5 -55 6.25
      vertex 21 -55 6.25
    endloop
  endfacet
  facet normal 0 -1 -0
    outer loop
      vertex 36.5 -55 6.25
      vertex 21 -55 1.6
      vertex 36.5 -55 1.6
    endloop
  endfacet
  facet normal 0 -1 0
    outer loop
      vertex 39.5 -55 3.85
      vertex 45 -55 6.25
      vertex 39.5 -55 6.25
    endloop
  endfacet
  facet normal 0 -1 -0
    outer loop
      vertex 45 -55 6.25
      vertex 39.5 -55 3.85
      vertex 45 -55 3.85
    endloop
  endfacet
  facet normal -1 0 0
    outer loop
      vertex 42 -52 3.85
      vertex 42 -38 6.25
      vertex 42 -38 3.85
    endloop
  endfacet
  facet normal -1 -0 0
    outer loop
      vertex 42 -38 6.25
      vertex 42 -52 3.85
      vertex 42 -52 6.25
    endloop
  endfacet
  facet normal -0 0 1
    outer loop
      vertex 24 -38 3.75
      vertex 26 -41 3.75
      vertex 26 -38 3.75
    endloop
  endfacet
  facet normal 0 0 1
    outer loop
      vertex 26 -41 3.75
      vertex 24 -38 3.75
      vertex 26 -49 3.75
    endloop
  endfacet
  facet normal 0 0 1
    outer loop
      vertex 24 -52 3.75
      vertex 26 -49 3.75
      vertex 24 -38 3.75
    endloop
  endfacet
  facet normal 0 0 1
    outer loop
      vertex 26 -49 3.75
      vertex 24 -52 3.75
      vertex 26 -52 3.75
    endloop
  endfacet
  facet normal -0 0 1
    outer loop
      vertex 26 -41 3.75
      vertex 36.5 -49 3.75
      vertex 36.5 -41 3.75
    endloop
  endfacet
  facet normal 0 0 1
    outer loop
      vertex 36.5 -49 3.75
      vertex 26 -41 3.75
      vertex 26 -49 3.75
    endloop
  endfacet
  facet normal 1 -0 0
    outer loop
      vertex 24 -52 6.25
      vertex 24 -38 3.75
      vertex 24 -38 6.25
    endloop
  endfacet
  facet normal 1 0 0
    outer loop
      vertex 24 -38 3.75
      vertex 24 -52 6.25
      vertex 24 -52 3.75
    endloop
  endfacet
  facet normal 0 -1 0
    outer loop
      vertex 24 -38 6.25
      vertex 26 -38 6.15
      vertex 36.5 -38 6.25
    endloop
  endfacet
  facet normal 0 -1 0
    outer loop
      vertex 24 -38 3.75
      vertex 26 -38 6.15
      vertex 24 -38 6.25
    endloop
  endfacet
  facet normal 0 -1 -0
    outer loop
      vertex 26 -38 6.15
      vertex 24 -38 3.75
      vertex 26 -38 3.75
    endloop
  endfacet
  facet normal 0 -1 -0
    outer loop
      vertex 36.5 -38 6.25
      vertex 26 -38 6.15
      vertex 36.5 -38 6.15
    endloop
  endfacet
  facet normal 0 -1 0
    outer loop
      vertex 40 -38 6.15
      vertex 39.5 -38 6.25
      vertex 39.5 -38 6.15
    endloop
  endfacet
  facet normal 0 -1 0
    outer loop
      vertex 39.5 -38 6.25
      vertex 40 -38 6.15
      vertex 42 -38 6.25
    endloop
  endfacet
  facet normal 0 -1 0
    outer loop
      vertex 42 -38 3.85
      vertex 40 -38 6.15
      vertex 40 -38 3.85
    endloop
  endfacet
  facet normal 0 -1 0
    outer loop
      vertex 40 -38 6.15
      vertex 42 -38 3.85
      vertex 42 -38 6.25
    endloop
  endfacet
  facet normal 0 1 0
    outer loop
      vertex 26 -52 6.15
      vertex 36.5 -52 6.25
      vertex 36.5 -52 6.15
    endloop
  endfacet
  facet normal 0 1 0
    outer loop
      vertex 36.5 -52 6.25
      vertex 26 -52 6.15
      vertex 24 -52 6.25
    endloop
  endfacet
  facet normal 0 1 0
    outer loop
      vertex 24 -52 3.75
      vertex 26 -52 6.15
      vertex 26 -52 3.75
    endloop
  endfacet
  facet normal 0 1 0
    outer loop
      vertex 26 -52 6.15
      vertex 24 -52 3.75
      vertex 24 -52 6.25
    endloop
  endfacet
  facet normal 0 1 0
    outer loop
      vertex 42 -52 6.25
      vertex 40 -52 6.15
      vertex 39.5 -52 6.25
    endloop
  endfacet
  facet normal 0 1 -0
    outer loop
      vertex 42 -52 3.85
      vertex 40 -52 6.15
      vertex 42 -52 6.25
    endloop
  endfacet
  facet normal 0 1 0
    outer loop
      vertex 40 -52 6.15
      vertex 42 -52 3.85
      vertex 40 -52 3.85
    endloop
  endfacet
  facet normal 0 1 0
    outer loop
      vertex 39.5 -52 6.25
      vertex 40 -52 6.15
      vertex 39.5 -52 6.15
    endloop
  endfacet
  facet normal 1 -0 0
    outer loop
      vertex 40 -52 6.15
      vertex 40 -49 3.85
      vertex 40 -49 6.15
    endloop
  endfacet
  facet normal 1 0 0
    outer loop
      vertex 40 -49 3.85
      vertex 40 -52 6.15
      vertex 40 -52 3.85
    endloop
  endfacet
  facet normal -0 0 1
    outer loop
      vertex 26 -49 6.15
      vertex 36.5 -52 6.15
      vertex 36.5 -49 6.15
    endloop
  endfacet
  facet normal 0 0 1
    outer loop
      vertex 36.5 -52 6.15
      vertex 26 -49 6.15
      vertex 26 -52 6.15
    endloop
  endfacet
  facet normal -0 0 1
    outer loop
      vertex 39.5 -49 6.15
      vertex 40 -52 6.15
      vertex 40 -49 6.15
    endloop
  endfacet
  facet normal 0 0 1
    outer loop
      vertex 40 -52 6.15
      vertex 39.5 -49 6.15
      vertex 39.5 -52 6.15
    endloop
  endfacet
  facet normal -1 0 0
    outer loop
      vertex 26 -52 3.75
      vertex 26 -49 6.15
      vertex 26 -49 3.75
    endloop
  endfacet
  facet normal -1 -0 0
    outer loop
      vertex 26 -49 6.15
      vertex 26 -52 3.75
      vertex 26 -52 6.15
    endloop
  endfacet
  facet normal 0 1 -0
    outer loop
      vertex 36.5 -49 3.75
      vertex 26 -49 6.15
      vertex 36.5 -49 6.15
    endloop
  endfacet
  facet normal 0 1 0
    outer loop
      vertex 26 -49 6.15
      vertex 36.5 -49 3.75
      vertex 26 -49 3.75
    endloop
  endfacet
  facet normal 0 1 -0
    outer loop
      vertex 40 -49 3.85
      vertex 39.5 -49 6.15
      vertex 40 -49 6.15
    endloop
  endfacet
  facet normal 0 1 0
    outer loop
      vertex 39.5 -49 6.15
      vertex 40 -49 3.85
      vertex 39.5 -49 3.85
    endloop
  endfacet
  facet normal 1 -0 0
    outer loop
      vertex 40 -41 6.15
      vertex 40 -38 3.85
      vertex 40 -38 6.15
    endloop
  endfacet
  facet normal 1 0 0
    outer loop
      vertex 40 -38 3.85
      vertex 40 -41 6.15
      vertex 40 -41 3.85
    endloop
  endfacet
  facet normal -0 0 1
    outer loop
      vertex 26 -38 6.15
      vertex 36.5 -41 6.15
      vertex 36.5 -38 6.15
    endloop
  endfacet
  facet normal 0 0 1
    outer loop
      vertex 36.5 -41 6.15
      vertex 26 -38 6.15
      vertex 26 -41 6.15
    endloop
  endfacet
  facet normal -0 0 1
    outer loop
      vertex 39.5 -38 6.15
      vertex 40 -41 6.15
      vertex 40 -38 6.15
    endloop
  endfacet
  facet normal 0 0 1
    outer loop
      vertex 40 -41 6.15
      vertex 39.5 -38 6.15
      vertex 39.5 -41 6.15
    endloop
  endfacet
  facet normal -1 0 0
    outer loop
      vertex 26 -41 3.75
      vertex 26 -38 6.15
      vertex 26 -38 3.75
    endloop
  endfacet
  facet normal -1 -0 0
    outer loop
      vertex 26 -38 6.15
      vertex 26 -41 3.75
      vertex 26 -41 6.15
    endloop
  endfacet
  facet normal 0 -1 0
    outer loop
      vertex 26 -41 3.75
      vertex 36.5 -41 6.15
      vertex 26 -41 6.15
    endloop
  endfacet
  facet normal 0 -1 -0
    outer loop
      vertex 36.5 -41 6.15
      vertex 26 -41 3.75
      vertex 36.5 -41 3.75
    endloop
  endfacet
  facet normal 0 -1 0
    outer loop
      vertex 39.5 -41 3.85
      vertex 40 -41 6.15
      vertex 39.5 -41 6.15
    endloop
  endfacet
  facet normal 0 -1 -0
    outer loop
      vertex 40 -41 6.15
      vertex 39.5 -41 3.85
      vertex 40 -41 3.85
    endloop
  endfacet
  facet normal 1 -0 0
    outer loop
      vertex 73 -56.5 6.25
      vertex 73 -33.5 1.6
      vertex 73 -33.5 6.25
    endloop
  endfacet
  facet normal 1 0 0
    outer loop
      vertex 73 -33.5 1.6
      vertex 73 -56.5 6.25
      vertex 73 -56.5 1.6
    endloop
  endfacet
  facet normal 0 1 -0
    outer loop
      vertex 64.5 -33.5 3.85
      vertex 45 -33.5 6.25
      vertex 64.5 -33.5 6.25
    endloop
  endfacet
  facet normal 0 1 0
    outer loop
      vertex 45 -33.5 6.25
      vertex 64.5 -33.5 3.85
      vertex 45 -33.5 3.85
    endloop
  endfacet
  facet normal 0 1 -0
    outer loop
      vertex 73 -33.5 1.6
      vertex 67.5 -33.5 6.25
      vertex 73 -33.5 6.25
    endloop
  endfacet
  facet normal 0 1 0
    outer loop
      vertex 67.5 -33.5 6.25
      vertex 73 -33.5 1.6
      vertex 67.5 -33.5 1.6
    endloop
  endfacet
  facet normal 0 -1 0
    outer loop
      vertex 45 -56.5 3.85
      vertex 64.5 -56.5 6.25
      vertex 45 -56.5 6.25
    endloop
  endfacet
  facet normal 0 -1 -0
    outer loop
      vertex 64.5 -56.5 6.25
      vertex 45 -56.5 3.85
      vertex 64.5 -56.5 3.85
    endloop
  endfacet
  facet normal 0 -1 0
    outer loop
      vertex 67.5 -56.5 1.6
      vertex 73 -56.5 6.25
      vertex 67.5 -56.5 6.25
    endloop
  endfacet
  facet normal 0 -1 -0
    outer loop
      vertex 73 -56.5 6.25
      vertex 67.5 -56.5 1.6
      vertex 73 -56.5 1.6
    endloop
  endfacet
  facet normal -1 0 0
    outer loop
      vertex 70 -53.5 3.75
      vertex 70 -36.5 6.25
      vertex 70 -36.5 3.75
    endloop
  endfacet
  facet normal -1 -0 0
    outer loop
      vertex 70 -36.5 6.25
      vertex 70 -53.5 3.75
      vertex 70 -53.5 6.25
    endloop
  endfacet
  facet normal -0 0 1
    outer loop
      vertex 67.5 -39.5 3.75
      vertex 68 -50.5 3.75
      vertex 68 -39.5 3.75
    endloop
  endfacet
  facet normal 0 0 1
    outer loop
      vertex 68 -50.5 3.75
      vertex 67.5 -39.5 3.75
      vertex 67.5 -50.5 3.75
    endloop
  endfacet
  facet normal 0 0 1
    outer loop
      vertex 68 -39.5 3.75
      vertex 70 -36.5 3.75
      vertex 68 -36.5 3.75
    endloop
  endfacet
  facet normal 0 0 1
    outer loop
      vertex 70 -36.5 3.75
      vertex 68 -39.5 3.75
      vertex 70 -53.5 3.75
    endloop
  endfacet
  facet normal -0 0 1
    outer loop
      vertex 68 -50.5 3.75
      vertex 70 -53.5 3.75
      vertex 68 -39.5 3.75
    endloop
  endfacet
  facet normal 0 0 1
    outer loop
      vertex 70 -53.5 3.75
      vertex 68 -50.5 3.75
      vertex 68 -53.5 3.75
    endloop
  endfacet
  facet normal 1 -0 0
    outer loop
      vertex 48 -53.5 6.25
      vertex 48 -36.5 3.85
      vertex 48 -36.5 6.25
    endloop
  endfacet
  facet normal 1 0 0
    outer loop
      vertex 48 -36.5 3.85
      vertex 48 -53.5 6.25
      vertex 48 -53.5 3.85
    endloop
  endfacet
  facet normal 0 -1 0
    outer loop
      vertex 68 -36.5 6.15
      vertex 67.5 -36.5 6.25
      vertex 67.5 -36.5 6.15
    endloop
  endfacet
  facet normal 0 -1 0
    outer loop
      vertex 67.5 -36.5 6.25
      vertex 68 -36.5 6.15
      vertex 70 -36.5 6.25
    endloop
  endfacet
  facet normal 0 -1 0
    outer loop
      vertex 70 -36.5 3.75
      vertex 68 -36.5 6.15
      vertex 68 -36.5 3.75
    endloop
  endfacet
  facet normal 0 -1 0
    outer loop
      vertex 68 -36.5 6.15
      vertex 70 -36.5 3.75
      vertex 70 -36.5 6.25
    endloop
  endfacet
  facet normal 0 -1 0
    outer loop
      vertex 48 -36.5 6.25
      vertex 50 -36.5 6.15
      vertex 64.5 -36.5 6.25
    endloop
  endfacet
  facet normal 0 -1 0
    outer loop
      vertex 48 -36.5 3.85
      vertex 50 -36.5 6.15
      vertex 48 -36.5 6.25
    endloop
  endfacet
  facet normal 0 -1 -0
    outer loop
      vertex 50 -36.5 6.15
      vertex 48 -36.5 3.85
      vertex 50 -36.5 3.85
    endloop
  endfacet
  facet normal 0 -1 -0
    outer loop
      vertex 64.5 -36.5 6.25
      vertex 50 -36.5 6.15
      vertex 64.5 -36.5 6.15
    endloop
  endfacet
  facet normal 0 1 0
    outer loop
      vertex 70 -53.5 6.25
      vertex 68 -53.5 6.15
      vertex 67.5 -53.5 6.25
    endloop
  endfacet
  facet normal 0 1 -0
    outer loop
      vertex 70 -53.5 3.75
      vertex 68 -53.5 6.15
      vertex 70 -53.5 6.25
    endloop
  endfacet
  facet normal 0 1 0
    outer loop
      vertex 68 -53.5 6.15
      vertex 70 -53.5 3.75
      vertex 68 -53.5 3.75
    endloop
  endfacet
  facet normal 0 1 0
    outer loop
      vertex 67.5 -53.5 6.25
      vertex 68 -53.5 6.15
      vertex 67.5 -53.5 6.15
    endloop
  endfacet
  facet normal 0 1 0
    outer loop
      vertex 50 -53.5 6.15
      vertex 64.5 -53.5 6.25
      vertex 64.5 -53.5 6.15
    endloop
  endfacet
  facet normal 0 1 0
    outer loop
      vertex 64.5 -53.5 6.25
      vertex 50 -53.5 6.15
      vertex 48 -53.5 6.25
    endloop
  endfacet
  facet normal 0 1 0
    outer loop
      vertex 48 -53.5 3.85
      vertex 50 -53.5 6.15
      vertex 50 -53.5 3.85
    endloop
  endfacet
  facet normal 0 1 0
    outer loop
      vertex 50 -53.5 6.15
      vertex 48 -53.5 3.85
      vertex 48 -53.5 6.25
    endloop
  endfacet
  facet normal 1 -0 0
    outer loop
      vertex 68 -53.5 6.15
      vertex 68 -50.5 3.75
      vertex 68 -50.5 6.15
    endloop
  endfacet
  facet normal 1 0 0
    outer loop
      vertex 68 -50.5 3.75
      vertex 68 -53.5 6.15
      vertex 68 -53.5 3.75
    endloop
  endfacet
  facet normal -0 0 1
    outer loop
      vertex 50 -50.5 6.15
      vertex 64.5 -53.5 6.15
      vertex 64.5 -50.5 6.15
    endloop
  endfacet
  facet normal 0 0 1
    outer loop
      vertex 64.5 -53.5 6.15
      vertex 50 -50.5 6.15
      vertex 50 -53.5 6.15
    endloop
  endfacet
  facet normal -0 0 1
    outer loop
      vertex 67.5 -50.5 6.15
      vertex 68 -53.5 6.15
      vertex 68 -50.5 6.15
    endloop
  endfacet
  facet normal 0 0 1
    outer loop
      vertex 68 -53.5 6.15
      vertex 67.5 -50.5 6.15
      vertex 67.5 -53.5 6.15
    endloop
  endfacet
  facet normal -1 0 0
    outer loop
      vertex 50 -53.5 3.85
      vertex 50 -50.5 6.15
      vertex 50 -50.5 3.85
    endloop
  endfacet
  facet normal -1 -0 0
    outer loop
      vertex 50 -50.5 6.15
      vertex 50 -53.5 3.85
      vertex 50 -53.5 6.15
    endloop
  endfacet
  facet normal 0 1 -0
    outer loop
      vertex 64.5 -50.5 3.85
      vertex 50 -50.5 6.15
      vertex 64.5 -50.5 6.15
    endloop
  endfacet
  facet normal 0 1 0
    outer loop
      vertex 50 -50.5 6.15
      vertex 64.5 -50.5 3.85
      vertex 50 -50.5 3.85
    endloop
  endfacet
  facet normal 0 1 -0
    outer loop
      vertex 68 -50.5 3.75
      vertex 67.5 -50.5 6.15
      vertex 68 -50.5 6.15
    endloop
  endfacet
  facet normal 0 1 0
    outer loop
      vertex 67.5 -50.5 6.15
      vertex 68 -50.5 3.75
      vertex 67.5 -50.5 3.75
    endloop
  endfacet
  facet normal 1 -0 0
    outer loop
      vertex 68 -39.5 6.15
      vertex 68 -36.5 3.75
      vertex 68 -36.5 6.15
    endloop
  endfacet
  facet normal 1 0 0
    outer loop
      vertex 68 -36.5 3.75
      vertex 68 -39.5 6.15
      vertex 68 -39.5 3.75
    endloop
  endfacet
  facet normal -0 0 1
    outer loop
      vertex 50 -36.5 6.15
      vertex 64.5 -39.5 6.15
      vertex 64.5 -36.5 6.15
    endloop
  endfacet
  facet normal 0 0 1
    outer loop
      vertex 64.5 -39.5 6.15
      vertex 50 -36.5 6.15
      vertex 50 -39.5 6.15
    endloop
  endfacet
  facet normal -0 0 1
    outer loop
      vertex 67.5 -36.5 6.15
      vertex 68 -39.5 6.15
      vertex 68 -36.5 6.15
    endloop
  endfacet
  facet normal 0 0 1
    outer loop
      vertex 68 -39.5 6.15
      vertex 67.5 -36.5 6.15
      vertex 67.5 -39.5 6.15
    endloop
  endfacet
  facet normal -1 0 0
    outer loop
      vertex 50 -39.5 3.85
      vertex 50 -36.5 6.15
      vertex 50 -36.5 3.85
    endloop
  endfacet
  facet normal -1 -0 0
    outer loop
      vertex 50 -36.5 6.15
      vertex 50 -39.5 3.85
      vertex 50 -39.5 6.15
    endloop
  endfacet
  facet normal 0 -1 0
    outer loop
      vertex 50 -39.5 3.85
      vertex 64.5 -39.5 6.15
      vertex 50 -39.5 6.15
    endloop
  endfacet
  facet normal 0 -1 -0
    outer loop
      vertex 64.5 -39.5 6.15
      vertex 50 -39.5 3.85
      vertex 64.5 -39.5 3.85
    endloop
  endfacet
  facet normal 0 -1 0
    outer loop
      vertex 67.5 -39.5 3.75
      vertex 68 -39.5 6.15
      vertex 67.5 -39.5 6.15
    endloop
  endfacet
  facet normal 0 -1 -0
    outer loop
      vertex 68 -39.5 6.15
      vertex 67.5 -39.5 3.75
      vertex 68 -39.5 3.75
    endloop
  endfacet
  facet normal 1 -0 0
    outer loop
      vertex 104.5 -59 6.25
      vertex 104.5 -31.5 1.6
      vertex 104.5 -31.5 6.25
    endloop
  endfacet
  facet normal 1 0 0
    outer loop
      vertex 104.5 -31.5 1.6
      vertex 104.5 -59 6.25
      vertex 104.5 -59 1.6
    endloop
  endfacet
  facet normal 0 0 1
    outer loop
      vertex 86.5312 -31 6.25
      vertex 76.5 -34 6.25
      vertex 86.5312 -31.5 6.25
    endloop
  endfacet
  facet normal 0 0 1
    outer loop
      vertex 76.5 -34 6.25
      vertex 73.5 -31 6.25
      vertex 76.5 -56 6.25
    endloop
  endfacet
  facet normal -0 0 1
    outer loop
      vertex 73.5 -31 6.25
      vertex 76.5 -34 6.25
      vertex 86.5312 -31 6.25
    endloop
  endfacet
  facet normal 0 0 1
    outer loop
      vertex 101.5 -56 6.25
      vertex 104.5 -31.5 6.25
      vertex 101.5 -34 6.25
    endloop
  endfacet
  facet normal -0 0 1
    outer loop
      vertex 86.5312 -31.5 6.25
      vertex 101.5 -34 6.25
      vertex 104.5 -31.5 6.25
    endloop
  endfacet
  facet normal 0 0 1
    outer loop
      vertex 101.5 -34 6.25
      vertex 86.5312 -31.5 6.25
      vertex 76.5 -34 6.25
    endloop
  endfacet
  facet normal 0 0 1
    outer loop
      vertex 104.5 -31.5 6.25
      vertex 101.5 -56 6.25
      vertex 104.5 -59 6.25
    endloop
  endfacet
  facet normal -0 0 1
    outer loop
      vertex 76.5 -56 6.25
      vertex 104.5 -59 6.25
      vertex 101.5 -56 6.25
    endloop
  endfacet
  facet normal 0 0 1
    outer loop
      vertex 76.5 -56 6.25
      vertex 73.5 -59 6.25
      vertex 104.5 -59 6.25
    endloop
  endfacet
  facet normal 0 0 1
    outer loop
      vertex 73.5 -59 6.25
      vertex 76.5 -56 6.25
      vertex 73.5 -31 6.25
    endloop
  endfacet
  facet normal -1 0 0
    outer loop
      vertex 73.5 -59 1.6
      vertex 73.5 -31 6.25
      vertex 73.5 -31 1.6
    endloop
  endfacet
  facet normal -1 -0 0
    outer loop
      vertex 73.5 -31 6.25
      vertex 73.5 -59 1.6
      vertex 73.5 -59 6.25
    endloop
  endfacet
  facet normal 0 1 0
    outer loop
      vertex 93.5 -31 2.15
      vertex 93.5 -31 1.6
      vertex 85.5 -31 2.15
    endloop
  endfacet
  facet normal 0 1 -0
    outer loop
      vertex 85.5 -31 5.35
      vertex 73.5 -31 6.25
      vertex 86.5312 -31 6.25
    endloop
  endfacet
  facet normal 0 1 0
    outer loop
      vertex 73.5 -31 1.6
      vertex 85.5 -31 5.35
      vertex 85.5 -31 2.15
    endloop
  endfacet
  facet normal 0 1 0
    outer loop
      vertex 85.5 -31 5.35
      vertex 73.5 -31 1.6
      vertex 73.5 -31 6.25
    endloop
  endfacet
  facet normal 0 1 0
    outer loop
      vertex 73.5 -31 1.6
      vertex 85.5 -31 2.15
      vertex 93.5 -31 1.6
    endloop
  endfacet
  facet normal 0 -1 0
    outer loop
      vertex 73.5 -59 1.6
      vertex 104.5 -59 6.25
      vertex 73.5 -59 6.25
    endloop
  endfacet
  facet normal 0 -1 -0
    outer loop
      vertex 104.5 -59 6.25
      vertex 73.5 -59 1.6
      vertex 104.5 -59 1.6
    endloop
  endfacet
  facet normal -1 0 0
    outer loop
      vertex 101.5 -56 3.75
      vertex 101.5 -34 6.25
      vertex 101.5 -34 3.75
    endloop
  endfacet
  facet normal -1 -0 0
    outer loop
      vertex 101.5 -34 6.25
      vertex 101.5 -56 3.75
      vertex 101.5 -56 6.25
    endloop
  endfacet
  facet normal -0 0 1
    outer loop
      vertex 76.5 -34 3.75
      vertex 78.5 -37 3.75
      vertex 78.5 -34 3.75
    endloop
  endfacet
  facet normal 0 0 1
    outer loop
      vertex 78.5 -37 3.75
      vertex 76.5 -34 3.75
      vertex 78.5 -53 3.75
    endloop
  endfacet
  facet normal 0 0 1
    outer loop
      vertex 76.5 -56 3.75
      vertex 78.5 -53 3.75
      vertex 76.5 -34 3.75
    endloop
  endfacet
  facet normal 0 0 1
    outer loop
      vertex 78.5 -53 3.75
      vertex 76.5 -56 3.75
      vertex 78.5 -56 3.75
    endloop
  endfacet
  facet normal 0 0 1
    outer loop
      vertex 99.5 -37 3.75
      vertex 96 -45 3.75
      vertex 99.5 -53 3.75
    endloop
  endfacet
  facet normal 0 0 1
    outer loop
      vertex 99.5 -37 3.75
      vertex 95.8655 -43.6344 3.75
      vertex 96 -45 3.75
    endloop
  endfacet
  facet normal 0 0 1
    outer loop
      vertex 99.5 -37 3.75
      vertex 95.4672 -42.3212 3.75
      vertex 95.8655 -43.6344 3.75
    endloop
  endfacet
  facet normal 0 0 1
    outer loop
      vertex 99.5 -37 3.75
      vertex 94.8203 -41.111 3.75
      vertex 95.4672 -42.3212 3.75
    endloop
  endfacet
  facet normal 0 0 1
    outer loop
      vertex 99.5 -37 3.75
      vertex 93.9497 -40.0503 3.75
      vertex 94.8203 -41.111 3.75
    endloop
  endfacet
  facet normal 0 0 1
    outer loop
      vertex 99.5 -37 3.75
      vertex 92.889 -39.1797 3.75
      vertex 93.9497 -40.0503 3.75
    endloop
  endfacet
  facet normal 0 0 1
    outer loop
      vertex 99.5 -37 3.75
      vertex 91.6788 -38.5328 3.75
      vertex 92.889 -39.1797 3.75
    endloop
  endfacet
  facet normal 0 0 1
    outer loop
      vertex 99.5 -37 3.75
      vertex 90.3656 -38.1345 3.75
      vertex 91.6788 -38.5328 3.75
    endloop
  endfacet
  facet normal 0 0 1
    outer loop
      vertex 99.5 -37 3.75
      vertex 89 -38 3.75
      vertex 90.3656 -38.1345 3.75
    endloop
  endfacet
  facet normal 0 0 1
    outer loop
      vertex 82.1345 -43.6344 3.75
      vertex 78.5 -37 3.75
      vertex 82 -45 3.75
    endloop
  endfacet
  facet normal 0 0 1
    outer loop
      vertex 82.5328 -42.3212 3.75
      vertex 78.5 -37 3.75
      vertex 82.1345 -43.6344 3.75
    endloop
  endfacet
  facet normal 0 0 1
    outer loop
      vertex 83.1797 -41.111 3.75
      vertex 78.5 -37 3.75
      vertex 82.5328 -42.3212 3.75
    endloop
  endfacet
  facet normal 0 0 1
    outer loop
      vertex 84.0503 -40.0503 3.75
      vertex 78.5 -37 3.75
      vertex 83.1797 -41.111 3.75
    endloop
  endfacet
  facet normal 0 0 1
    outer loop
      vertex 85.111 -39.1797 3.75
      vertex 78.5 -37 3.75
      vertex 84.0503 -40.0503 3.75
    endloop
  endfacet
  facet normal 0 0 1
    outer loop
      vertex 86.3212 -38.5328 3.75
      vertex 78.5 -37 3.75
      vertex 85.111 -39.1797 3.75
    endloop
  endfacet
  facet normal 0 0 1
    outer loop
      vertex 87.6344 -38.1345 3.75
      vertex 78.5 -37 3.75
      vertex 86.3212 -38.5328 3.75
    endloop
  endfacet
  facet normal 0 0 1
    outer loop
      vertex 89 -38 3.75
      vertex 78.5 -37 3.75
      vertex 87.6344 -38.1345 3.75
    endloop
  endfacet
  facet normal -0 0 1
    outer loop
      vertex 78.5 -37 3.75
      vertex 89 -38 3.75
      vertex 99.5 -37 3.75
    endloop
  endfacet
  facet normal 0 0 1
    outer loop
      vertex 99.5 -37 3.75
      vertex 101.5 -34 3.75
      vertex 99.5 -34 3.75
    endloop
  endfacet
  facet normal 0 0 1
    outer loop
      vertex 101.5 -34 3.75
      vertex 99.5 -37 3.75
      vertex 101.5 -56 3.75
    endloop
  endfacet
  facet normal -0 0 1
    outer loop
      vertex 99.5 -53 3.75
      vertex 101.5 -56 3.75
      vertex 99.5 -37 3.75
    endloop
  endfacet
  facet normal 0 0 1
    outer loop
      vertex 101.5 -56 3.75
      vertex 99.5 -53 3.75
      vertex 99.5 -56 3.75
    endloop
  endfacet
  facet normal -0 0 1
    outer loop
      vertex 95.8655 -46.3656 3.75
      vertex 99.5 -53 3.75
      vertex 96 -45 3.75
    endloop
  endfacet
  facet normal -0 0 1
    outer loop
      vertex 95.4672 -47.6788 3.75
      vertex 99.5 -53 3.75
      vertex 95.8655 -46.3656 3.75
    endloop
  endfacet
  facet normal -0 0 1
    outer loop
      vertex 94.8203 -48.889 3.75
      vertex 99.5 -53 3.75
      vertex 95.4672 -47.6788 3.75
    endloop
  endfacet
  facet normal -0 0 1
    outer loop
      vertex 93.9497 -49.9497 3.75
      vertex 99.5 -53 3.75
      vertex 94.8203 -48.889 3.75
    endloop
  endfacet
  facet normal -0 0 1
    outer loop
      vertex 92.889 -50.8203 3.75
      vertex 99.5 -53 3.75
      vertex 93.9497 -49.9497 3.75
    endloop
  endfacet
  facet normal -0 0 1
    outer loop
      vertex 91.6788 -51.4672 3.75
      vertex 99.5 -53 3.75
      vertex 92.889 -50.8203 3.75
    endloop
  endfacet
  facet normal -0 0 1
    outer loop
      vertex 90.3656 -51.8655 3.75
      vertex 99.5 -53 3.75
      vertex 91.6788 -51.4672 3.75
    endloop
  endfacet
  facet normal -0 0 1
    outer loop
      vertex 89 -52 3.75
      vertex 99.5 -53 3.75
      vertex 90.3656 -51.8655 3.75
    endloop
  endfacet
  facet normal 0 0 1
    outer loop
      vertex 78.5 -53 3.75
      vertex 82 -45 3.75
      vertex 78.5 -37 3.75
    endloop
  endfacet
  facet normal 0 0 1
    outer loop
      vertex 82 -45 3.75
      vertex 78.5 -53 3.75
      vertex 82.1345 -46.3656 3.75
    endloop
  endfacet
  facet normal 0 0 1
    outer loop
      vertex 89 -52 3.75
      vertex 78.5 -53 3.75
      vertex 99.5 -53 3.75
    endloop
  endfacet
  facet normal 0 0 1
    outer loop
      vertex 87.6344 -51.8655 3.75
      vertex 78.5 -53 3.75
      vertex 89 -52 3.75
    endloop
  endfacet
  facet normal 0 0 1
    outer loop
      vertex 86.3212 -51.4672 3.75
      vertex 78.5 -53 3.75
      vertex 87.6344 -51.8655 3.75
    endloop
  endfacet
  facet normal 0 0 1
    outer loop
      vertex 85.111 -50.8203 3.75
      vertex 78.5 -53 3.75
      vertex 86.3212 -51.4672 3.75
    endloop
  endfacet
  facet normal 0 0 1
    outer loop
      vertex 84.0503 -49.9497 3.75
      vertex 78.5 -53 3.75
      vertex 85.111 -50.8203 3.75
    endloop
  endfacet
  facet normal 0 0 1
    outer loop
      vertex 83.1797 -48.889 3.75
      vertex 78.5 -53 3.75
      vertex 84.0503 -49.9497 3.75
    endloop
  endfacet
  facet normal 0 0 1
    outer loop
      vertex 82.5328 -47.6788 3.75
      vertex 78.5 -53 3.75
      vertex 83.1797 -48.889 3.75
    endloop
  endfacet
  facet normal 0 0 1
    outer loop
      vertex 82.1345 -46.3656 3.75
      vertex 78.5 -53 3.75
      vertex 82.5328 -47.6788 3.75
    endloop
  endfacet
  facet normal 1 -0 0
    outer loop
      vertex 76.5 -56 6.25
      vertex 76.5 -34 3.75
      vertex 76.5 -34 6.25
    endloop
  endfacet
  facet normal 1 0 0
    outer loop
      vertex 76.5 -34 3.75
      vertex 76.5 -56 6.25
      vertex 76.5 -56 3.75
    endloop
  endfacet
  facet normal 0 -1 0
    outer loop
      vertex 76.5 -34 6.25
      vertex 78.5 -34 6.15
      vertex 101.5 -34 6.25
    endloop
  endfacet
  facet normal 0 -1 0
    outer loop
      vertex 76.5 -34 3.75
      vertex 78.5 -34 6.15
      vertex 76.5 -34 6.25
    endloop
  endfacet
  facet normal 0 -1 -0
    outer loop
      vertex 78.5 -34 6.15
      vertex 76.5 -34 3.75
      vertex 78.5 -34 3.75
    endloop
  endfacet
  facet normal 0 -1 0
    outer loop
      vertex 99.5 -34 6.15
      vertex 101.5 -34 6.25
      vertex 78.5 -34 6.15
    endloop
  endfacet
  facet normal 0 -1 0
    outer loop
      vertex 101.5 -34 3.75
      vertex 99.5 -34 6.15
      vertex 99.5 -34 3.75
    endloop
  endfacet
  facet normal 0 -1 0
    outer loop
      vertex 99.5 -34 6.15
      vertex 101.5 -34 3.75
      vertex 101.5 -34 6.25
    endloop
  endfacet
  facet normal 0 1 0
    outer loop
      vertex 101.5 -56 6.25
      vertex 99.5 -56 6.15
      vertex 76.5 -56 6.25
    endloop
  endfacet
  facet normal 0 1 -0
    outer loop
      vertex 101.5 -56 3.75
      vertex 99.5 -56 6.15
      vertex 101.5 -56 6.25
    endloop
  endfacet
  facet normal 0 1 0
    outer loop
      vertex 99.5 -56 6.15
      vertex 101.5 -56 3.75
      vertex 99.5 -56 3.75
    endloop
  endfacet
  facet normal 0 1 -0
    outer loop
      vertex 78.5 -56 6.15
      vertex 76.5 -56 6.25
      vertex 99.5 -56 6.15
    endloop
  endfacet
  facet normal 0 1 0
    outer loop
      vertex 76.5 -56 3.75
      vertex 78.5 -56 6.15
      vertex 78.5 -56 3.75
    endloop
  endfacet
  facet normal 0 1 0
    outer loop
      vertex 78.5 -56 6.15
      vertex 76.5 -56 3.75
      vertex 76.5 -56 6.25
    endloop
  endfacet
  facet normal 1 -0 0
    outer loop
      vertex 99.5 -56 6.15
      vertex 99.5 -53 3.75
      vertex 99.5 -53 6.15
    endloop
  endfacet
  facet normal 1 0 0
    outer loop
      vertex 99.5 -53 3.75
      vertex 99.5 -56 6.15
      vertex 99.5 -56 3.75
    endloop
  endfacet
  facet normal -0 0 1
    outer loop
      vertex 78.5 -53 6.15
      vertex 99.5 -56 6.15
      vertex 99.5 -53 6.15
    endloop
  endfacet
  facet normal 0 0 1
    outer loop
      vertex 99.5 -56 6.15
      vertex 78.5 -53 6.15
      vertex 78.5 -56 6.15
    endloop
  endfacet
  facet normal -1 0 0
    outer loop
      vertex 78.5 -56 3.75
      vertex 78.5 -53 6.15
      vertex 78.5 -53 3.75
    endloop
  endfacet
  facet normal -1 -0 0
    outer loop
      vertex 78.5 -53 6.15
      vertex 78.5 -56 3.75
      vertex 78.5 -56 6.15
    endloop
  endfacet
  facet normal 0 1 -0
    outer loop
      vertex 99.5 -53 3.75
      vertex 78.5 -53 6.15
      vertex 99.5 -53 6.15
    endloop
  endfacet
  facet normal 0 1 0
    outer loop
      vertex 78.5 -53 6.15
      vertex 99.5 -53 3.75
      vertex 78.5 -53 3.75
    endloop
  endfacet
  facet normal 1 -0 0
    outer loop
      vertex 99.5 -37 6.15
      vertex 99.5 -34 3.75
      vertex 99.5 -34 6.15
    endloop
  endfacet
  facet normal 1 0 0
    outer loop
      vertex 99.5 -34 3.75
      vertex 99.5 -37 6.15
      vertex 99.5 -37 3.75
    endloop
  endfacet
  facet normal -0 0 1
    outer loop
      vertex 78.5 -34 6.15
      vertex 99.5 -37 6.15
      vertex 99.5 -34 6.15
    endloop
  endfacet
  facet normal 0 0 1
    outer loop
      vertex 99.5 -37 6.15
      vertex 78.5 -34 6.15
      vertex 78.5 -37 6.15
    endloop
  endfacet
  facet normal -1 0 0
    outer loop
      vertex 78.5 -37 3.75
      vertex 78.5 -34 6.15
      vertex 78.5 -34 3.75
    endloop
  endfacet
  facet normal -1 -0 0
    outer loop
      vertex 78.5 -34 6.15
      vertex 78.5 -37 3.75
      vertex 78.5 -37 6.15
    endloop
  endfacet
  facet normal 0 -1 0
    outer loop
      vertex 78.5 -37 3.75
      vertex 99.5 -37 6.15
      vertex 78.5 -37 6.15
    endloop
  endfacet
  facet normal 0 -1 -0
    outer loop
      vertex 99.5 -37 6.15
      vertex 78.5 -37 3.75
      vertex 99.5 -37 3.75
    endloop
  endfacet
  facet normal 0.989176 0.146733 0
    outer loop
      vertex -54.1156 40.3524 7.25
      vertex -54.4612 42.6822 1.6
      vertex -54.4612 42.6822 7.25
    endloop
  endfacet
  facet normal 0.989176 0.146733 0
    outer loop
      vertex -54.4612 42.6822 1.6
      vertex -54.1156 40.3524 7.25
      vertex -54.1156 40.3524 1.6
    endloop
  endfacet
  facet normal 0.998795 0.0490821 0
    outer loop
      vertex -54 38 7.25
      vertex -54.1156 40.3524 1.6
      vertex -54.1156 40.3524 7.25
    endloop
  endfacet
  facet normal 0.998795 0.0490821 0
    outer loop
      vertex -54.1156 40.3524 1.6
      vertex -54 38 7.25
      vertex -54 38 1.6
    endloop
  endfacet
  facet normal 0.970038 0.242955 0
    outer loop
      vertex -54.4612 42.6822 7.25
      vertex -55.0334 44.9668 1.6
      vertex -55.0334 44.9668 7.25
    endloop
  endfacet
  facet normal 0.970038 0.242955 0
    outer loop
      vertex -55.0334 44.9668 1.6
      vertex -54.4612 42.6822 7.25
      vertex -54.4612 42.6822 1.6
    endloop
  endfacet
  facet normal 0.427562 -0.903986 0
    outer loop
      vertex -68.4496 16 1.6
      vertex -66.6865 16.8339 7.25
      vertex -68.4496 16 7.25
    endloop
  endfacet
  facet normal 0.427562 -0.903986 0
    outer loop
      vertex -66.6865 16.8339 7.25
      vertex -68.4496 16 1.6
      vertex -66.6865 16.8339 1.6
    endloop
  endfacet
  facet normal -0.595732 0.803183 0
    outer loop
      vertex -91.3337 57.9553 1.6
      vertex -93.2254 56.5522 7.25
      vertex -91.3337 57.9553 7.25
    endloop
  endfacet
  facet normal -0.595732 0.803183 0
    outer loop
      vertex -93.2254 56.5522 7.25
      vertex -91.3337 57.9553 1.6
      vertex -93.2254 56.5522 1.6
    endloop
  endfacet
  facet normal 0.242955 0.970038 -0
    outer loop
      vertex -71.0332 60.9666 1.25
      vertex -73.3178 61.5388 7.25
      vertex -71.0332 60.9666 7.25
    endloop
  endfacet
  facet normal 0.242955 0.970038 0
    outer loop
      vertex -73.3178 61.5388 7.25
      vertex -71.0332 60.9666 1.25
      vertex -73.3178 61.5388 1.25
    endloop
  endfacet
  facet normal -0.904004 0.427524 0
    outer loop
      vertex -100.173 47.1844 1.6
      vertex -99.1661 49.3135 7.25
      vertex -99.1661 49.3135 1.6
    endloop
  endfacet
  facet normal -0.904004 0.427524 0
    outer loop
      vertex -99.1661 49.3135 7.25
      vertex -100.173 47.1844 1.6
      vertex -100.173 47.1844 7.25
    endloop
  endfacet
  facet normal -0.970058 0.242875 0
    outer loop
      vertex -101.539 42.6822 1.6
      vertex -100.967 44.9668 7.25
      vertex -100.967 44.9668 1.6
    endloop
  endfacet
  facet normal -0.970058 0.242875 0
    outer loop
      vertex -100.967 44.9668 7.25
      vertex -101.539 42.6822 1.6
      vertex -101.539 42.6822 7.25
    endloop
  endfacet
  facet normal 0.514084 -0.85774 0
    outer loop
      vertex -66.6865 16.8339 1.6
      vertex -64.6663 18.0447 7.25
      vertex -66.6865 16.8339 7.25
    endloop
  endfacet
  facet normal 0.514084 -0.85774 0
    outer loop
      vertex -64.6663 18.0447 7.25
      vertex -66.6865 16.8339 1.6
      vertex -64.6663 18.0447 1.6
    endloop
  endfacet
  facet normal 0.0490821 0.998795 -0
    outer loop
      vertex -75.6476 61.8844 1.25
      vertex -78 62 7.25
      vertex -75.6476 61.8844 7.25
    endloop
  endfacet
  facet normal 0.0490821 0.998795 0
    outer loop
      vertex -78 62 7.25
      vertex -75.6476 61.8844 1.25
      vertex -78 62 1.25
    endloop
  endfacet
  facet normal 0.146733 0.989176 -0
    outer loop
      vertex -73.3178 61.5388 1.25
      vertex -75.6476 61.8844 7.25
      vertex -73.3178 61.5388 7.25
    endloop
  endfacet
  facet normal 0.146733 0.989176 0
    outer loop
      vertex -75.6476 61.8844 7.25
      vertex -73.3178 61.5388 1.25
      vertex -75.6476 61.8844 1.25
    endloop
  endfacet
  facet normal 0.427562 0.903986 0
    outer loop
      vertex -68.4496 60 1.6
      vertex -66.6865 59.1661 7.25
      vertex -66.6865 59.1661 1.6
    endloop
  endfacet
  facet normal 0.427559 0.903988 1.11144e-06
    outer loop
      vertex -66.6865 59.1661 7.25
      vertex -68.4496 60 1.6
      vertex -68.8156 60.1731 7.25
    endloop
  endfacet
  facet normal 0.427545 0.903994 0
    outer loop
      vertex -68.8156 60.1731 1.25
      vertex -68.4496 60 1.6
      vertex -68.4496 60 1.25
    endloop
  endfacet
  facet normal 0.427545 0.903994 0
    outer loop
      vertex -68.4496 60 1.6
      vertex -68.8156 60.1731 1.25
      vertex -68.8156 60.1731 7.25
    endloop
  endfacet
  facet normal 0.803183 -0.595732 0
    outer loop
      vertex -59.4478 22.7746 7.25
      vertex -58.0447 24.6663 1.6
      vertex -58.0447 24.6663 7.25
    endloop
  endfacet
  facet normal 0.803183 -0.595732 0
    outer loop
      vertex -58.0447 24.6663 1.6
      vertex -59.4478 22.7746 7.25
      vertex -59.4478 22.7746 1.6
    endloop
  endfacet
  facet normal -0.740963 -0.671546 0
    outer loop
      vertex -94.9706 21.0294 1.6
      vertex -96.5523 22.7746 7.25
      vertex -96.5523 22.7746 1.6
    endloop
  endfacet
  facet normal -0.740963 -0.671546 0
    outer loop
      vertex -96.5523 22.7746 7.25
      vertex -94.9706 21.0294 1.6
      vertex -94.9706 21.0294 7.25
    endloop
  endfacet
  facet normal -0.514084 0.85774 0
    outer loop
      vertex -89.3135 59.1661 1.6
      vertex -91.3337 57.9553 7.25
      vertex -89.3135 59.1661 7.25
    endloop
  endfacet
  facet normal -0.514084 0.85774 0
    outer loop
      vertex -91.3337 57.9553 7.25
      vertex -89.3135 59.1661 1.6
      vertex -91.3337 57.9553 1.6
    endloop
  endfacet
  facet normal 0.989176 -0.146733 0
    outer loop
      vertex -54.4612 33.3178 7.25
      vertex -54.1156 35.6476 1.6
      vertex -54.1156 35.6476 7.25
    endloop
  endfacet
  facet normal 0.989176 -0.146733 0
    outer loop
      vertex -54.1156 35.6476 1.6
      vertex -54.4612 33.3178 7.25
      vertex -54.4612 33.3178 1.6
    endloop
  endfacet
  facet normal 0.595732 -0.803183 0
    outer loop
      vertex -64.6663 18.0447 1.6
      vertex -62.7746 19.4478 7.25
      vertex -64.6663 18.0447 7.25
    endloop
  endfacet
  facet normal 0.595732 -0.803183 0
    outer loop
      vertex -62.7746 19.4478 7.25
      vertex -64.6663 18.0447 1.6
      vertex -62.7746 19.4478 1.6
    endloop
  endfacet
  facet normal 0.595732 0.803183 -0
    outer loop
      vertex -62.7746 56.5522 1.6
      vertex -64.6663 57.9553 7.25
      vertex -62.7746 56.5522 7.25
    endloop
  endfacet
  facet normal 0.595732 0.803183 0
    outer loop
      vertex -64.6663 57.9553 7.25
      vertex -62.7746 56.5522 1.6
      vertex -64.6663 57.9553 1.6
    endloop
  endfacet
  facet normal 0.970038 -0.242955 0
    outer loop
      vertex -55.0334 31.0332 7.25
      vertex -54.4612 33.3178 1.6
      vertex -54.4612 33.3178 7.25
    endloop
  endfacet
  facet normal 0.970038 -0.242955 0
    outer loop
      vertex -54.4612 33.3178 1.6
      vertex -55.0334 31.0332 7.25
      vertex -55.0334 31.0332 1.6
    endloop
  endfacet
  facet normal -0.989213 0.146484 0
    outer loop
      vertex -101.884 40.3524 1.6
      vertex -101.539 42.6822 7.25
      vertex -101.539 42.6822 1.6
    endloop
  endfacet
  facet normal -0.989213 0.146484 0
    outer loop
      vertex -101.539 42.6822 7.25
      vertex -101.884 40.3524 1.6
      vertex -101.884 40.3524 7.25
    endloop
  endfacet
  facet normal -0.857733 0.514096 0
    outer loop
      vertex -97.9739 51.3026 1.6
      vertex -99.1661 49.3135 1.6
      vertex -97.9739 51.3026 3.6
    endloop
  endfacet
  facet normal -0.858223 0.513278 0
    outer loop
      vertex -97.9739 51.3026 3.6
      vertex -97.9553 51.3337 7.25
      vertex -97.9553 51.3337 3.6
    endloop
  endfacet
  facet normal -0.857733 0.514096 0
    outer loop
      vertex -99.1661 49.3135 7.25
      vertex -97.9739 51.3026 3.6
      vertex -99.1661 49.3135 1.6
    endloop
  endfacet
  facet normal -0.85774 0.514084 -9.32451e-06
    outer loop
      vertex -97.9739 51.3026 3.6
      vertex -99.1661 49.3135 7.25
      vertex -97.9553 51.3337 7.25
    endloop
  endfacet
  facet normal -0.941473 -0.337089 0
    outer loop
      vertex -100.173 28.8156 1.6
      vertex -100.967 31.0332 7.25
      vertex -100.967 31.0332 1.6
    endloop
  endfacet
  facet normal -0.941473 -0.337089 0
    outer loop
      vertex -100.967 31.0332 7.25
      vertex -100.173 28.8156 1.6
      vertex -100.173 28.8156 7.25
    endloop
  endfacet
  facet normal -0.146733 0.989176 0
    outer loop
      vertex -80.3524 61.8844 1.25
      vertex -82.6822 61.5388 7.25
      vertex -80.3524 61.8844 7.25
    endloop
  endfacet
  facet normal -0.146733 0.989176 0
    outer loop
      vertex -82.6822 61.5388 7.25
      vertex -80.3524 61.8844 1.25
      vertex -82.6822 61.5388 1.25
    endloop
  endfacet
  facet normal 0.803183 0.595732 0
    outer loop
      vertex -58.0447 51.3337 7.25
      vertex -59.4478 53.2254 1.6
      vertex -59.4478 53.2254 7.25
    endloop
  endfacet
  facet normal 0.803183 0.595732 0
    outer loop
      vertex -59.4478 53.2254 1.6
      vertex -58.0447 51.3337 7.25
      vertex -58.0447 51.3337 1.6
    endloop
  endfacet
  facet normal -0.970058 -0.242875 0
    outer loop
      vertex -100.967 31.0332 1.6
      vertex -101.539 33.3178 7.25
      vertex -101.539 33.3178 1.6
    endloop
  endfacet
  facet normal -0.970058 -0.242875 0
    outer loop
      vertex -101.539 33.3178 7.25
      vertex -100.967 31.0332 1.6
      vertex -100.967 31.0332 7.25
    endloop
  endfacet
  facet normal -0.998786 -0.0492515 0
    outer loop
      vertex -101.884 35.6476 1.6
      vertex -102 38 7.25
      vertex -102 38 1.6
    endloop
  endfacet
  facet normal -0.998786 -0.0492515 0
    outer loop
      vertex -102 38 7.25
      vertex -101.884 35.6476 1.6
      vertex -101.884 35.6476 7.25
    endloop
  endfacet
  facet normal 0.514084 0.85774 -0
    outer loop
      vertex -64.6663 57.9553 1.6
      vertex -66.6865 59.1661 7.25
      vertex -64.6663 57.9553 7.25
    endloop
  endfacet
  facet normal 0.514084 0.85774 0
    outer loop
      vertex -66.6865 59.1661 7.25
      vertex -64.6663 57.9553 1.6
      vertex -66.6865 59.1661 1.6
    endloop
  endfacet
  facet normal 0.998795 -0.0490821 0
    outer loop
      vertex -54.1156 35.6476 7.25
      vertex -54 38 1.6
      vertex -54 38 7.25
    endloop
  endfacet
  facet normal 0.998795 -0.0490821 0
    outer loop
      vertex -54 38 1.6
      vertex -54.1156 35.6476 7.25
      vertex -54.1156 35.6476 1.6
    endloop
  endfacet
  facet normal 0.903988 -0.427559 0
    outer loop
      vertex -56.8339 26.6865 7.25
      vertex -55.8269 28.8156 1.6
      vertex -55.8269 28.8156 7.25
    endloop
  endfacet
  facet normal 0.903988 -0.427559 0
    outer loop
      vertex -55.8269 28.8156 1.6
      vertex -56.8339 26.6865 7.25
      vertex -56.8339 26.6865 1.6
    endloop
  endfacet
  facet normal 0.85774 0.514084 0
    outer loop
      vertex -56.8339 49.3135 7.25
      vertex -58.0447 51.3337 1.6
      vertex -58.0447 51.3337 7.25
    endloop
  endfacet
  facet normal 0.85774 0.514084 0
    outer loop
      vertex -58.0447 51.3337 1.6
      vertex -56.8339 49.3135 7.25
      vertex -56.8339 49.3135 1.6
    endloop
  endfacet
  facet normal 0.740984 0.671522 0
    outer loop
      vertex -59.4478 53.2254 7.25
      vertex -61.0294 54.9706 1.6
      vertex -61.0294 54.9706 7.25
    endloop
  endfacet
  facet normal 0.740984 0.671522 0
    outer loop
      vertex -61.0294 54.9706 1.6
      vertex -59.4478 53.2254 7.25
      vertex -59.4478 53.2254 1.6
    endloop
  endfacet
  facet normal -0.0490821 0.998795 0
    outer loop
      vertex -78 62 1.25
      vertex -80.3524 61.8844 7.25
      vertex -78 62 7.25
    endloop
  endfacet
  facet normal -0.0490821 0.998795 0
    outer loop
      vertex -80.3524 61.8844 7.25
      vertex -78 62 1.25
      vertex -80.3524 61.8844 1.25
    endloop
  endfacet
  facet normal -0.740964 0.671544 0
    outer loop
      vertex -96.3636 53.4336 3.6
      vertex -94.9706 54.9706 1.6
      vertex -96.3636 53.4336 1.6
    endloop
  endfacet
  facet normal -0.740964 0.671544 0
    outer loop
      vertex -94.9706 54.9706 1.6
      vertex -96.3636 53.4336 3.6
      vertex -94.9706 54.9706 7.25
    endloop
  endfacet
  facet normal -0.740954 0.671556 0
    outer loop
      vertex -96.5523 53.2254 7.25
      vertex -96.3636 53.4336 3.6
      vertex -96.5523 53.2254 3.6
    endloop
  endfacet
  facet normal -0.740963 0.671546 -1.08179e-06
    outer loop
      vertex -96.3636 53.4336 3.6
      vertex -96.5523 53.2254 7.25
      vertex -94.9706 54.9706 7.25
    endloop
  endfacet
  facet normal -0.671522 -0.740984 0
    outer loop
      vertex -94.9706 21.0294 1.6
      vertex -93.2254 19.4478 7.25
      vertex -94.9706 21.0294 7.25
    endloop
  endfacet
  facet normal -0.671522 -0.740984 -0
    outer loop
      vertex -93.2254 19.4478 7.25
      vertex -94.9706 21.0294 1.6
      vertex -93.2254 19.4478 1.6
    endloop
  endfacet
  facet normal 0.94154 0.336901 0
    outer loop
      vertex -55.0334 44.9668 7.25
      vertex -55.8269 47.1844 1.6
      vertex -55.8269 47.1844 7.25
    endloop
  endfacet
  facet normal 0.94154 0.336901 0
    outer loop
      vertex -55.8269 47.1844 1.6
      vertex -55.0334 44.9668 7.25
      vertex -55.0334 44.9668 1.6
    endloop
  endfacet
  facet normal 0.85774 -0.514084 0
    outer loop
      vertex -58.0447 24.6663 7.25
      vertex -56.8339 26.6865 1.6
      vertex -56.8339 26.6865 7.25
    endloop
  endfacet
  facet normal 0.85774 -0.514084 0
    outer loop
      vertex -56.8339 26.6865 1.6
      vertex -58.0447 24.6663 7.25
      vertex -58.0447 24.6663 1.6
    endloop
  endfacet
  facet normal 0.671522 0.740984 -0
    outer loop
      vertex -61.0294 54.9706 1.6
      vertex -62.7746 56.5522 7.25
      vertex -61.0294 54.9706 7.25
    endloop
  endfacet
  facet normal 0.671522 0.740984 0
    outer loop
      vertex -62.7746 56.5522 7.25
      vertex -61.0294 54.9706 1.6
      vertex -62.7746 56.5522 1.6
    endloop
  endfacet
  facet normal -0.242955 0.970038 0
    outer loop
      vertex -82.6822 61.5388 1.25
      vertex -84.9668 60.9666 7.25
      vertex -82.6822 61.5388 7.25
    endloop
  endfacet
  facet normal -0.242955 0.970038 0
    outer loop
      vertex -84.9668 60.9666 7.25
      vertex -82.6822 61.5388 1.25
      vertex -84.9668 60.9666 1.25
    endloop
  endfacet
  facet normal -0.427559 0.903988 1.11144e-06
    outer loop
      vertex -87.1844 60.1731 7.25
      vertex -87.5504 60 1.6
      vertex -89.3135 59.1661 7.25
    endloop
  endfacet
  facet normal -0.427545 0.903994 0
    outer loop
      vertex -87.1844 60.1731 1.25
      vertex -87.5504 60 1.6
      vertex -87.1844 60.1731 7.25
    endloop
  endfacet
  facet normal -0.427545 0.903994 0
    outer loop
      vertex -87.5504 60 1.6
      vertex -87.1844 60.1731 1.25
      vertex -87.5504 60 1.25
    endloop
  endfacet
  facet normal -0.427562 0.903986 0
    outer loop
      vertex -89.3135 59.1661 7.25
      vertex -87.5504 60 1.6
      vertex -89.3135 59.1661 1.6
    endloop
  endfacet
  facet normal 0.903988 0.427559 0
    outer loop
      vertex -55.8269 47.1844 7.25
      vertex -56.8339 49.3135 1.6
      vertex -56.8339 49.3135 7.25
    endloop
  endfacet
  facet normal 0.903988 0.427559 0
    outer loop
      vertex -56.8339 49.3135 1.6
      vertex -55.8269 47.1844 7.25
      vertex -55.8269 47.1844 1.6
    endloop
  endfacet
  facet normal -0.671522 0.740984 0
    outer loop
      vertex -93.2254 56.5522 1.6
      vertex -94.9706 54.9706 7.25
      vertex -93.2254 56.5522 7.25
    endloop
  endfacet
  facet normal -0.671522 0.740984 0
    outer loop
      vertex -94.9706 54.9706 7.25
      vertex -93.2254 56.5522 1.6
      vertex -94.9706 54.9706 1.6
    endloop
  endfacet
  facet normal 0.336901 0.94154 -0
    outer loop
      vertex -68.8156 60.1731 1.25
      vertex -71.0332 60.9666 7.25
      vertex -68.8156 60.1731 7.25
    endloop
  endfacet
  facet normal 0.336901 0.94154 0
    outer loop
      vertex -71.0332 60.9666 7.25
      vertex -68.8156 60.1731 1.25
      vertex -71.0332 60.9666 1.25
    endloop
  endfacet
  facet normal -0.336901 0.94154 0
    outer loop
      vertex -84.9668 60.9666 1.25
      vertex -87.1844 60.1731 7.25
      vertex -84.9668 60.9666 7.25
    endloop
  endfacet
  facet normal -0.336901 0.94154 0
    outer loop
      vertex -87.1844 60.1731 7.25
      vertex -84.9668 60.9666 1.25
      vertex -87.1844 60.1731 1.25
    endloop
  endfacet
  facet normal -0.85774 -0.514084 0
    outer loop
      vertex -97.9553 24.6663 1.6
      vertex -99.1661 26.6865 7.25
      vertex -99.1661 26.6865 1.6
    endloop
  endfacet
  facet normal -0.85774 -0.514084 0
    outer loop
      vertex -99.1661 26.6865 7.25
      vertex -97.9553 24.6663 1.6
      vertex -97.9553 24.6663 7.25
    endloop
  endfacet
  facet normal -0.514084 -0.85774 0
    outer loop
      vertex -91.3337 18.0447 1.6
      vertex -89.3135 16.8339 7.25
      vertex -91.3337 18.0447 7.25
    endloop
  endfacet
  facet normal -0.514084 -0.85774 -0
    outer loop
      vertex -89.3135 16.8339 7.25
      vertex -91.3337 18.0447 1.6
      vertex -89.3135 16.8339 1.6
    endloop
  endfacet
  facet normal -0.427559 -0.903988 0
    outer loop
      vertex -89.3135 16.8339 1.6
      vertex -87.1844 15.8269 7.25
      vertex -89.3135 16.8339 7.25
    endloop
  endfacet
  facet normal -0.427559 -0.903988 -0
    outer loop
      vertex -87.1844 15.8269 7.25
      vertex -89.3135 16.8339 1.6
      vertex -87.1844 15.8269 1.6
    endloop
  endfacet
  facet normal -0.803204 -0.595705 0
    outer loop
      vertex -96.5523 22.7746 1.6
      vertex -97.9553 24.6663 7.25
      vertex -97.9553 24.6663 1.6
    endloop
  endfacet
  facet normal -0.803204 -0.595705 0
    outer loop
      vertex -97.9553 24.6663 7.25
      vertex -96.5523 22.7746 1.6
      vertex -96.5523 22.7746 7.25
    endloop
  endfacet
  facet normal -0.242953 -0.970038 0
    outer loop
      vertex -84.9668 15.0334 1.6
      vertex -83 14.5408 7.25
      vertex -84.9668 15.0334 7.25
    endloop
  endfacet
  facet normal -0.242953 -0.970038 -0
    outer loop
      vertex -83 14.5408 7.25
      vertex -84.9668 15.0334 1.6
      vertex -83 14.5408 1.6
    endloop
  endfacet
  facet normal -0.336901 -0.94154 0
    outer loop
      vertex -87.1844 15.8269 1.6
      vertex -84.9668 15.0334 7.25
      vertex -87.1844 15.8269 7.25
    endloop
  endfacet
  facet normal -0.336901 -0.94154 -0
    outer loop
      vertex -84.9668 15.0334 7.25
      vertex -87.1844 15.8269 1.6
      vertex -84.9668 15.0334 1.6
    endloop
  endfacet
  facet normal -0.989213 -0.146484 0
    outer loop
      vertex -101.539 33.3178 1.6
      vertex -101.884 35.6476 7.25
      vertex -101.884 35.6476 1.6
    endloop
  endfacet
  facet normal -0.989213 -0.146484 0
    outer loop
      vertex -101.884 35.6476 7.25
      vertex -101.539 33.3178 1.6
      vertex -101.539 33.3178 7.25
    endloop
  endfacet
  facet normal -0.595732 -0.803183 0
    outer loop
      vertex -93.2254 19.4478 1.6
      vertex -91.3337 18.0447 7.25
      vertex -93.2254 19.4478 7.25
    endloop
  endfacet
  facet normal -0.595732 -0.803183 -0
    outer loop
      vertex -91.3337 18.0447 7.25
      vertex -93.2254 19.4478 1.6
      vertex -91.3337 18.0447 1.6
    endloop
  endfacet
  facet normal -0.904004 -0.427524 0
    outer loop
      vertex -99.1661 26.6865 1.6
      vertex -100.173 28.8156 7.25
      vertex -100.173 28.8156 1.6
    endloop
  endfacet
  facet normal -0.904004 -0.427524 0
    outer loop
      vertex -100.173 28.8156 7.25
      vertex -99.1661 26.6865 1.6
      vertex -99.1661 26.6865 7.25
    endloop
  endfacet
  facet normal -0.941473 0.337089 0
    outer loop
      vertex -100.967 44.9668 1.6
      vertex -100.173 47.1844 7.25
      vertex -100.173 47.1844 1.6
    endloop
  endfacet
  facet normal -0.941473 0.337089 0
    outer loop
      vertex -100.173 47.1844 7.25
      vertex -100.967 44.9668 1.6
      vertex -100.967 44.9668 7.25
    endloop
  endfacet
  facet normal 0.94154 -0.336901 0
    outer loop
      vertex -55.8269 28.8156 7.25
      vertex -55.0334 31.0332 1.6
      vertex -55.0334 31.0332 7.25
    endloop
  endfacet
  facet normal 0.94154 -0.336901 0
    outer loop
      vertex -55.0334 31.0332 1.6
      vertex -55.8269 28.8156 7.25
      vertex -55.8269 28.8156 1.6
    endloop
  endfacet
  facet normal -0.803204 0.595705 0
    outer loop
      vertex -97.9553 51.3337 3.6
      vertex -96.5523 53.2254 7.25
      vertex -96.5523 53.2254 3.6
    endloop
  endfacet
  facet normal -0.803204 0.595705 0
    outer loop
      vertex -96.5523 53.2254 7.25
      vertex -97.9553 51.3337 3.6
      vertex -97.9553 51.3337 7.25
    endloop
  endfacet
  facet normal -0.998786 0.0492515 0
    outer loop
      vertex -102 38 1.6
      vertex -101.884 40.3524 7.25
      vertex -101.884 40.3524 1.6
    endloop
  endfacet
  facet normal -0.998786 0.0492515 0
    outer loop
      vertex -101.884 40.3524 7.25
      vertex -102 38 1.6
      vertex -102 38 7.25
    endloop
  endfacet
  facet normal 0.740984 -0.671522 0
    outer loop
      vertex -61.0294 21.0294 7.25
      vertex -59.4478 22.7746 1.6
      vertex -59.4478 22.7746 7.25
    endloop
  endfacet
  facet normal 0.740984 -0.671522 0
    outer loop
      vertex -59.4478 22.7746 1.6
      vertex -61.0294 21.0294 7.25
      vertex -61.0294 21.0294 1.6
    endloop
  endfacet
  facet normal 0.671522 -0.740984 0
    outer loop
      vertex -62.7746 19.4478 1.6
      vertex -61.0294 21.0294 7.25
      vertex -62.7746 19.4478 7.25
    endloop
  endfacet
  facet normal 0.671522 -0.740984 0
    outer loop
      vertex -61.0294 21.0294 7.25
      vertex -62.7746 19.4478 1.6
      vertex -61.0294 21.0294 1.6
    endloop
  endfacet
  facet normal 0 0 -1
    outer loop
      vertex -68.4496 60 1.25
      vertex -71.0332 60.9666 1.25
      vertex -68.8156 60.1731 1.25
    endloop
  endfacet
  facet normal 0 0 -1
    outer loop
      vertex -68.4496 60 1.25
      vertex -73.3178 61.5388 1.25
      vertex -71.0332 60.9666 1.25
    endloop
  endfacet
  facet normal 0 0 -1
    outer loop
      vertex -68.4496 60 1.25
      vertex -75.6476 61.8844 1.25
      vertex -73.3178 61.5388 1.25
    endloop
  endfacet
  facet normal 0 0 -1
    outer loop
      vertex -68.4496 60 1.25
      vertex -78 62 1.25
      vertex -75.6476 61.8844 1.25
    endloop
  endfacet
  facet normal 0 0 -1
    outer loop
      vertex -68.4496 60 1.25
      vertex -80.3524 61.8844 1.25
      vertex -78 62 1.25
    endloop
  endfacet
  facet normal 0 0 -1
    outer loop
      vertex -68.4496 60 1.25
      vertex -82.6822 61.5388 1.25
      vertex -80.3524 61.8844 1.25
    endloop
  endfacet
  facet normal 0 0 -1
    outer loop
      vertex -68.4496 60 1.25
      vertex -84.9668 60.9666 1.25
      vertex -82.6822 61.5388 1.25
    endloop
  endfacet
  facet normal 0 0 -1
    outer loop
      vertex -87.5504 60 1.25
      vertex -84.9668 60.9666 1.25
      vertex -68.4496 60 1.25
    endloop
  endfacet
  facet normal 0 0 -1
    outer loop
      vertex -84.9668 60.9666 1.25
      vertex -87.5504 60 1.25
      vertex -87.1844 60.1731 1.25
    endloop
  endfacet
  facet normal 0.903968 0.4276 0
    outer loop
      vertex -96.5203 28.1007 7.25
      vertex -97.4015 29.9636 1.6
      vertex -97.4015 29.9636 7.25
    endloop
  endfacet
  facet normal 0.903968 0.4276 0
    outer loop
      vertex -97.4015 29.9636 1.6
      vertex -96.5203 28.1007 7.25
      vertex -96.5203 28.1007 1.6
    endloop
  endfacet
  facet normal -0.989175 -0.146739 0
    outer loop
      vertex -57.1011 40.0584 1.6
      vertex -57.4035 42.0969 7.25
      vertex -57.4035 42.0969 1.6
    endloop
  endfacet
  facet normal -0.989175 -0.146739 0
    outer loop
      vertex -57.4035 42.0969 7.25
      vertex -57.1011 40.0584 1.6
      vertex -57.1011 40.0584 7.25
    endloop
  endfacet
  facet normal -0.998796 -0.0490567 0
    outer loop
      vertex -57 38 1.6
      vertex -57.1011 40.0584 7.25
      vertex -57.1011 40.0584 1.6
    endloop
  endfacet
  facet normal -0.998796 -0.0490567 0
    outer loop
      vertex -57.1011 40.0584 7.25
      vertex -57 38 1.6
      vertex -57 38 7.25
    endloop
  endfacet
  facet normal -0.970025 -0.243004 0
    outer loop
      vertex -57.4035 42.0969 1.6
      vertex -57.9043 44.096 7.25
      vertex -57.9043 44.096 1.6
    endloop
  endfacet
  facet normal -0.970025 -0.243004 0
    outer loop
      vertex -57.9043 44.096 7.25
      vertex -57.4035 42.0969 1.6
      vertex -57.4035 42.0969 7.25
    endloop
  endfacet
  facet normal -0.336853 0.941557 0
    outer loop
      vertex -69.9636 18.5985 1.6
      vertex -71.904 17.9043 7.25
      vertex -69.9636 18.5985 7.25
    endloop
  endfacet
  facet normal -0.336853 0.941557 0
    outer loop
      vertex -71.904 17.9043 7.25
      vertex -69.9636 18.5985 1.6
      vertex -71.904 17.9043 1.6
    endloop
  endfacet
  facet normal 0.51406 -0.857754 0
    outer loop
      vertex -89.667 55.4609 1.6
      vertex -87.8993 56.5203 7.25
      vertex -89.667 55.4609 7.25
    endloop
  endfacet
  facet normal 0.51406 -0.857754 0
    outer loop
      vertex -87.8993 56.5203 7.25
      vertex -89.667 55.4609 1.6
      vertex -87.8993 56.5203 1.6
    endloop
  endfacet
  facet normal 0.4276 -0.903968 0
    outer loop
      vertex -87.8993 56.5203 1.6
      vertex -86.0364 57.4015 7.25
      vertex -87.8993 56.5203 7.25
    endloop
  endfacet
  facet normal 0.4276 -0.903968 0
    outer loop
      vertex -86.0364 57.4015 7.25
      vertex -87.8993 56.5203 1.6
      vertex -86.0364 57.4015 1.6
    endloop
  endfacet
  facet normal -0.4276 0.903968 0
    outer loop
      vertex -68.1007 19.4797 1.6
      vertex -69.9636 18.5985 7.25
      vertex -68.1007 19.4797 7.25
    endloop
  endfacet
  facet normal -0.4276 0.903968 0
    outer loop
      vertex -69.9636 18.5985 7.25
      vertex -68.1007 19.4797 1.6
      vertex -69.9636 18.5985 1.6
    endloop
  endfacet
  facet normal -0.146739 0.989175 0
    outer loop
      vertex -73.9031 17.4035 1.6
      vertex -75.9416 17.1011 7.25
      vertex -73.9031 17.4035 7.25
    endloop
  endfacet
  facet normal -0.146739 0.989175 0
    outer loop
      vertex -75.9416 17.1011 7.25
      vertex -73.9031 17.4035 1.6
      vertex -75.9416 17.1011 1.6
    endloop
  endfacet
  facet normal -0.740927 -0.671585 0
    outer loop
      vertex -61.7668 51.3223 1.6
      vertex -63.1508 52.8492 7.25
      vertex -63.1508 52.8492 1.6
    endloop
  endfacet
  facet normal -0.740927 -0.671585 0
    outer loop
      vertex -63.1508 52.8492 7.25
      vertex -61.7668 51.3223 1.6
      vertex -61.7668 51.3223 7.25
    endloop
  endfacet
  facet normal -0.857754 0.51406 0
    outer loop
      vertex -60.5391 26.333 1.6
      vertex -59.4797 28.1007 7.25
      vertex -59.4797 28.1007 1.6
    endloop
  endfacet
  facet normal -0.857754 0.51406 0
    outer loop
      vertex -59.4797 28.1007 7.25
      vertex -60.5391 26.333 1.6
      vertex -60.5391 26.333 7.25
    endloop
  endfacet
  facet normal -0.4276 -0.903968 0
    outer loop
      vertex -69.9636 57.4015 1.6
      vertex -68.1007 56.5203 7.25
      vertex -69.9636 57.4015 7.25
    endloop
  endfacet
  facet normal -0.4276 -0.903968 -0
    outer loop
      vertex -68.1007 56.5203 7.25
      vertex -69.9636 57.4015 1.6
      vertex -68.1007 56.5203 1.6
    endloop
  endfacet
  facet normal -0.146739 -0.989175 0
    outer loop
      vertex -75.9416 58.8989 1.6
      vertex -73.9031 58.5965 7.25
      vertex -75.9416 58.8989 7.25
    endloop
  endfacet
  facet normal -0.146739 -0.989175 -0
    outer loop
      vertex -73.9031 58.5965 7.25
      vertex -75.9416 58.8989 1.6
      vertex -73.9031 58.5965 1.6
    endloop
  endfacet
  facet normal 0.970025 0.243004 0
    outer loop
      vertex -98.0957 31.904 7.25
      vertex -98.5965 33.9031 1.6
      vertex -98.5965 33.9031 7.25
    endloop
  endfacet
  facet normal 0.970025 0.243004 0
    outer loop
      vertex -98.5965 33.9031 1.6
      vertex -98.0957 31.904 7.25
      vertex -98.0957 31.904 1.6
    endloop
  endfacet
  facet normal -0.740927 0.671585 0
    outer loop
      vertex -63.1508 23.1508 1.6
      vertex -61.7668 24.6777 7.25
      vertex -61.7668 24.6777 1.6
    endloop
  endfacet
  facet normal -0.740927 0.671585 0
    outer loop
      vertex -61.7668 24.6777 7.25
      vertex -63.1508 23.1508 1.6
      vertex -63.1508 23.1508 7.25
    endloop
  endfacet
  facet normal -0.671585 -0.740927 0
    outer loop
      vertex -64.6777 54.2332 1.6
      vertex -63.1508 52.8492 7.25
      vertex -64.6777 54.2332 7.25
    endloop
  endfacet
  facet normal -0.671585 -0.740927 -0
    outer loop
      vertex -63.1508 52.8492 7.25
      vertex -64.6777 54.2332 1.6
      vertex -63.1508 52.8492 1.6
    endloop
  endfacet
  facet normal -0.803197 0.595714 0
    outer loop
      vertex -61.7668 24.6777 1.6
      vertex -60.5391 26.333 7.25
      vertex -60.5391 26.333 1.6
    endloop
  endfacet
  facet normal -0.803197 0.595714 0
    outer loop
      vertex -60.5391 26.333 7.25
      vertex -61.7668 24.6777 1.6
      vertex -61.7668 24.6777 7.25
    endloop
  endfacet
  facet normal 0.595714 0.803197 -0
    outer loop
      vertex -89.667 20.5391 1.6
      vertex -91.3223 21.7668 7.25
      vertex -89.667 20.5391 7.25
    endloop
  endfacet
  facet normal 0.595714 0.803197 0
    outer loop
      vertex -91.3223 21.7668 7.25
      vertex -89.667 20.5391 1.6
      vertex -91.3223 21.7668 1.6
    endloop
  endfacet
  facet normal 0.671585 -0.740927 0
    outer loop
      vertex -92.8492 52.8492 1.6
      vertex -91.3223 54.2332 7.25
      vertex -92.8492 52.8492 7.25
    endloop
  endfacet
  facet normal 0.671585 -0.740927 0
    outer loop
      vertex -91.3223 54.2332 7.25
      vertex -92.8492 52.8492 1.6
      vertex -91.3223 54.2332 1.6
    endloop
  endfacet
  facet normal -0.857754 -0.51406 0
    outer loop
      vertex -59.4797 47.8993 1.6
      vertex -60.5391 49.667 7.25
      vertex -60.5391 49.667 1.6
    endloop
  endfacet
  facet normal -0.857754 -0.51406 0
    outer loop
      vertex -60.5391 49.667 7.25
      vertex -59.4797 47.8993 1.6
      vertex -59.4797 47.8993 7.25
    endloop
  endfacet
  facet normal -0.989175 0.146739 0
    outer loop
      vertex -57.4035 33.9031 1.6
      vertex -57.1011 35.9416 7.25
      vertex -57.1011 35.9416 1.6
    endloop
  endfacet
  facet normal -0.989175 0.146739 0
    outer loop
      vertex -57.1011 35.9416 7.25
      vertex -57.4035 33.9031 1.6
      vertex -57.4035 33.9031 7.25
    endloop
  endfacet
  facet normal 0.146739 0.989175 -0
    outer loop
      vertex -80.0584 17.1011 1.6
      vertex -82.0969 17.4035 7.25
      vertex -80.0584 17.1011 7.25
    endloop
  endfacet
  facet normal 0.146739 0.989175 0
    outer loop
      vertex -82.0969 17.4035 7.25
      vertex -80.0584 17.1011 1.6
      vertex -82.0969 17.4035 1.6
    endloop
  endfacet
  facet normal -0.51406 0.857754 0
    outer loop
      vertex -66.333 20.5391 1.6
      vertex -68.1007 19.4797 7.25
      vertex -66.333 20.5391 7.25
    endloop
  endfacet
  facet normal -0.51406 0.857754 0
    outer loop
      vertex -68.1007 19.4797 7.25
      vertex -66.333 20.5391 1.6
      vertex -68.1007 19.4797 1.6
    endloop
  endfacet
  facet normal 0.595714 -0.803197 0
    outer loop
      vertex -91.3223 54.2332 1.6
      vertex -89.667 55.4609 7.25
      vertex -91.3223 54.2332 7.25
    endloop
  endfacet
  facet normal 0.595714 -0.803197 0
    outer loop
      vertex -89.667 55.4609 7.25
      vertex -91.3223 54.2332 1.6
      vertex -89.667 55.4609 1.6
    endloop
  endfacet
  facet normal 0.336853 0.941557 -0
    outer loop
      vertex -84.096 17.9043 1.6
      vertex -86.0364 18.5985 7.25
      vertex -84.096 17.9043 7.25
    endloop
  endfacet
  facet normal 0.336853 0.941557 0
    outer loop
      vertex -86.0364 18.5985 7.25
      vertex -84.096 17.9043 1.6
      vertex -86.0364 18.5985 1.6
    endloop
  endfacet
  facet normal -0.970025 0.243004 0
    outer loop
      vertex -57.9043 31.904 1.6
      vertex -57.4035 33.9031 7.25
      vertex -57.4035 33.9031 1.6
    endloop
  endfacet
  facet normal -0.970025 0.243004 0
    outer loop
      vertex -57.4035 33.9031 7.25
      vertex -57.9043 31.904 1.6
      vertex -57.9043 31.904 7.25
    endloop
  endfacet
  facet normal 0.989175 -0.146739 0
    outer loop
      vertex -98.8989 40.0584 7.25
      vertex -98.5965 42.0969 1.6
      vertex -98.5965 42.0969 7.25
    endloop
  endfacet
  facet normal 0.989175 -0.146739 0
    outer loop
      vertex -98.5965 42.0969 1.6
      vertex -98.8989 40.0584 7.25
      vertex -98.8989 40.0584 1.6
    endloop
  endfacet
  facet normal 0.941557 0.336853 0
    outer loop
      vertex -97.4015 29.9636 7.25
      vertex -98.0957 31.904 1.6
      vertex -98.0957 31.904 7.25
    endloop
  endfacet
  facet normal 0.941557 0.336853 0
    outer loop
      vertex -98.0957 31.904 1.6
      vertex -97.4015 29.9636 7.25
      vertex -97.4015 29.9636 1.6
    endloop
  endfacet
  facet normal 0.998796 0.0490567 0
    outer loop
      vertex -98.8989 35.9416 7.25
      vertex -99 38 1.6
      vertex -99 38 7.25
    endloop
  endfacet
  facet normal 0.998796 0.0490567 0
    outer loop
      vertex -99 38 1.6
      vertex -98.8989 35.9416 7.25
      vertex -98.8989 35.9416 1.6
    endloop
  endfacet
  facet normal -0.243004 -0.970025 0
    outer loop
      vertex -73.9031 58.5965 1.6
      vertex -71.904 58.0957 7.25
      vertex -73.9031 58.5965 7.25
    endloop
  endfacet
  facet normal -0.243004 -0.970025 -0
    outer loop
      vertex -71.904 58.0957 7.25
      vertex -73.9031 58.5965 1.6
      vertex -71.904 58.0957 1.6
    endloop
  endfacet
  facet normal -0.51406 -0.857754 0
    outer loop
      vertex -68.1007 56.5203 1.6
      vertex -66.333 55.4609 7.25
      vertex -68.1007 56.5203 7.25
    endloop
  endfacet
  facet normal -0.51406 -0.857754 -0
    outer loop
      vertex -66.333 55.4609 7.25
      vertex -68.1007 56.5203 1.6
      vertex -66.333 55.4609 1.6
    endloop
  endfacet
  facet normal -0.998796 0.0490567 0
    outer loop
      vertex -57.1011 35.9416 1.6
      vertex -57 38 7.25
      vertex -57 38 1.6
    endloop
  endfacet
  facet normal -0.998796 0.0490567 0
    outer loop
      vertex -57 38 7.25
      vertex -57.1011 35.9416 1.6
      vertex -57.1011 35.9416 7.25
    endloop
  endfacet
  facet normal -0.903968 0.4276 0
    outer loop
      vertex -59.4797 28.1007 1.6
      vertex -58.5985 29.9636 7.25
      vertex -58.5985 29.9636 1.6
    endloop
  endfacet
  facet normal -0.903968 0.4276 0
    outer loop
      vertex -58.5985 29.9636 7.25
      vertex -59.4797 28.1007 1.6
      vertex -59.4797 28.1007 7.25
    endloop
  endfacet
  facet normal 0.0490567 -0.998796 0
    outer loop
      vertex -80.0584 58.8989 1.6
      vertex -78 59 7.25
      vertex -80.0584 58.8989 7.25
    endloop
  endfacet
  facet normal 0.0490567 -0.998796 0
    outer loop
      vertex -78 59 7.25
      vertex -80.0584 58.8989 1.6
      vertex -78 59 1.6
    endloop
  endfacet
  facet normal 0.970025 -0.243004 0
    outer loop
      vertex -98.5965 42.0969 7.25
      vertex -98.0957 44.096 1.6
      vertex -98.0957 44.096 7.25
    endloop
  endfacet
  facet normal 0.970025 -0.243004 0
    outer loop
      vertex -98.0957 44.096 1.6
      vertex -98.5965 42.0969 7.25
      vertex -98.5965 42.0969 1.6
    endloop
  endfacet
  facet normal -0.0490567 -0.998796 0
    outer loop
      vertex -78 59 1.6
      vertex -75.9416 58.8989 7.25
      vertex -78 59 7.25
    endloop
  endfacet
  facet normal -0.0490567 -0.998796 -0
    outer loop
      vertex -75.9416 58.8989 7.25
      vertex -78 59 1.6
      vertex -75.9416 58.8989 1.6
    endloop
  endfacet
  facet normal -0.803197 -0.595714 0
    outer loop
      vertex -60.5391 49.667 1.6
      vertex -61.7668 51.3223 7.25
      vertex -61.7668 51.3223 1.6
    endloop
  endfacet
  facet normal -0.803197 -0.595714 0
    outer loop
      vertex -61.7668 51.3223 7.25
      vertex -60.5391 49.667 1.6
      vertex -60.5391 49.667 7.25
    endloop
  endfacet
  facet normal -0.595714 -0.803197 0
    outer loop
      vertex -66.333 55.4609 1.6
      vertex -64.6777 54.2332 7.25
      vertex -66.333 55.4609 7.25
    endloop
  endfacet
  facet normal -0.595714 -0.803197 -0
    outer loop
      vertex -64.6777 54.2332 7.25
      vertex -66.333 55.4609 1.6
      vertex -64.6777 54.2332 1.6
    endloop
  endfacet
  facet normal -0.0490567 0.998796 0
    outer loop
      vertex -75.9416 17.1011 1.6
      vertex -78 17 7.25
      vertex -75.9416 17.1011 7.25
    endloop
  endfacet
  facet normal -0.0490567 0.998796 0
    outer loop
      vertex -78 17 7.25
      vertex -75.9416 17.1011 1.6
      vertex -78 17 1.6
    endloop
  endfacet
  facet normal -0.941557 -0.336853 0
    outer loop
      vertex -57.9043 44.096 1.6
      vertex -58.5985 46.0364 7.25
      vertex -58.5985 46.0364 1.6
    endloop
  endfacet
  facet normal -0.941557 -0.336853 0
    outer loop
      vertex -58.5985 46.0364 7.25
      vertex -57.9043 44.096 1.6
      vertex -57.9043 44.096 7.25
    endloop
  endfacet
  facet normal -0.941557 0.336853 0
    outer loop
      vertex -58.5985 29.9636 1.6
      vertex -57.9043 31.904 7.25
      vertex -57.9043 31.904 1.6
    endloop
  endfacet
  facet normal -0.941557 0.336853 0
    outer loop
      vertex -57.9043 31.904 7.25
      vertex -58.5985 29.9636 1.6
      vertex -58.5985 29.9636 7.25
    endloop
  endfacet
  facet normal 0.243004 -0.970025 0
    outer loop
      vertex -84.096 58.0957 1.6
      vertex -82.0969 58.5965 7.25
      vertex -84.096 58.0957 7.25
    endloop
  endfacet
  facet normal 0.243004 -0.970025 0
    outer loop
      vertex -82.0969 58.5965 7.25
      vertex -84.096 58.0957 1.6
      vertex -82.0969 58.5965 1.6
    endloop
  endfacet
  facet normal 0.903968 -0.4276 0
    outer loop
      vertex -97.4015 46.0364 7.25
      vertex -96.5203 47.8993 1.6
      vertex -96.5203 47.8993 7.25
    endloop
  endfacet
  facet normal 0.903968 -0.4276 0
    outer loop
      vertex -96.5203 47.8993 1.6
      vertex -97.4015 46.0364 7.25
      vertex -97.4015 46.0364 1.6
    endloop
  endfacet
  facet normal 0.4276 0.903968 -0
    outer loop
      vertex -86.0364 18.5985 1.6
      vertex -87.8993 19.4797 7.25
      vertex -86.0364 18.5985 7.25
    endloop
  endfacet
  facet normal 0.4276 0.903968 0
    outer loop
      vertex -87.8993 19.4797 7.25
      vertex -86.0364 18.5985 1.6
      vertex -87.8993 19.4797 1.6
    endloop
  endfacet
  facet normal -0.903968 -0.4276 0
    outer loop
      vertex -58.5985 46.0364 1.6
      vertex -59.4797 47.8993 7.25
      vertex -59.4797 47.8993 1.6
    endloop
  endfacet
  facet normal -0.903968 -0.4276 0
    outer loop
      vertex -59.4797 47.8993 7.25
      vertex -58.5985 46.0364 1.6
      vertex -58.5985 46.0364 7.25
    endloop
  endfacet
  facet normal -0.595714 0.803197 0
    outer loop
      vertex -64.6777 21.7668 1.6
      vertex -66.333 20.5391 7.25
      vertex -64.6777 21.7668 7.25
    endloop
  endfacet
  facet normal -0.595714 0.803197 0
    outer loop
      vertex -66.333 20.5391 7.25
      vertex -64.6777 21.7668 1.6
      vertex -66.333 20.5391 1.6
    endloop
  endfacet
  facet normal 0.146739 -0.989175 0
    outer loop
      vertex -82.0969 58.5965 1.6
      vertex -80.0584 58.8989 7.25
      vertex -82.0969 58.5965 7.25
    endloop
  endfacet
  facet normal 0.146739 -0.989175 0
    outer loop
      vertex -80.0584 58.8989 7.25
      vertex -82.0969 58.5965 1.6
      vertex -80.0584 58.8989 1.6
    endloop
  endfacet
  facet normal -0.243004 0.970025 0
    outer loop
      vertex -71.904 17.9043 1.6
      vertex -73.9031 17.4035 7.25
      vertex -71.904 17.9043 7.25
    endloop
  endfacet
  facet normal -0.243004 0.970025 0
    outer loop
      vertex -73.9031 17.4035 7.25
      vertex -71.904 17.9043 1.6
      vertex -73.9031 17.4035 1.6
    endloop
  endfacet
  facet normal 0.740927 0.671585 0
    outer loop
      vertex -92.8492 23.1508 7.25
      vertex -94.2332 24.6777 1.6
      vertex -94.2332 24.6777 7.25
    endloop
  endfacet
  facet normal 0.740927 0.671585 0
    outer loop
      vertex -94.2332 24.6777 1.6
      vertex -92.8492 23.1508 7.25
      vertex -92.8492 23.1508 1.6
    endloop
  endfacet
  facet normal 0.857754 0.51406 0
    outer loop
      vertex -95.4609 26.333 7.25
      vertex -96.5203 28.1007 1.6
      vertex -96.5203 28.1007 7.25
    endloop
  endfacet
  facet normal 0.857754 0.51406 0
    outer loop
      vertex -96.5203 28.1007 1.6
      vertex -95.4609 26.333 7.25
      vertex -95.4609 26.333 1.6
    endloop
  endfacet
  facet normal 0.336853 -0.941557 0
    outer loop
      vertex -86.0364 57.4015 1.6
      vertex -84.096 58.0957 7.25
      vertex -86.0364 57.4015 7.25
    endloop
  endfacet
  facet normal 0.336853 -0.941557 0
    outer loop
      vertex -84.096 58.0957 7.25
      vertex -86.0364 57.4015 1.6
      vertex -84.096 58.0957 1.6
    endloop
  endfacet
  facet normal -0.336853 -0.941557 0
    outer loop
      vertex -71.904 58.0957 1.6
      vertex -69.9636 57.4015 7.25
      vertex -71.904 58.0957 7.25
    endloop
  endfacet
  facet normal -0.336853 -0.941557 -0
    outer loop
      vertex -69.9636 57.4015 7.25
      vertex -71.904 58.0957 1.6
      vertex -69.9636 57.4015 1.6
    endloop
  endfacet
  facet normal 0.51406 0.857754 -0
    outer loop
      vertex -87.8993 19.4797 1.6
      vertex -89.667 20.5391 7.25
      vertex -87.8993 19.4797 7.25
    endloop
  endfacet
  facet normal 0.51406 0.857754 0
    outer loop
      vertex -89.667 20.5391 7.25
      vertex -87.8993 19.4797 1.6
      vertex -89.667 20.5391 1.6
    endloop
  endfacet
  facet normal 0.941557 -0.336853 0
    outer loop
      vertex -98.0957 44.096 7.25
      vertex -97.4015 46.0364 1.6
      vertex -97.4015 46.0364 7.25
    endloop
  endfacet
  facet normal 0.941557 -0.336853 0
    outer loop
      vertex -97.4015 46.0364 1.6
      vertex -98.0957 44.096 7.25
      vertex -98.0957 44.096 1.6
    endloop
  endfacet
  facet normal 0.740927 -0.671585 0
    outer loop
      vertex -94.2332 51.3223 7.25
      vertex -92.8492 52.8492 1.6
      vertex -92.8492 52.8492 7.25
    endloop
  endfacet
  facet normal 0.740927 -0.671585 0
    outer loop
      vertex -92.8492 52.8492 1.6
      vertex -94.2332 51.3223 7.25
      vertex -94.2332 51.3223 1.6
    endloop
  endfacet
  facet normal 0.803197 0.595714 0
    outer loop
      vertex -94.2332 24.6777 7.25
      vertex -95.4609 26.333 1.6
      vertex -95.4609 26.333 7.25
    endloop
  endfacet
  facet normal 0.803197 0.595714 0
    outer loop
      vertex -95.4609 26.333 1.6
      vertex -94.2332 24.6777 7.25
      vertex -94.2332 24.6777 1.6
    endloop
  endfacet
  facet normal 0.857754 -0.51406 0
    outer loop
      vertex -96.5203 47.8993 7.25
      vertex -95.4609 49.667 1.6
      vertex -95.4609 49.667 7.25
    endloop
  endfacet
  facet normal 0.857754 -0.51406 0
    outer loop
      vertex -95.4609 49.667 1.6
      vertex -96.5203 47.8993 7.25
      vertex -96.5203 47.8993 1.6
    endloop
  endfacet
  facet normal 0.989175 0.146739 0
    outer loop
      vertex -98.5965 33.9031 7.25
      vertex -98.8989 35.9416 1.6
      vertex -98.8989 35.9416 7.25
    endloop
  endfacet
  facet normal 0.989175 0.146739 0
    outer loop
      vertex -98.8989 35.9416 1.6
      vertex -98.5965 33.9031 7.25
      vertex -98.5965 33.9031 1.6
    endloop
  endfacet
  facet normal 0.243004 0.970025 -0
    outer loop
      vertex -82.0969 17.4035 1.6
      vertex -84.096 17.9043 7.25
      vertex -82.0969 17.4035 7.25
    endloop
  endfacet
  facet normal 0.243004 0.970025 0
    outer loop
      vertex -84.096 17.9043 7.25
      vertex -82.0969 17.4035 1.6
      vertex -84.096 17.9043 1.6
    endloop
  endfacet
  facet normal 0.671585 0.740927 -0
    outer loop
      vertex -91.3223 21.7668 1.6
      vertex -92.8492 23.1508 7.25
      vertex -91.3223 21.7668 7.25
    endloop
  endfacet
  facet normal 0.671585 0.740927 0
    outer loop
      vertex -92.8492 23.1508 7.25
      vertex -91.3223 21.7668 1.6
      vertex -92.8492 23.1508 1.6
    endloop
  endfacet
  facet normal 0.803197 -0.595714 0
    outer loop
      vertex -95.4609 49.667 7.25
      vertex -94.2332 51.3223 1.6
      vertex -94.2332 51.3223 7.25
    endloop
  endfacet
  facet normal 0.803197 -0.595714 0
    outer loop
      vertex -94.2332 51.3223 1.6
      vertex -95.4609 49.667 7.25
      vertex -95.4609 49.667 1.6
    endloop
  endfacet
  facet normal 0.0490567 0.998796 -0
    outer loop
      vertex -78 17 1.6
      vertex -80.0584 17.1011 7.25
      vertex -78 17 7.25
    endloop
  endfacet
  facet normal 0.0490567 0.998796 0
    outer loop
      vertex -80.0584 17.1011 7.25
      vertex -78 17 1.6
      vertex -80.0584 17.1011 1.6
    endloop
  endfacet
  facet normal 0.998796 -0.0490567 0
    outer loop
      vertex -99 38 7.25
      vertex -98.8989 40.0584 1.6
      vertex -98.8989 40.0584 7.25
    endloop
  endfacet
  facet normal 0.998796 -0.0490567 0
    outer loop
      vertex -98.8989 40.0584 1.6
      vertex -99 38 7.25
      vertex -99 38 1.6
    endloop
  endfacet
  facet normal -0.671585 0.740927 0
    outer loop
      vertex -63.1508 23.1508 1.6
      vertex -64.6777 21.7668 7.25
      vertex -63.1508 23.1508 7.25
    endloop
  endfacet
  facet normal -0.671585 0.740927 0
    outer loop
      vertex -64.6777 21.7668 7.25
      vertex -63.1508 23.1508 1.6
      vertex -64.6777 21.7668 1.6
    endloop
  endfacet
  facet normal 1 -0 0
    outer loop
      vertex -37.5 25.5 19.55
      vertex -37.5 59.5 3.85
      vertex -37.5 59.5 19.55
    endloop
  endfacet
  facet normal 1 0 0
    outer loop
      vertex -37.5 59.5 3.85
      vertex -37.5 25.5 19.55
      vertex -37.5 25.5 3.85
    endloop
  endfacet
  facet normal -0 0 1
    outer loop
      vertex -40.5 59.5 19.55
      vertex -37.5 25.5 19.55
      vertex -37.5 59.5 19.55
    endloop
  endfacet
  facet normal 0 0 1
    outer loop
      vertex -37.5 25.5 19.55
      vertex -40.5 59.5 19.55
      vertex -40.5 25.5 19.55
    endloop
  endfacet
  facet normal -1 0 0
    outer loop
      vertex -40.5 25.5 1.6
      vertex -40.5 59.5 19.55
      vertex -40.5 59.5 1.6
    endloop
  endfacet
  facet normal -1 -0 0
    outer loop
      vertex -40.5 59.5 19.55
      vertex -40.5 25.5 1.6
      vertex -40.5 25.5 19.55
    endloop
  endfacet
  facet normal 0 1 0
    outer loop
      vertex -9.5 59.5 19.55
      vertex -12.5 59.5 3.85
      vertex -12.5 59.5 19.55
    endloop
  endfacet
  facet normal 0 1 0
    outer loop
      vertex -12.5 59.5 3.85
      vertex -9.5 59.5 1.6
      vertex -37.5 59.5 3.85
    endloop
  endfacet
  facet normal 0 1 -0
    outer loop
      vertex -9.5 59.5 1.6
      vertex -12.5 59.5 3.85
      vertex -9.5 59.5 19.55
    endloop
  endfacet
  facet normal 0 1 -0
    outer loop
      vertex -37.5 59.5 3.85
      vertex -40.5 59.5 19.55
      vertex -37.5 59.5 19.55
    endloop
  endfacet
  facet normal 0 1 0
    outer loop
      vertex -37.5 59.5 3.85
      vertex -40.5 59.5 1.6
      vertex -40.5 59.5 19.55
    endloop
  endfacet
  facet normal 0 1 0
    outer loop
      vertex -40.5 59.5 1.6
      vertex -37.5 59.5 3.85
      vertex -9.5 59.5 1.6
    endloop
  endfacet
  facet normal 0 -1 0
    outer loop
      vertex -40.5 25.5 19.55
      vertex -37.5 25.5 3.85
      vertex -37.5 25.5 19.55
    endloop
  endfacet
  facet normal 0 -1 -0
    outer loop
      vertex -37.5 25.5 3.85
      vertex -40.5 25.5 1.6
      vertex -12.5 25.5 3.85
    endloop
  endfacet
  facet normal 0 -1 0
    outer loop
      vertex -40.5 25.5 1.6
      vertex -37.5 25.5 3.85
      vertex -40.5 25.5 19.55
    endloop
  endfacet
  facet normal 0 -1 0
    outer loop
      vertex -12.5 25.5 3.85
      vertex -9.5 25.5 19.55
      vertex -12.5 25.5 19.55
    endloop
  endfacet
  facet normal 0 -1 0
    outer loop
      vertex -12.5 25.5 3.85
      vertex -9.5 25.5 1.6
      vertex -9.5 25.5 19.55
    endloop
  endfacet
  facet normal 0 -1 0
    outer loop
      vertex -9.5 25.5 1.6
      vertex -12.5 25.5 3.85
      vertex -40.5 25.5 1.6
    endloop
  endfacet
  facet normal 1 -0 0
    outer loop
      vertex -9.5 25.5 19.55
      vertex -9.5 59.5 1.6
      vertex -9.5 59.5 19.55
    endloop
  endfacet
  facet normal 1 0 0
    outer loop
      vertex -9.5 59.5 1.6
      vertex -9.5 25.5 19.55
      vertex -9.5 25.5 1.6
    endloop
  endfacet
  facet normal -0 0 1
    outer loop
      vertex -12.5 59.5 19.55
      vertex -9.5 25.5 19.55
      vertex -9.5 59.5 19.55
    endloop
  endfacet
  facet normal 0 0 1
    outer loop
      vertex -9.5 25.5 19.55
      vertex -12.5 59.5 19.55
      vertex -12.5 25.5 19.55
    endloop
  endfacet
  facet normal -1 0 0
    outer loop
      vertex -12.5 25.5 3.85
      vertex -12.5 59.5 19.55
      vertex -12.5 59.5 3.85
    endloop
  endfacet
  facet normal -1 -0 0
    outer loop
      vertex -12.5 59.5 19.55
      vertex -12.5 25.5 3.85
      vertex -12.5 25.5 19.55
    endloop
  endfacet
  facet normal -0 0 1
    outer loop
      vertex -37.5 59.5 3.85
      vertex -12.5 25.5 3.85
      vertex -12.5 59.5 3.85
    endloop
  endfacet
  facet normal 0 0 1
    outer loop
      vertex -12.5 25.5 3.85
      vertex -37.5 59.5 3.85
      vertex -37.5 25.5 3.85
    endloop
  endfacet
  facet normal 1 -0 0
    outer loop
      vertex 31.5 35 11.25
      vertex 31.5 55 1.6
      vertex 31.5 55 11.25
    endloop
  endfacet
  facet normal 1 0 0
    outer loop
      vertex 31.5 55 1.6
      vertex 31.5 35 11.25
      vertex 31.5 35 1.6
    endloop
  endfacet
  facet normal 0 0 1
    outer loop
      vertex 31.5 55 11.25
      vertex 28.5 52 11.25
      vertex 31.5 35 11.25
    endloop
  endfacet
  facet normal 0 0 1
    outer loop
      vertex 31.5 55 11.25
      vertex 3.5 52 11.25
      vertex 28.5 52 11.25
    endloop
  endfacet
  facet normal 0 0 1
    outer loop
      vertex 3.5 52 11.25
      vertex 0.5 55 11.25
      vertex 3.5 38 11.25
    endloop
  endfacet
  facet normal -0 0 1
    outer loop
      vertex 0.5 55 11.25
      vertex 3.5 52 11.25
      vertex 31.5 55 11.25
    endloop
  endfacet
  facet normal -0 0 1
    outer loop
      vertex 28.5 38 11.25
      vertex 31.5 35 11.25
      vertex 28.5 52 11.25
    endloop
  endfacet
  facet normal -0 0 1
    outer loop
      vertex 3.5 38 11.25
      vertex 31.5 35 11.25
      vertex 28.5 38 11.25
    endloop
  endfacet
  facet normal 0 0 1
    outer loop
      vertex 3.5 38 11.25
      vertex 0.5 35 11.25
      vertex 31.5 35 11.25
    endloop
  endfacet
  facet normal 0 0 1
    outer loop
      vertex 0.5 35 11.25
      vertex 3.5 38 11.25
      vertex 0.5 55 11.25
    endloop
  endfacet
  facet normal -1 0 0
    outer loop
      vertex 0.5 35 1.6
      vertex 0.5 55 11.25
      vertex 0.5 55 1.6
    endloop
  endfacet
  facet normal -1 -0 0
    outer loop
      vertex 0.5 55 11.25
      vertex 0.5 35 1.6
      vertex 0.5 35 11.25
    endloop
  endfacet
  facet normal 0 1 -0
    outer loop
      vertex 31.5 55 1.6
      vertex 0.5 55 11.25
      vertex 31.5 55 11.25
    endloop
  endfacet
  facet normal 0 1 0
    outer loop
      vertex 0.5 55 11.25
      vertex 31.5 55 1.6
      vertex 0.5 55 1.6
    endloop
  endfacet
  facet normal 0 -1 0
    outer loop
      vertex 0.5 35 1.6
      vertex 31.5 35 11.25
      vertex 0.5 35 11.25
    endloop
  endfacet
  facet normal 0 -1 -0
    outer loop
      vertex 31.5 35 11.25
      vertex 0.5 35 1.6
      vertex 31.5 35 1.6
    endloop
  endfacet
  facet normal -1 0 0
    outer loop
      vertex 28.5 38 3.75
      vertex 28.5 52 11.25
      vertex 28.5 52 3.75
    endloop
  endfacet
  facet normal -1 -0 0
    outer loop
      vertex 28.5 52 11.25
      vertex 28.5 38 3.75
      vertex 28.5 38 11.25
    endloop
  endfacet
  facet normal -0 0 1
    outer loop
      vertex 3.5 52 3.75
      vertex 28.5 38 3.75
      vertex 28.5 52 3.75
    endloop
  endfacet
  facet normal 0 0 1
    outer loop
      vertex 28.5 38 3.75
      vertex 3.5 52 3.75
      vertex 3.5 38 3.75
    endloop
  endfacet
  facet normal 1 -0 0
    outer loop
      vertex 3.5 38 11.25
      vertex 3.5 52 3.75
      vertex 3.5 52 11.25
    endloop
  endfacet
  facet normal 1 0 0
    outer loop
      vertex 3.5 52 3.75
      vertex 3.5 38 11.25
      vertex 3.5 38 3.75
    endloop
  endfacet
  facet normal 0 -1 0
    outer loop
      vertex 3.5 52 3.75
      vertex 28.5 52 11.25
      vertex 3.5 52 11.25
    endloop
  endfacet
  facet normal 0 -1 -0
    outer loop
      vertex 28.5 52 11.25
      vertex 3.5 52 3.75
      vertex 28.5 52 3.75
    endloop
  endfacet
  facet normal 0 1 -0
    outer loop
      vertex 28.5 38 3.75
      vertex 3.5 38 11.25
      vertex 28.5 38 11.25
    endloop
  endfacet
  facet normal 0 1 0
    outer loop
      vertex 3.5 38 11.25
      vertex 28.5 38 3.75
      vertex 3.5 38 3.75
    endloop
  endfacet
  facet normal 1 0 0
    outer loop
      vertex 105 31.5 42.25
      vertex 105 24.5 35.25
      vertex 105 31.5 1.6
    endloop
  endfacet
  facet normal 1 0 0
    outer loop
      vertex 105 31.5 42.25
      vertex 105 -24.5 35.25
      vertex 105 24.5 35.25
    endloop
  endfacet
  facet normal 1 0 0
    outer loop
      vertex 105 -31.5 1.6
      vertex 105 -24.5 35.25
      vertex 105 -31.5 42.25
    endloop
  endfacet
  facet normal 1 -0 0
    outer loop
      vertex 105 -31.5 42.25
      vertex 105 -24.5 35.25
      vertex 105 31.5 42.25
    endloop
  endfacet
  facet normal 1 -0 0
    outer loop
      vertex 105 31.5 1.6
      vertex 105 60 -1.6
      vertex 105 60 1.6
    endloop
  endfacet
  facet normal 1 -0 0
    outer loop
      vertex 105 24.5 8.25
      vertex 105 31.5 1.6
      vertex 105 24.5 35.25
    endloop
  endfacet
  facet normal 1 -0 0
    outer loop
      vertex 105 -24.5 8.25
      vertex 105 31.5 1.6
      vertex 105 24.5 8.25
    endloop
  endfacet
  facet normal 1 0 0
    outer loop
      vertex 105 -24.5 35.25
      vertex 105 -31.5 1.6
      vertex 105 -24.5 8.25
    endloop
  endfacet
  facet normal 1 0 0
    outer loop
      vertex 105 -31.5 1.6
      vertex 105 31.5 1.6
      vertex 105 -24.5 8.25
    endloop
  endfacet
  facet normal 1 -0 0
    outer loop
      vertex 105 -31.5 1.6
      vertex 105 60 -1.6
      vertex 105 31.5 1.6
    endloop
  endfacet
  facet normal 1 0 0
    outer loop
      vertex 105 -60 -1.6
      vertex 105 -31.5 1.6
      vertex 105 -60 1.6
    endloop
  endfacet
  facet normal 1 0 0
    outer loop
      vertex 105 -31.5 1.6
      vertex 105 -60 -1.6
      vertex 105 60 -1.6
    endloop
  endfacet
  facet normal 0 0 1
    outer loop
      vertex 105 31.5 42.25
      vertex 102 28.5 42.25
      vertex 105 -31.5 42.25
    endloop
  endfacet
  facet normal -0 0 1
    outer loop
      vertex 93.5 31.5 42.25
      vertex 102 28.5 42.25
      vertex 105 31.5 42.25
    endloop
  endfacet
  facet normal 0 0 1
    outer loop
      vertex 102 28.5 42.25
      vertex 93.5 31.5 42.25
      vertex 93.5 28.5 42.25
    endloop
  endfacet
  facet normal -0 0 1
    outer loop
      vertex 102 -28.5 42.25
      vertex 105 -31.5 42.25
      vertex 102 28.5 42.25
    endloop
  endfacet
  facet normal 0 0 1
    outer loop
      vertex 93.5 -31.5 42.25
      vertex 102 -28.5 42.25
      vertex 93.5 -28.5 42.25
    endloop
  endfacet
  facet normal 0 0 1
    outer loop
      vertex 102 -28.5 42.25
      vertex 93.5 -31.5 42.25
      vertex 105 -31.5 42.25
    endloop
  endfacet
  facet normal -1 0 0
    outer loop
      vertex 102 24.5 35.25
      vertex 102 28.5 4.25
      vertex 102 24.5 8.25
    endloop
  endfacet
  facet normal -1 0 0
    outer loop
      vertex 102 28.5 4.25
      vertex 102 -24.5 8.25
      vertex 102 24.5 8.25
    endloop
  endfacet
  facet normal -1 -0 0
    outer loop
      vertex 102 -24.5 8.25
      vertex 102 -28.5 4.25
      vertex 102 -24.5 35.25
    endloop
  endfacet
  facet normal -1 0 0
    outer loop
      vertex 102 -28.5 4.25
      vertex 102 -24.5 8.25
      vertex 102 28.5 4.25
    endloop
  endfacet
  facet normal -1 0 0
    outer loop
      vertex 102 28.5 4.25
      vertex 102 24.5 35.25
      vertex 102 28.5 42.25
    endloop
  endfacet
  facet normal -1 0 0
    outer loop
      vertex 102 -24.5 35.25
      vertex 102 28.5 42.25
      vertex 102 24.5 35.25
    endloop
  endfacet
  facet normal -1 0 0
    outer loop
      vertex 102 -24.5 35.25
      vertex 102 -28.5 42.25
      vertex 102 28.5 42.25
    endloop
  endfacet
  facet normal -1 0 0
    outer loop
      vertex 102 -28.5 42.25
      vertex 102 -24.5 35.25
      vertex 102 -28.5 4.25
    endloop
  endfacet
  facet normal 0 1 0
    outer loop
      vertex 105 31.5 42.25
      vertex 93.5 31.5 12.3318
      vertex 93.5 31.5 42.25
    endloop
  endfacet
  facet normal 0 1 0
    outer loop
      vertex 93.5 31.5 12.3318
      vertex 93.5 31.5 2.15
      vertex 85.5 31.5 5.35
    endloop
  endfacet
  facet normal 0 1 -0
    outer loop
      vertex 105 31.5 1.6
      vertex 93.5 31.5 12.3318
      vertex 105 31.5 42.25
    endloop
  endfacet
  facet normal 0 1 0
    outer loop
      vertex 93.5 31.5 12.3318
      vertex 105 31.5 1.6
      vertex 93.5 31.5 2.15
    endloop
  endfacet
  facet normal 0 1 0
    outer loop
      vertex 93.5 31.5 2.15
      vertex 105 31.5 1.6
      vertex 93.5 31.5 1.6
    endloop
  endfacet
  facet normal 0 1 0
    outer loop
      vertex 85.5 31.5 5.35
      vertex 93.5 31.5 2.15
      vertex 85.5 31.5 2.15
    endloop
  endfacet
  facet normal 0 -1 0
    outer loop
      vertex 93.5 -31.5 12.3318
      vertex 105 -31.5 42.25
      vertex 93.5 -31.5 42.25
    endloop
  endfacet
  facet normal 0 -1 0
    outer loop
      vertex 104.5 -31.5 6.25
      vertex 93.5 -31.5 12.3318
      vertex 86.5312 -31.5 6.25
    endloop
  endfacet
  facet normal 0 -1 0
    outer loop
      vertex 104.5 -31.5 6.25
      vertex 105 -31.5 42.25
      vertex 93.5 -31.5 12.3318
    endloop
  endfacet
  facet normal 0 -1 0
    outer loop
      vertex 105 -31.5 1.6
      vertex 104.5 -31.5 6.25
      vertex 104.5 -31.5 1.6
    endloop
  endfacet
  facet normal 0 -1 0
    outer loop
      vertex 104.5 -31.5 6.25
      vertex 105 -31.5 1.6
      vertex 105 -31.5 42.25
    endloop
  endfacet
  facet normal 0 0 -1
    outer loop
      vertex 102 -24.5 35.25
      vertex 105 24.5 35.25
      vertex 105 -24.5 35.25
    endloop
  endfacet
  facet normal -0 0 -1
    outer loop
      vertex 105 24.5 35.25
      vertex 102 -24.5 35.25
      vertex 102 24.5 35.25
    endloop
  endfacet
  facet normal -0 0 1
    outer loop
      vertex 102 24.5 8.25
      vertex 105 -24.5 8.25
      vertex 105 24.5 8.25
    endloop
  endfacet
  facet normal 0 0 1
    outer loop
      vertex 105 -24.5 8.25
      vertex 102 24.5 8.25
      vertex 102 -24.5 8.25
    endloop
  endfacet
  facet normal 0 -1 0
    outer loop
      vertex 102 24.5 8.25
      vertex 105 24.5 35.25
      vertex 102 24.5 35.25
    endloop
  endfacet
  facet normal 0 -1 -0
    outer loop
      vertex 105 24.5 35.25
      vertex 102 24.5 8.25
      vertex 105 24.5 8.25
    endloop
  endfacet
  facet normal 0 1 -0
    outer loop
      vertex 105 -24.5 8.25
      vertex 102 -24.5 35.25
      vertex 105 -24.5 35.25
    endloop
  endfacet
  facet normal 0 1 0
    outer loop
      vertex 102 -24.5 35.25
      vertex 105 -24.5 8.25
      vertex 102 -24.5 8.25
    endloop
  endfacet
  facet normal -1 0 0
    outer loop
      vertex 93.5 31.5 1.6
      vertex 93.5 28.5 2.15
      vertex 93.5 31.5 2.15
    endloop
  endfacet
  facet normal -1 0 0
    outer loop
      vertex 93.5 28.5 2.15
      vertex 93.5 -28.5 2.15
      vertex 93.5 28.5 4.25
    endloop
  endfacet
  facet normal -1 0 0
    outer loop
      vertex 93.5 -31 1.6
      vertex 93.5 28.5 2.15
      vertex 93.5 31.5 1.6
    endloop
  endfacet
  facet normal -1 -0 0
    outer loop
      vertex 93.5 28.5 2.15
      vertex 93.5 -31 1.6
      vertex 93.5 -28.5 2.15
    endloop
  endfacet
  facet normal -1 -0 0
    outer loop
      vertex 93.5 -28.5 2.15
      vertex 93.5 -31 1.6
      vertex 93.5 -31 2.15
    endloop
  endfacet
  facet normal -1 -0 0
    outer loop
      vertex 93.5 28.5 4.25
      vertex 93.5 -28.5 2.15
      vertex 93.5 -28.5 4.25
    endloop
  endfacet
  facet normal -1 0 0
    outer loop
      vertex 93.5 -31.5 12.3318
      vertex 93.5 -28.5 42.25
      vertex 93.5 -28.5 12.3318
    endloop
  endfacet
  facet normal -1 -0 0
    outer loop
      vertex 93.5 -28.5 42.25
      vertex 93.5 -31.5 12.3318
      vertex 93.5 -31.5 42.25
    endloop
  endfacet
  facet normal -1 0 0
    outer loop
      vertex 93.5 28.5 12.3318
      vertex 93.5 31.5 42.25
      vertex 93.5 31.5 12.3318
    endloop
  endfacet
  facet normal -1 -0 0
    outer loop
      vertex 93.5 31.5 42.25
      vertex 93.5 28.5 12.3318
      vertex 93.5 28.5 42.25
    endloop
  endfacet
  facet normal 0 1 0
    outer loop
      vertex 102 -28.5 42.25
      vertex 93.5 -28.5 12.3318
      vertex 93.5 -28.5 42.25
    endloop
  endfacet
  facet normal 0 1 -0
    outer loop
      vertex 102 -28.5 4.25
      vertex 93.5 -28.5 12.3318
      vertex 102 -28.5 42.25
    endloop
  endfacet
  facet normal 0 1 0
    outer loop
      vertex 93.5 -28.5 4.25
      vertex 93.5 -28.5 12.3318
      vertex 102 -28.5 4.25
    endloop
  endfacet
  facet normal 0 1 0
    outer loop
      vertex 93.5 -28.5 12.3318
      vertex 93.5 -28.5 4.25
      vertex 85.5 -28.5 5.35
    endloop
  endfacet
  facet normal 0 1 0
    outer loop
      vertex 85.5 -28.5 2.15
      vertex 93.5 -28.5 4.25
      vertex 93.5 -28.5 2.15
    endloop
  endfacet
  facet normal 0 1 0
    outer loop
      vertex 93.5 -28.5 4.25
      vertex 85.5 -28.5 2.15
      vertex 85.5 -28.5 5.35
    endloop
  endfacet
  facet normal 0 -1 0
    outer loop
      vertex 85.5 28.5 2.15
      vertex 93.5 28.5 4.25
      vertex 85.5 28.5 5.35
    endloop
  endfacet
  facet normal 0 -1 -0
    outer loop
      vertex 93.5 28.5 4.25
      vertex 85.5 28.5 2.15
      vertex 93.5 28.5 2.15
    endloop
  endfacet
  facet normal 0 -1 0
    outer loop
      vertex 93.5 28.5 12.3318
      vertex 102 28.5 42.25
      vertex 93.5 28.5 42.25
    endloop
  endfacet
  facet normal 0 -1 0
    outer loop
      vertex 93.5 28.5 4.25
      vertex 93.5 28.5 12.3318
      vertex 85.5 28.5 5.35
    endloop
  endfacet
  facet normal 0 -1 0
    outer loop
      vertex 102 28.5 4.25
      vertex 93.5 28.5 12.3318
      vertex 93.5 28.5 4.25
    endloop
  endfacet
  facet normal 0 -1 0
    outer loop
      vertex 93.5 28.5 12.3318
      vertex 102 28.5 4.25
      vertex 102 28.5 42.25
    endloop
  endfacet
  facet normal -0 0 1
    outer loop
      vertex 93.5 28.5 4.25
      vertex 102 -28.5 4.25
      vertex 102 28.5 4.25
    endloop
  endfacet
  facet normal 0 0 1
    outer loop
      vertex 102 -28.5 4.25
      vertex 93.5 28.5 4.25
      vertex 93.5 -28.5 4.25
    endloop
  endfacet
  facet normal -0.65753 0 0.753428
    outer loop
      vertex 93.5 -28.5 12.3318
      vertex 86.5312 -31 6.25
      vertex 93.5 -31.5 12.3318
    endloop
  endfacet
  facet normal -0.657533 1.3857e-05 0.753426
    outer loop
      vertex 85.5 -28.5 5.35
      vertex 86.5312 -31 6.25
      vertex 93.5 -28.5 12.3318
    endloop
  endfacet
  facet normal -0.657552 0 0.753409
    outer loop
      vertex 86.5312 -31 6.25
      vertex 85.5 -28.5 5.35
      vertex 85.5 -31 5.35
    endloop
  endfacet
  facet normal -0.65753 0 0.753428
    outer loop
      vertex 93.5 -31.5 12.3318
      vertex 86.5312 -31 6.25
      vertex 86.5312 -31.5 6.25
    endloop
  endfacet
  facet normal -1 0 0
    outer loop
      vertex 85.5 -31 2.15
      vertex 85.5 -28.5 5.35
      vertex 85.5 -28.5 2.15
    endloop
  endfacet
  facet normal -1 -0 0
    outer loop
      vertex 85.5 -28.5 5.35
      vertex 85.5 -31 2.15
      vertex 85.5 -31 5.35
    endloop
  endfacet
  facet normal 0 0 -1
    outer loop
      vertex 85.5 -31 2.15
      vertex 93.5 -28.5 2.15
      vertex 93.5 -31 2.15
    endloop
  endfacet
  facet normal -0 0 -1
    outer loop
      vertex 93.5 -28.5 2.15
      vertex 85.5 -31 2.15
      vertex 85.5 -28.5 2.15
    endloop
  endfacet
  facet normal -0.657533 0 0.753426
    outer loop
      vertex 85.5 31.5 5.35
      vertex 93.5 28.5 12.3318
      vertex 93.5 31.5 12.3318
    endloop
  endfacet
  facet normal -0.657533 0 0.753426
    outer loop
      vertex 93.5 28.5 12.3318
      vertex 85.5 31.5 5.35
      vertex 85.5 28.5 5.35
    endloop
  endfacet
  facet normal -1 0 0
    outer loop
      vertex 85.5 28.5 2.15
      vertex 85.5 31.5 5.35
      vertex 85.5 31.5 2.15
    endloop
  endfacet
  facet normal -1 -0 0
    outer loop
      vertex 85.5 31.5 5.35
      vertex 85.5 28.5 2.15
      vertex 85.5 28.5 5.35
    endloop
  endfacet
  facet normal 0 0 -1
    outer loop
      vertex 85.5 28.5 2.15
      vertex 93.5 31.5 2.15
      vertex 93.5 28.5 2.15
    endloop
  endfacet
  facet normal -0 0 -1
    outer loop
      vertex 93.5 31.5 2.15
      vertex 85.5 28.5 2.15
      vertex 85.5 31.5 2.15
    endloop
  endfacet
  facet normal 0 0 1
    outer loop
      vertex -94.9706 54.9706 1.6
      vertex -96.4294 53.6506 1.6
      vertex -96.3636 53.4336 1.6
    endloop
  endfacet
  facet normal 0 0 1
    outer loop
      vertex -97.6684 54.6673 1.6
      vertex -94.9706 54.9706 1.6
      vertex -93.2254 56.5522 1.6
    endloop
  endfacet
  facet normal 0 0 1
    outer loop
      vertex -94.9706 54.9706 1.6
      vertex -96.5865 53.9445 1.6
      vertex -96.4294 53.6506 1.6
    endloop
  endfacet
  facet normal 0 0 1
    outer loop
      vertex -94.9706 54.9706 1.6
      vertex -96.7979 54.2021 1.6
      vertex -96.5865 53.9445 1.6
    endloop
  endfacet
  facet normal 0 0 1
    outer loop
      vertex -105 60 1.6
      vertex -93.2254 56.5522 1.6
      vertex -91.3337 57.9553 1.6
    endloop
  endfacet
  facet normal 0 0 1
    outer loop
      vertex -94.9706 54.9706 1.6
      vertex -97.0555 54.4135 1.6
      vertex -96.7979 54.2021 1.6
    endloop
  endfacet
  facet normal 0 0 1
    outer loop
      vertex -94.9706 54.9706 1.6
      vertex -97.3494 54.5706 1.6
      vertex -97.0555 54.4135 1.6
    endloop
  endfacet
  facet normal 0 0 1
    outer loop
      vertex -105 60 1.6
      vertex -91.3337 57.9553 1.6
      vertex -89.3135 59.1661 1.6
    endloop
  endfacet
  facet normal 0 0 1
    outer loop
      vertex -94.9706 54.9706 1.6
      vertex -97.6684 54.6673 1.6
      vertex -97.3494 54.5706 1.6
    endloop
  endfacet
  facet normal 0 0 1
    outer loop
      vertex -93.2254 56.5522 1.6
      vertex -98 54.7 1.6
      vertex -97.6684 54.6673 1.6
    endloop
  endfacet
  facet normal 0 0 1
    outer loop
      vertex -93.2254 56.5522 1.6
      vertex -105 60 1.6
      vertex -98 54.7 1.6
    endloop
  endfacet
  facet normal 0 0 1
    outer loop
      vertex -98 54.7 1.6
      vertex -105 60 1.6
      vertex -98.3316 54.6673 1.6
    endloop
  endfacet
  facet normal 0 0 1
    outer loop
      vertex -99.6673 52.6683 1.6
      vertex -105 60 1.6
      vertex -100.173 47.1844 1.6
    endloop
  endfacet
  facet normal 0 0 1
    outer loop
      vertex -105 60 1.6
      vertex -99.7 53 1.6
      vertex -99.6673 53.3317 1.6
    endloop
  endfacet
  facet normal 0 0 1
    outer loop
      vertex -100.173 47.1844 1.6
      vertex -105 60 1.6
      vertex -100.967 44.9668 1.6
    endloop
  endfacet
  facet normal 0 0 1
    outer loop
      vertex -101.884 40.3524 1.6
      vertex -105 60 1.6
      vertex -102 38 1.6
    endloop
  endfacet
  facet normal 0 0 1
    outer loop
      vertex -101.539 42.6822 1.6
      vertex -105 60 1.6
      vertex -101.884 40.3524 1.6
    endloop
  endfacet
  facet normal 0 0 1
    outer loop
      vertex -100.967 44.9668 1.6
      vertex -105 60 1.6
      vertex -101.539 42.6822 1.6
    endloop
  endfacet
  facet normal 0 0 1
    outer loop
      vertex -99.5706 53.6506 1.6
      vertex -105 60 1.6
      vertex -99.6673 53.3317 1.6
    endloop
  endfacet
  facet normal 0 0 1
    outer loop
      vertex -99.4135 53.9445 1.6
      vertex -105 60 1.6
      vertex -99.5706 53.6506 1.6
    endloop
  endfacet
  facet normal 0 0 1
    outer loop
      vertex -99.2021 54.2021 1.6
      vertex -105 60 1.6
      vertex -99.4135 53.9445 1.6
    endloop
  endfacet
  facet normal 0 0 1
    outer loop
      vertex -98.9445 54.4135 1.6
      vertex -105 60 1.6
      vertex -99.2021 54.2021 1.6
    endloop
  endfacet
  facet normal 0 0 1
    outer loop
      vertex -98.6506 54.5706 1.6
      vertex -105 60 1.6
      vertex -98.9445 54.4135 1.6
    endloop
  endfacet
  facet normal 0 0 1
    outer loop
      vertex -98.3316 54.6673 1.6
      vertex -105 60 1.6
      vertex -98.6506 54.5706 1.6
    endloop
  endfacet
  facet normal -0 0 1
    outer loop
      vertex -105 60 1.6
      vertex -89.3135 59.1661 1.6
      vertex -87.5504 60 1.6
    endloop
  endfacet
  facet normal -0 0 1
    outer loop
      vertex -98 51.3 1.6
      vertex -99.1661 49.3135 1.6
      vertex -97.9739 51.3026 1.6
    endloop
  endfacet
  facet normal 0 0 1
    outer loop
      vertex -98.3316 51.3327 1.6
      vertex -99.1661 49.3135 1.6
      vertex -98 51.3 1.6
    endloop
  endfacet
  facet normal 0 0 1
    outer loop
      vertex -98.6506 51.4294 1.6
      vertex -99.1661 49.3135 1.6
      vertex -98.3316 51.3327 1.6
    endloop
  endfacet
  facet normal 0 0 1
    outer loop
      vertex -98.9445 51.5865 1.6
      vertex -99.1661 49.3135 1.6
      vertex -98.6506 51.4294 1.6
    endloop
  endfacet
  facet normal 0 0 1
    outer loop
      vertex -99.2021 51.7979 1.6
      vertex -99.1661 49.3135 1.6
      vertex -98.9445 51.5865 1.6
    endloop
  endfacet
  facet normal 0 0 1
    outer loop
      vertex -99.4135 52.0555 1.6
      vertex -99.1661 49.3135 1.6
      vertex -99.2021 51.7979 1.6
    endloop
  endfacet
  facet normal 0 0 1
    outer loop
      vertex -99.5706 52.3494 1.6
      vertex -99.1661 49.3135 1.6
      vertex -99.4135 52.0555 1.6
    endloop
  endfacet
  facet normal 0 0 1
    outer loop
      vertex -100.173 47.1844 1.6
      vertex -99.5706 52.3494 1.6
      vertex -99.6673 52.6683 1.6
    endloop
  endfacet
  facet normal 0 0 1
    outer loop
      vertex -99.5706 52.3494 1.6
      vertex -100.173 47.1844 1.6
      vertex -99.1661 49.3135 1.6
    endloop
  endfacet
  facet normal 0 0 1
    outer loop
      vertex -105 60 1.6
      vertex -99.6673 52.6683 1.6
      vertex -99.7 53 1.6
    endloop
  endfacet
  facet normal 0 0 1
    outer loop
      vertex -86.6697 -0.38321 1.6
      vertex -90.6684 10.3327 1.6
      vertex -86.9722 -0.544928 1.6
    endloop
  endfacet
  facet normal 0 0 1
    outer loop
      vertex -87.75 -2 1.6
      vertex -89.3327 -11.6683 1.6
      vertex -89.3 -12 1.6
    endloop
  endfacet
  facet normal -0 0 1
    outer loop
      vertex -91 10.3 1.6
      vertex -86.9722 -0.544928 1.6
      vertex -90.6684 10.3327 1.6
    endloop
  endfacet
  facet normal 0 0 1
    outer loop
      vertex -87.75 -2 1.6
      vertex -89.4294 -11.3494 1.6
      vertex -89.3327 -11.6683 1.6
    endloop
  endfacet
  facet normal 0 0 1
    outer loop
      vertex -86.9722 -0.544928 1.6
      vertex -91 10.3 1.6
      vertex -87.2374 -0.762563 1.6
    endloop
  endfacet
  facet normal 0 0 1
    outer loop
      vertex -87.75 -2 1.6
      vertex -89.5865 -11.0555 1.6
      vertex -89.4294 -11.3494 1.6
    endloop
  endfacet
  facet normal 0 0 1
    outer loop
      vertex -87.2374 -0.762563 1.6
      vertex -91 10.3 1.6
      vertex -87.4551 -1.02775 1.6
    endloop
  endfacet
  facet normal 0 0 1
    outer loop
      vertex -87.75 -2 1.6
      vertex -89.7979 -10.7979 1.6
      vertex -89.5865 -11.0555 1.6
    endloop
  endfacet
  facet normal -0 0 1
    outer loop
      vertex -97 10.3 1.6
      vertex -87.4551 -1.02775 1.6
      vertex -91 10.3 1.6
    endloop
  endfacet
  facet normal 0 0 1
    outer loop
      vertex -87.75 -2 1.6
      vertex -90.0555 -10.5865 1.6
      vertex -89.7979 -10.7979 1.6
    endloop
  endfacet
  facet normal 0 0 1
    outer loop
      vertex -87.4551 -1.02775 1.6
      vertex -97 10.3 1.6
      vertex -87.6168 -1.3303 1.6
    endloop
  endfacet
  facet normal 0 0 1
    outer loop
      vertex -87.75 -2 1.6
      vertex -90.3494 -10.4294 1.6
      vertex -90.0555 -10.5865 1.6
    endloop
  endfacet
  facet normal 0 0 1
    outer loop
      vertex -87.6168 -1.3303 1.6
      vertex -97 10.3 1.6
      vertex -87.7164 -1.65859 1.6
    endloop
  endfacet
  facet normal 0 0 1
    outer loop
      vertex -87.75 -2 1.6
      vertex -90.6684 -10.3327 1.6
      vertex -90.3494 -10.4294 1.6
    endloop
  endfacet
  facet normal 0 0 1
    outer loop
      vertex -97 -10.3 1.6
      vertex -87.7164 -1.65859 1.6
      vertex -97 10.3 1.6
    endloop
  endfacet
  facet normal 0 0 1
    outer loop
      vertex -87.75 -2 1.6
      vertex -91 -10.3 1.6
      vertex -90.6684 -10.3327 1.6
    endloop
  endfacet
  facet normal 0 0 1
    outer loop
      vertex -87.7164 -1.65859 1.6
      vertex -97 -10.3 1.6
      vertex -87.75 -2 1.6
    endloop
  endfacet
  facet normal 0 0 1
    outer loop
      vertex -87.75 -2 1.6
      vertex -97 -10.3 1.6
      vertex -91 -10.3 1.6
    endloop
  endfacet
  facet normal 0 0 1
    outer loop
      vertex -97.3316 10.3327 1.6
      vertex -97 -10.3 1.6
      vertex -97 10.3 1.6
    endloop
  endfacet
  facet normal 0 0 1
    outer loop
      vertex -97.3316 10.3327 1.6
      vertex -97.3316 -10.3327 1.6
      vertex -97 -10.3 1.6
    endloop
  endfacet
  facet normal 0 0 1
    outer loop
      vertex -97.6506 10.4294 1.6
      vertex -97.3316 -10.3327 1.6
      vertex -97.3316 10.3327 1.6
    endloop
  endfacet
  facet normal 0 0 1
    outer loop
      vertex -97.6506 10.4294 1.6
      vertex -97.6506 -10.4294 1.6
      vertex -97.3316 -10.3327 1.6
    endloop
  endfacet
  facet normal 0 0 1
    outer loop
      vertex -97.9445 10.5865 1.6
      vertex -97.6506 -10.4294 1.6
      vertex -97.6506 10.4294 1.6
    endloop
  endfacet
  facet normal 0 0 1
    outer loop
      vertex -97.9445 10.5865 1.6
      vertex -97.9445 -10.5865 1.6
      vertex -97.6506 -10.4294 1.6
    endloop
  endfacet
  facet normal 0 0 1
    outer loop
      vertex -98.2021 10.7979 1.6
      vertex -97.9445 -10.5865 1.6
      vertex -97.9445 10.5865 1.6
    endloop
  endfacet
  facet normal 0 0 1
    outer loop
      vertex -98.2021 10.7979 1.6
      vertex -98.2021 -10.7979 1.6
      vertex -97.9445 -10.5865 1.6
    endloop
  endfacet
  facet normal 0 0 1
    outer loop
      vertex -98.4135 11.0555 1.6
      vertex -98.2021 -10.7979 1.6
      vertex -98.2021 10.7979 1.6
    endloop
  endfacet
  facet normal 0 0 1
    outer loop
      vertex -98.4135 11.0555 1.6
      vertex -98.4135 -11.0555 1.6
      vertex -98.2021 -10.7979 1.6
    endloop
  endfacet
  facet normal 0 0 1
    outer loop
      vertex -98.5706 11.3494 1.6
      vertex -98.4135 -11.0555 1.6
      vertex -98.4135 11.0555 1.6
    endloop
  endfacet
  facet normal 0 0 1
    outer loop
      vertex -98.5706 11.3494 1.6
      vertex -98.5706 -11.3494 1.6
      vertex -98.4135 -11.0555 1.6
    endloop
  endfacet
  facet normal 0 0 1
    outer loop
      vertex -98.6673 11.6683 1.6
      vertex -98.5706 -11.3494 1.6
      vertex -98.5706 11.3494 1.6
    endloop
  endfacet
  facet normal 0 0 1
    outer loop
      vertex -98.6673 11.6683 1.6
      vertex -98.6673 -11.6683 1.6
      vertex -98.5706 -11.3494 1.6
    endloop
  endfacet
  facet normal 0 0 1
    outer loop
      vertex -105 -31 1.6
      vertex -98.6673 11.6683 1.6
      vertex -98.7 12 1.6
    endloop
  endfacet
  facet normal 0 0 1
    outer loop
      vertex -98.6673 11.6683 1.6
      vertex -105 -31 1.6
      vertex -98.6673 -11.6683 1.6
    endloop
  endfacet
  facet normal 0 0 1
    outer loop
      vertex -83 14.5408 1.6
      vertex -84.25 -2 1.6
      vertex -83 -16 1.6
    endloop
  endfacet
  facet normal 0 0 1
    outer loop
      vertex -83 14.5408 1.6
      vertex -84.2836 -1.65859 1.6
      vertex -84.25 -2 1.6
    endloop
  endfacet
  facet normal 0 0 1
    outer loop
      vertex -83 14.5408 1.6
      vertex -84.3832 -1.3303 1.6
      vertex -84.2836 -1.65859 1.6
    endloop
  endfacet
  facet normal 0 0 1
    outer loop
      vertex -83 14.5408 1.6
      vertex -84.5449 -1.02775 1.6
      vertex -84.3832 -1.3303 1.6
    endloop
  endfacet
  facet normal 0 0 1
    outer loop
      vertex -83 14.5408 1.6
      vertex -84.7626 -0.762563 1.6
      vertex -84.5449 -1.02775 1.6
    endloop
  endfacet
  facet normal 0 0 1
    outer loop
      vertex -89.3327 11.6683 1.6
      vertex -84.9668 15.0334 1.6
      vertex -89.3 12 1.6
    endloop
  endfacet
  facet normal 0 0 1
    outer loop
      vertex -83 14.5408 1.6
      vertex -85.0278 -0.544928 1.6
      vertex -84.7626 -0.762563 1.6
    endloop
  endfacet
  facet normal 0 0 1
    outer loop
      vertex -83 14.5408 1.6
      vertex -85.3303 -0.38321 1.6
      vertex -85.0278 -0.544928 1.6
    endloop
  endfacet
  facet normal 0 0 1
    outer loop
      vertex -84.9668 15.0334 1.6
      vertex -89.3327 11.6683 1.6
      vertex -83 14.5408 1.6
    endloop
  endfacet
  facet normal -0 0 1
    outer loop
      vertex -89.5865 11.0555 1.6
      vertex -85.3303 -0.38321 1.6
      vertex -83 14.5408 1.6
    endloop
  endfacet
  facet normal 0 0 1
    outer loop
      vertex -89.4294 11.3494 1.6
      vertex -83 14.5408 1.6
      vertex -89.3327 11.6683 1.6
    endloop
  endfacet
  facet normal 0 0 1
    outer loop
      vertex -89.5865 11.0555 1.6
      vertex -83 14.5408 1.6
      vertex -89.4294 11.3494 1.6
    endloop
  endfacet
  facet normal 0 0 1
    outer loop
      vertex -85.3303 -0.38321 1.6
      vertex -89.5865 11.0555 1.6
      vertex -85.6586 -0.283626 1.6
    endloop
  endfacet
  facet normal 0 0 1
    outer loop
      vertex -89.3327 12.3317 1.6
      vertex -84.9668 15.0334 1.6
      vertex -87.1844 15.8269 1.6
    endloop
  endfacet
  facet normal -0 0 1
    outer loop
      vertex -89.7979 10.7979 1.6
      vertex -85.6586 -0.283626 1.6
      vertex -89.5865 11.0555 1.6
    endloop
  endfacet
  facet normal 0 0 1
    outer loop
      vertex -85.6586 -0.283626 1.6
      vertex -89.7979 10.7979 1.6
      vertex -86 -0.25 1.6
    endloop
  endfacet
  facet normal -0 0 1
    outer loop
      vertex -90.0555 10.5865 1.6
      vertex -86 -0.25 1.6
      vertex -89.7979 10.7979 1.6
    endloop
  endfacet
  facet normal 0 0 1
    outer loop
      vertex -86 -0.25 1.6
      vertex -90.0555 10.5865 1.6
      vertex -86.3414 -0.283626 1.6
    endloop
  endfacet
  facet normal -0 0 1
    outer loop
      vertex -90.3494 10.4294 1.6
      vertex -86.3414 -0.283626 1.6
      vertex -90.0555 10.5865 1.6
    endloop
  endfacet
  facet normal 0 0 1
    outer loop
      vertex -89.3 -12 1.6
      vertex -87.75 -12 1.6
      vertex -87.75 -2 1.6
    endloop
  endfacet
  facet normal 0 0 1
    outer loop
      vertex -89.3327 -12.3317 1.6
      vertex -87.75 -12 1.6
      vertex -89.3 -12 1.6
    endloop
  endfacet
  facet normal 0 0 1
    outer loop
      vertex -89.4294 -12.6506 1.6
      vertex -87.75 -12 1.6
      vertex -89.3327 -12.3317 1.6
    endloop
  endfacet
  facet normal 0 0 1
    outer loop
      vertex -86.3414 -0.283626 1.6
      vertex -90.3494 10.4294 1.6
      vertex -86.6697 -0.38321 1.6
    endloop
  endfacet
  facet normal 0 0 1
    outer loop
      vertex -89.5865 -12.9445 1.6
      vertex -87.75 -12 1.6
      vertex -89.4294 -12.6506 1.6
    endloop
  endfacet
  facet normal 0 0 1
    outer loop
      vertex -87.75 -12 1.6
      vertex -89.5865 -12.9445 1.6
      vertex -87.7654 -16.1522 1.6
    endloop
  endfacet
  facet normal -0 0 1
    outer loop
      vertex -89.7979 -13.2021 1.6
      vertex -87.7654 -16.1522 1.6
      vertex -89.5865 -12.9445 1.6
    endloop
  endfacet
  facet normal 0 0 1
    outer loop
      vertex -87.7654 -16.1522 1.6
      vertex -89.7979 -13.2021 1.6
      vertex -88.1111 -16.3371 1.6
    endloop
  endfacet
  facet normal -0 0 1
    outer loop
      vertex -90.6684 10.3327 1.6
      vertex -86.6697 -0.38321 1.6
      vertex -90.3494 10.4294 1.6
    endloop
  endfacet
  facet normal 0 0 1
    outer loop
      vertex -90.0555 13.4135 1.6
      vertex -87.1844 15.8269 1.6
      vertex -89.3135 16.8339 1.6
    endloop
  endfacet
  facet normal 0 0 1
    outer loop
      vertex -84.9668 15.0334 1.6
      vertex -89.3327 12.3317 1.6
      vertex -89.3 12 1.6
    endloop
  endfacet
  facet normal 0 0 1
    outer loop
      vertex -87.1844 15.8269 1.6
      vertex -89.4294 12.6506 1.6
      vertex -89.3327 12.3317 1.6
    endloop
  endfacet
  facet normal 0 0 1
    outer loop
      vertex -87.1844 15.8269 1.6
      vertex -89.5865 12.9445 1.6
      vertex -89.4294 12.6506 1.6
    endloop
  endfacet
  facet normal 0 0 1
    outer loop
      vertex -87.1844 15.8269 1.6
      vertex -89.7979 13.2021 1.6
      vertex -89.5865 12.9445 1.6
    endloop
  endfacet
  facet normal 0 0 1
    outer loop
      vertex -87.1844 15.8269 1.6
      vertex -90.0555 13.4135 1.6
      vertex -89.7979 13.2021 1.6
    endloop
  endfacet
  facet normal 0 0 1
    outer loop
      vertex -89.3135 16.8339 1.6
      vertex -90.3494 13.5706 1.6
      vertex -90.0555 13.4135 1.6
    endloop
  endfacet
  facet normal 0 0 1
    outer loop
      vertex -89.3135 16.8339 1.6
      vertex -90.6684 13.6673 1.6
      vertex -90.3494 13.5706 1.6
    endloop
  endfacet
  facet normal 0 0 1
    outer loop
      vertex -89.3135 16.8339 1.6
      vertex -91 13.7 1.6
      vertex -90.6684 13.6673 1.6
    endloop
  endfacet
  facet normal 0 0 1
    outer loop
      vertex -91.3337 18.0447 1.6
      vertex -91 13.7 1.6
      vertex -89.3135 16.8339 1.6
    endloop
  endfacet
  facet normal 0 0 1
    outer loop
      vertex -97 13.7 1.6
      vertex -91.3337 18.0447 1.6
      vertex -93.2254 19.4478 1.6
    endloop
  endfacet
  facet normal 0 0 1
    outer loop
      vertex -97 13.7 1.6
      vertex -93.2254 19.4478 1.6
      vertex -94.9706 21.0294 1.6
    endloop
  endfacet
  facet normal 0 0 1
    outer loop
      vertex -97.6506 13.5706 1.6
      vertex -94.9706 21.0294 1.6
      vertex -96.5523 22.7746 1.6
    endloop
  endfacet
  facet normal 0 0 1
    outer loop
      vertex -91.3337 18.0447 1.6
      vertex -97 13.7 1.6
      vertex -91 13.7 1.6
    endloop
  endfacet
  facet normal 0 0 1
    outer loop
      vertex -94.9706 21.0294 1.6
      vertex -97.3316 13.6673 1.6
      vertex -97 13.7 1.6
    endloop
  endfacet
  facet normal 0 0 1
    outer loop
      vertex -94.9706 21.0294 1.6
      vertex -97.6506 13.5706 1.6
      vertex -97.3316 13.6673 1.6
    endloop
  endfacet
  facet normal 0 0 1
    outer loop
      vertex -96.5523 22.7746 1.6
      vertex -97.9445 13.4135 1.6
      vertex -97.6506 13.5706 1.6
    endloop
  endfacet
  facet normal 0 0 1
    outer loop
      vertex -98.2021 13.2021 1.6
      vertex -96.5523 22.7746 1.6
      vertex -97.9553 24.6663 1.6
    endloop
  endfacet
  facet normal 0 0 1
    outer loop
      vertex -96.5523 22.7746 1.6
      vertex -98.2021 13.2021 1.6
      vertex -97.9445 13.4135 1.6
    endloop
  endfacet
  facet normal 0 0 1
    outer loop
      vertex -97.9553 24.6663 1.6
      vertex -98.4135 12.9445 1.6
      vertex -98.2021 13.2021 1.6
    endloop
  endfacet
  facet normal 0 0 1
    outer loop
      vertex -99.1661 26.6865 1.6
      vertex -98.4135 12.9445 1.6
      vertex -97.9553 24.6663 1.6
    endloop
  endfacet
  facet normal 0 0 1
    outer loop
      vertex -98.4135 12.9445 1.6
      vertex -99.1661 26.6865 1.6
      vertex -98.5706 12.6506 1.6
    endloop
  endfacet
  facet normal 0 0 1
    outer loop
      vertex -100.173 28.8156 1.6
      vertex -98.5706 12.6506 1.6
      vertex -99.1661 26.6865 1.6
    endloop
  endfacet
  facet normal 0 0 1
    outer loop
      vertex -100.967 31.0332 1.6
      vertex -98.6673 12.3317 1.6
      vertex -100.173 28.8156 1.6
    endloop
  endfacet
  facet normal 0 0 1
    outer loop
      vertex -98.5706 12.6506 1.6
      vertex -100.173 28.8156 1.6
      vertex -98.6673 12.3317 1.6
    endloop
  endfacet
  facet normal -0 0 1
    outer loop
      vertex -84.25 -12 1.6
      vertex -83 -16 1.6
      vertex -84.25 -2 1.6
    endloop
  endfacet
  facet normal -0 0 1
    outer loop
      vertex -84.2836 -12.3414 1.6
      vertex -83 -16 1.6
      vertex -84.25 -12 1.6
    endloop
  endfacet
  facet normal -0 0 1
    outer loop
      vertex -84.3832 -12.6697 1.6
      vertex -83 -16 1.6
      vertex -84.2836 -12.3414 1.6
    endloop
  endfacet
  facet normal -0 0 1
    outer loop
      vertex -84.5449 -12.9722 1.6
      vertex -83 -16 1.6
      vertex -84.3832 -12.6697 1.6
    endloop
  endfacet
  facet normal -0 0 1
    outer loop
      vertex -84.7626 -13.2374 1.6
      vertex -83 -16 1.6
      vertex -84.5449 -12.9722 1.6
    endloop
  endfacet
  facet normal -0 0 1
    outer loop
      vertex -85.0278 -13.4551 1.6
      vertex -83 -16 1.6
      vertex -84.7626 -13.2374 1.6
    endloop
  endfacet
  facet normal -0 0 1
    outer loop
      vertex -85.3303 -13.6168 1.6
      vertex -83 -16 1.6
      vertex -85.0278 -13.4551 1.6
    endloop
  endfacet
  facet normal -0 0 1
    outer loop
      vertex -85.6586 -13.7164 1.6
      vertex -83 -16 1.6
      vertex -85.3303 -13.6168 1.6
    endloop
  endfacet
  facet normal 0 0 1
    outer loop
      vertex -87 -16 1.6
      vertex -85.6586 -13.7164 1.6
      vertex -86 -13.75 1.6
    endloop
  endfacet
  facet normal 0 0 1
    outer loop
      vertex -87 -16 1.6
      vertex -86 -13.75 1.6
      vertex -86.3414 -13.7164 1.6
    endloop
  endfacet
  facet normal 0 0 1
    outer loop
      vertex -87 -16 1.6
      vertex -86.3414 -13.7164 1.6
      vertex -86.6697 -13.6168 1.6
    endloop
  endfacet
  facet normal 0 0 1
    outer loop
      vertex -87.3902 -16.0384 1.6
      vertex -86.6697 -13.6168 1.6
      vertex -86.9722 -13.4551 1.6
    endloop
  endfacet
  facet normal 0 0 1
    outer loop
      vertex -85.6586 -13.7164 1.6
      vertex -87 -16 1.6
      vertex -83 -16 1.6
    endloop
  endfacet
  facet normal 0 0 1
    outer loop
      vertex -87.7654 -16.1522 1.6
      vertex -86.9722 -13.4551 1.6
      vertex -87.2374 -13.2374 1.6
    endloop
  endfacet
  facet normal 0 0 1
    outer loop
      vertex -86.6697 -13.6168 1.6
      vertex -87.3902 -16.0384 1.6
      vertex -87 -16 1.6
    endloop
  endfacet
  facet normal 0 0 1
    outer loop
      vertex -87.7654 -16.1522 1.6
      vertex -87.2374 -13.2374 1.6
      vertex -87.4551 -12.9722 1.6
    endloop
  endfacet
  facet normal 0 0 1
    outer loop
      vertex -87.7654 -16.1522 1.6
      vertex -87.4551 -12.9722 1.6
      vertex -87.6168 -12.6697 1.6
    endloop
  endfacet
  facet normal 0 0 1
    outer loop
      vertex -87.7654 -16.1522 1.6
      vertex -87.6168 -12.6697 1.6
      vertex -87.7164 -12.3414 1.6
    endloop
  endfacet
  facet normal 0 0 1
    outer loop
      vertex -87.7654 -16.1522 1.6
      vertex -87.7164 -12.3414 1.6
      vertex -87.75 -12 1.6
    endloop
  endfacet
  facet normal 0 0 1
    outer loop
      vertex -86.9722 -13.4551 1.6
      vertex -87.7654 -16.1522 1.6
      vertex -87.3902 -16.0384 1.6
    endloop
  endfacet
  facet normal 0 0 1
    outer loop
      vertex -83 -20 1.6
      vertex -87 -20 1.6
      vertex -83 -30 1.6
    endloop
  endfacet
  facet normal 0 0 1
    outer loop
      vertex -55 -30 1.6
      vertex -67 -31 1.6
      vertex -55 -60 1.6
    endloop
  endfacet
  facet normal -0 0 1
    outer loop
      vertex -83 -30 1.6
      vertex -67 -31 1.6
      vertex -55 -30 1.6
    endloop
  endfacet
  facet normal 0 0 1
    outer loop
      vertex -87.3902 -19.9616 1.6
      vertex -83 -30 1.6
      vertex -87 -20 1.6
    endloop
  endfacet
  facet normal 0 0 1
    outer loop
      vertex -87.7654 -19.8478 1.6
      vertex -83 -30 1.6
      vertex -87.3902 -19.9616 1.6
    endloop
  endfacet
  facet normal 0 0 1
    outer loop
      vertex -88.1111 -19.6629 1.6
      vertex -83 -30 1.6
      vertex -87.7654 -19.8478 1.6
    endloop
  endfacet
  facet normal 0 0 1
    outer loop
      vertex -105 -31 1.6
      vertex -88.1111 -19.6629 1.6
      vertex -88.4142 -19.4142 1.6
    endloop
  endfacet
  facet normal 0 0 1
    outer loop
      vertex -105 -31 1.6
      vertex -88.4142 -19.4142 1.6
      vertex -88.6629 -19.1111 1.6
    endloop
  endfacet
  facet normal 0 0 1
    outer loop
      vertex -97 -13.7 1.6
      vertex -88.6629 -19.1111 1.6
      vertex -88.8478 -18.7654 1.6
    endloop
  endfacet
  facet normal -0 0 1
    outer loop
      vertex -90.0555 -13.4135 1.6
      vertex -88.1111 -16.3371 1.6
      vertex -89.7979 -13.2021 1.6
    endloop
  endfacet
  facet normal -0 0 1
    outer loop
      vertex -90.3494 -13.5706 1.6
      vertex -88.1111 -16.3371 1.6
      vertex -90.0555 -13.4135 1.6
    endloop
  endfacet
  facet normal 0 0 1
    outer loop
      vertex -88.1111 -16.3371 1.6
      vertex -90.3494 -13.5706 1.6
      vertex -88.4142 -16.5858 1.6
    endloop
  endfacet
  facet normal -0 0 1
    outer loop
      vertex -90.6684 -13.6673 1.6
      vertex -88.4142 -16.5858 1.6
      vertex -90.3494 -13.5706 1.6
    endloop
  endfacet
  facet normal 0 0 1
    outer loop
      vertex -88.4142 -16.5858 1.6
      vertex -90.6684 -13.6673 1.6
      vertex -88.6629 -16.8889 1.6
    endloop
  endfacet
  facet normal -0 0 1
    outer loop
      vertex -91 -13.7 1.6
      vertex -88.6629 -16.8889 1.6
      vertex -90.6684 -13.6673 1.6
    endloop
  endfacet
  facet normal 0 0 1
    outer loop
      vertex -88.6629 -16.8889 1.6
      vertex -91 -13.7 1.6
      vertex -88.8478 -17.2346 1.6
    endloop
  endfacet
  facet normal 0 0 1
    outer loop
      vertex -88.8478 -17.2346 1.6
      vertex -91 -13.7 1.6
      vertex -88.9616 -17.6098 1.6
    endloop
  endfacet
  facet normal 0 0 1
    outer loop
      vertex -88.9616 -17.6098 1.6
      vertex -91 -13.7 1.6
      vertex -89 -18 1.6
    endloop
  endfacet
  facet normal -0 0 1
    outer loop
      vertex -97 -13.7 1.6
      vertex -89 -18 1.6
      vertex -91 -13.7 1.6
    endloop
  endfacet
  facet normal 0 0 1
    outer loop
      vertex -89 -18 1.6
      vertex -97 -13.7 1.6
      vertex -88.9616 -18.3902 1.6
    endloop
  endfacet
  facet normal 0 0 1
    outer loop
      vertex -88.9616 -18.3902 1.6
      vertex -97 -13.7 1.6
      vertex -88.8478 -18.7654 1.6
    endloop
  endfacet
  facet normal 0 0 1
    outer loop
      vertex -88.6629 -19.1111 1.6
      vertex -97 -13.7 1.6
      vertex -105 -31 1.6
    endloop
  endfacet
  facet normal 0 0 1
    outer loop
      vertex -105 -31 1.6
      vertex -97 -13.7 1.6
      vertex -97.3316 -13.6673 1.6
    endloop
  endfacet
  facet normal 0 0 1
    outer loop
      vertex -105 -31 1.6
      vertex -97.3316 -13.6673 1.6
      vertex -97.6506 -13.5706 1.6
    endloop
  endfacet
  facet normal 0 0 1
    outer loop
      vertex -105 -31 1.6
      vertex -97.6506 -13.5706 1.6
      vertex -97.9445 -13.4135 1.6
    endloop
  endfacet
  facet normal 0 0 1
    outer loop
      vertex -105 -31 1.6
      vertex -97.9445 -13.4135 1.6
      vertex -98.2021 -13.2021 1.6
    endloop
  endfacet
  facet normal 0 0 1
    outer loop
      vertex -98.6673 12.3317 1.6
      vertex -100.967 31.0332 1.6
      vertex -98.7 12 1.6
    endloop
  endfacet
  facet normal 0 0 1
    outer loop
      vertex -101.539 33.3178 1.6
      vertex -98.7 12 1.6
      vertex -100.967 31.0332 1.6
    endloop
  endfacet
  facet normal 0 0 1
    outer loop
      vertex -98.7 12 1.6
      vertex -101.539 33.3178 1.6
      vertex -105 -31 1.6
    endloop
  endfacet
  facet normal 0 0 1
    outer loop
      vertex -105 -31 1.6
      vertex -101.539 33.3178 1.6
      vertex -101.884 35.6476 1.6
    endloop
  endfacet
  facet normal 0 0 1
    outer loop
      vertex -105 60 1.6
      vertex -101.884 35.6476 1.6
      vertex -102 38 1.6
    endloop
  endfacet
  facet normal 0 0 1
    outer loop
      vertex -105 -31 1.6
      vertex -101.884 35.6476 1.6
      vertex -105 60 1.6
    endloop
  endfacet
  facet normal 0 0 1
    outer loop
      vertex -83 -30 1.6
      vertex -105 -31 1.6
      vertex -67 -31 1.6
    endloop
  endfacet
  facet normal 0 0 1
    outer loop
      vertex -88.1111 -19.6629 1.6
      vertex -105 -31 1.6
      vertex -83 -30 1.6
    endloop
  endfacet
  facet normal 0 0 1
    outer loop
      vertex -98.4135 -12.9445 1.6
      vertex -105 -31 1.6
      vertex -98.2021 -13.2021 1.6
    endloop
  endfacet
  facet normal 0 0 1
    outer loop
      vertex -98.5706 -12.6506 1.6
      vertex -105 -31 1.6
      vertex -98.4135 -12.9445 1.6
    endloop
  endfacet
  facet normal 0 0 1
    outer loop
      vertex -98.6673 -12.3317 1.6
      vertex -105 -31 1.6
      vertex -98.5706 -12.6506 1.6
    endloop
  endfacet
  facet normal 0 0 1
    outer loop
      vertex -98.7 -12 1.6
      vertex -105 -31 1.6
      vertex -98.6673 -12.3317 1.6
    endloop
  endfacet
  facet normal 0 0 1
    outer loop
      vertex -98.6673 -11.6683 1.6
      vertex -105 -31 1.6
      vertex -98.7 -12 1.6
    endloop
  endfacet
  facet normal -0 0 1
    outer loop
      vertex -67 -59 1.6
      vertex -55 -60 1.6
      vertex -67 -31 1.6
    endloop
  endfacet
  facet normal 0 0 1
    outer loop
      vertex -105 -60 1.6
      vertex -67 -59 1.6
      vertex -105 -59 1.6
    endloop
  endfacet
  facet normal 0 0 1
    outer loop
      vertex -67 -59 1.6
      vertex -105 -60 1.6
      vertex -55 -60 1.6
    endloop
  endfacet
  facet normal 0 0 1
    outer loop
      vertex 21 -58.5 1.6
      vertex 36.5 -55 1.6
      vertex 21 -55 1.6
    endloop
  endfacet
  facet normal 0 0 1
    outer loop
      vertex 99.6673 52.6683 1.6
      vertex 105 60 1.6
      vertex 99.7 53 1.6
    endloop
  endfacet
  facet normal 0 0 1
    outer loop
      vertex 105 60 1.6
      vertex 99.6673 53.3317 1.6
      vertex 99.7 53 1.6
    endloop
  endfacet
  facet normal 0 0 1
    outer loop
      vertex 105 60 1.6
      vertex 99.5706 53.6506 1.6
      vertex 99.6673 53.3317 1.6
    endloop
  endfacet
  facet normal 0 0 1
    outer loop
      vertex 105 60 1.6
      vertex 99.4135 53.9445 1.6
      vertex 99.5706 53.6506 1.6
    endloop
  endfacet
  facet normal 0 0 1
    outer loop
      vertex 105 60 1.6
      vertex 99.2021 54.2021 1.6
      vertex 99.4135 53.9445 1.6
    endloop
  endfacet
  facet normal 0 0 1
    outer loop
      vertex 105 60 1.6
      vertex 98.9445 54.4135 1.6
      vertex 99.2021 54.2021 1.6
    endloop
  endfacet
  facet normal 0 0 1
    outer loop
      vertex 105 60 1.6
      vertex 98.6506 54.5706 1.6
      vertex 98.9445 54.4135 1.6
    endloop
  endfacet
  facet normal 0 0 1
    outer loop
      vertex 105 60 1.6
      vertex 98.3316 54.6673 1.6
      vertex 98.6506 54.5706 1.6
    endloop
  endfacet
  facet normal 0 0 1
    outer loop
      vertex 105 60 1.6
      vertex 98 54.7 1.6
      vertex 98.3316 54.6673 1.6
    endloop
  endfacet
  facet normal 0 0 1
    outer loop
      vertex 105 60 1.6
      vertex 97.6684 54.6673 1.6
      vertex 98 54.7 1.6
    endloop
  endfacet
  facet normal 0 0 1
    outer loop
      vertex 105 60 1.6
      vertex 97.3494 54.5706 1.6
      vertex 97.6684 54.6673 1.6
    endloop
  endfacet
  facet normal -0 0 1
    outer loop
      vertex 67.5 59.5 1.6
      vertex 97.3494 54.5706 1.6
      vertex 105 60 1.6
    endloop
  endfacet
  facet normal 0 0 1
    outer loop
      vertex 67.5 59.5 1.6
      vertex 96.3 53 1.6
      vertex 96.3327 53.3317 1.6
    endloop
  endfacet
  facet normal 0 0 1
    outer loop
      vertex 82.4 20 1.6
      vertex 93.5 31.5 1.6
      vertex 82.4 24 1.6
    endloop
  endfacet
  facet normal 0 0 1
    outer loop
      vertex 96.3 53 1.6
      vertex 81 25.4 1.6
      vertex 93.5 31.5 1.6
    endloop
  endfacet
  facet normal 0 0 1
    outer loop
      vertex 67.5 59.5 1.6
      vertex 96.3327 53.3317 1.6
      vertex 96.4294 53.6506 1.6
    endloop
  endfacet
  facet normal 0 0 1
    outer loop
      vertex 93.5 31.5 1.6
      vertex 82.3731 24.2731 1.6
      vertex 82.4 24 1.6
    endloop
  endfacet
  facet normal 0 0 1
    outer loop
      vertex 93.5 31.5 1.6
      vertex 82.2934 24.5358 1.6
      vertex 82.3731 24.2731 1.6
    endloop
  endfacet
  facet normal 0 0 1
    outer loop
      vertex 93.5 31.5 1.6
      vertex 82.1641 24.7778 1.6
      vertex 82.2934 24.5358 1.6
    endloop
  endfacet
  facet normal 0 0 1
    outer loop
      vertex 93.5 31.5 1.6
      vertex 81.99 24.9899 1.6
      vertex 82.1641 24.7778 1.6
    endloop
  endfacet
  facet normal 0 0 1
    outer loop
      vertex 93.5 31.5 1.6
      vertex 81.7778 25.1641 1.6
      vertex 81.99 24.9899 1.6
    endloop
  endfacet
  facet normal 0 0 1
    outer loop
      vertex 93.5 31.5 1.6
      vertex 81.5358 25.2934 1.6
      vertex 81.7778 25.1641 1.6
    endloop
  endfacet
  facet normal 0 0 1
    outer loop
      vertex 93.5 31.5 1.6
      vertex 81.2731 25.3731 1.6
      vertex 81.5358 25.2934 1.6
    endloop
  endfacet
  facet normal 0 0 1
    outer loop
      vertex 67.5 59.5 1.6
      vertex 96.4294 53.6506 1.6
      vertex 96.5865 53.9445 1.6
    endloop
  endfacet
  facet normal 0 0 1
    outer loop
      vertex 93.5 31.5 1.6
      vertex 81 25.4 1.6
      vertex 81.2731 25.3731 1.6
    endloop
  endfacet
  facet normal 0 0 1
    outer loop
      vertex 96.3 53 1.6
      vertex 67.5 59.5 1.6
      vertex 81 25.4 1.6
    endloop
  endfacet
  facet normal 0 0 1
    outer loop
      vertex 81 25.4 1.6
      vertex 67.5 59.5 1.6
      vertex 80.7269 25.3731 1.6
    endloop
  endfacet
  facet normal 0 0 1
    outer loop
      vertex 80.7269 25.3731 1.6
      vertex 67.5 59.5 1.6
      vertex 80.4642 25.2934 1.6
    endloop
  endfacet
  facet normal -0 0 1
    outer loop
      vertex 67.5 25.5 1.6
      vertex 80.4642 25.2934 1.6
      vertex 67.5 59.5 1.6
    endloop
  endfacet
  facet normal 0 0 1
    outer loop
      vertex 80.4642 25.2934 1.6
      vertex 67.5 25.5 1.6
      vertex 80.2222 25.1641 1.6
    endloop
  endfacet
  facet normal 0 0 1
    outer loop
      vertex 73.5 17.5 1.6
      vertex 79.6 20 1.6
      vertex 79.6 24 1.6
    endloop
  endfacet
  facet normal 0 0 1
    outer loop
      vertex 79.6 20 1.6
      vertex 77.9616 0.390181 1.6
      vertex 78 0 1.6
    endloop
  endfacet
  facet normal 0 0 1
    outer loop
      vertex 79.6 20 1.6
      vertex 77.8478 0.765367 1.6
      vertex 77.9616 0.390181 1.6
    endloop
  endfacet
  facet normal 0 0 1
    outer loop
      vertex 79.6 20 1.6
      vertex 77.6629 1.11114 1.6
      vertex 77.8478 0.765367 1.6
    endloop
  endfacet
  facet normal 0 0 1
    outer loop
      vertex 79.6 20 1.6
      vertex 77.4142 1.41421 1.6
      vertex 77.6629 1.11114 1.6
    endloop
  endfacet
  facet normal 0 0 1
    outer loop
      vertex 79.6 20 1.6
      vertex 77.1111 1.66294 1.6
      vertex 77.4142 1.41421 1.6
    endloop
  endfacet
  facet normal 0 0 1
    outer loop
      vertex 67.5 25.5 1.6
      vertex 79.6 24 1.6
      vertex 79.6269 24.2731 1.6
    endloop
  endfacet
  facet normal 0 -0 1
    outer loop
      vertex 76.7654 1.84776 1.6
      vertex 79.6 20 1.6
      vertex 73.5 17.5 1.6
    endloop
  endfacet
  facet normal 0 0 1
    outer loop
      vertex 79.6 20 1.6
      vertex 76.7654 1.84776 1.6
      vertex 77.1111 1.66294 1.6
    endloop
  endfacet
  facet normal 0 0 1
    outer loop
      vertex 76.7654 1.84776 1.6
      vertex 73.5 17.5 1.6
      vertex 76.3902 1.96157 1.6
    endloop
  endfacet
  facet normal 0 0 1
    outer loop
      vertex 76.3902 1.96157 1.6
      vertex 73.5 17.5 1.6
      vertex 76 2 1.6
    endloop
  endfacet
  facet normal 0 0 1
    outer loop
      vertex 67.5 25.5 1.6
      vertex 79.6269 24.2731 1.6
      vertex 79.7066 24.5358 1.6
    endloop
  endfacet
  facet normal 0 0 1
    outer loop
      vertex 67.5 25.5 1.6
      vertex 79.7066 24.5358 1.6
      vertex 79.8359 24.7778 1.6
    endloop
  endfacet
  facet normal 0 0 1
    outer loop
      vertex 80.2222 25.1641 1.6
      vertex 67.5 25.5 1.6
      vertex 80.01 24.9899 1.6
    endloop
  endfacet
  facet normal 0 0 1
    outer loop
      vertex 80.01 24.9899 1.6
      vertex 67.5 25.5 1.6
      vertex 79.8359 24.7778 1.6
    endloop
  endfacet
  facet normal 0 0 1
    outer loop
      vertex 96.7979 54.2021 1.6
      vertex 67.5 59.5 1.6
      vertex 96.5865 53.9445 1.6
    endloop
  endfacet
  facet normal 0 0 1
    outer loop
      vertex 97.0555 54.4135 1.6
      vertex 67.5 59.5 1.6
      vertex 96.7979 54.2021 1.6
    endloop
  endfacet
  facet normal 0 0 1
    outer loop
      vertex 97.3494 54.5706 1.6
      vertex 67.5 59.5 1.6
      vertex 97.0555 54.4135 1.6
    endloop
  endfacet
  facet normal 0 0 1
    outer loop
      vertex 105 60 1.6
      vertex 36.5 59.5 1.6
      vertex 67.5 59.5 1.6
    endloop
  endfacet
  facet normal 0 0 1
    outer loop
      vertex 31.5 35 1.6
      vertex 36.5 59.5 1.6
      vertex 31.5 55 1.6
    endloop
  endfacet
  facet normal 0 0 1
    outer loop
      vertex 36.5 59.5 1.6
      vertex 0.5 55 1.6
      vertex 31.5 55 1.6
    endloop
  endfacet
  facet normal 0 0 1
    outer loop
      vertex -9.5 59.5 1.6
      vertex 0.5 35 1.6
      vertex 0.5 55 1.6
    endloop
  endfacet
  facet normal -0 0 1
    outer loop
      vertex -7 16 1.6
      vertex -3.5 2 1.6
      vertex -3.5 17.5 1.6
    endloop
  endfacet
  facet normal 0 0 1
    outer loop
      vertex -3.5 2 1.6
      vertex -7 16 1.6
      vertex -4 2 1.6
    endloop
  endfacet
  facet normal 0 0 1
    outer loop
      vertex -4 2 1.6
      vertex -7 16 1.6
      vertex -4.39018 1.96157 1.6
    endloop
  endfacet
  facet normal 0 0 1
    outer loop
      vertex -4.39018 1.96157 1.6
      vertex -7 16 1.6
      vertex -4.76537 1.84776 1.6
    endloop
  endfacet
  facet normal 0 0 1
    outer loop
      vertex -4.76537 1.84776 1.6
      vertex -7 16 1.6
      vertex -5.11114 1.66294 1.6
    endloop
  endfacet
  facet normal 0 0 1
    outer loop
      vertex 0.5 35 1.6
      vertex -9.5 25.5 1.6
      vertex -3.5 17.5 1.6
    endloop
  endfacet
  facet normal 0 0 1
    outer loop
      vertex -5.11114 1.66294 1.6
      vertex -7 16 1.6
      vertex -5.41421 1.41421 1.6
    endloop
  endfacet
  facet normal 0 0 1
    outer loop
      vertex -5.41421 1.41421 1.6
      vertex -7 16 1.6
      vertex -5.66294 1.11114 1.6
    endloop
  endfacet
  facet normal 0 0 1
    outer loop
      vertex -5.66294 1.11114 1.6
      vertex -7 16 1.6
      vertex -5.84776 0.765367 1.6
    endloop
  endfacet
  facet normal 0 0 1
    outer loop
      vertex -5.96157 0.390181 1.6
      vertex -7 16 1.6
      vertex -6 0 1.6
    endloop
  endfacet
  facet normal 0 0 1
    outer loop
      vertex -5.84776 0.765367 1.6
      vertex -7 16 1.6
      vertex -5.96157 0.390181 1.6
    endloop
  endfacet
  facet normal 0 0 1
    outer loop
      vertex 0.5 35 1.6
      vertex -9.5 59.5 1.6
      vertex -9.5 25.5 1.6
    endloop
  endfacet
  facet normal 0 0 1
    outer loop
      vertex 36.5 59.5 1.6
      vertex -9.5 59.5 1.6
      vertex 0.5 55 1.6
    endloop
  endfacet
  facet normal 0 0 1
    outer loop
      vertex 105 60 1.6
      vertex -9.5 59.5 1.6
      vertex 36.5 59.5 1.6
    endloop
  endfacet
  facet normal -0 0 1
    outer loop
      vertex -68.4496 60 1.6
      vertex -9.5 59.5 1.6
      vertex 105 60 1.6
    endloop
  endfacet
  facet normal -0 0 1
    outer loop
      vertex -54.1156 40.3524 1.6
      vertex -40.5 25.5 1.6
      vertex -40.5 59.5 1.6
    endloop
  endfacet
  facet normal 0 0 1
    outer loop
      vertex -40.5 25.5 1.6
      vertex -54.1156 40.3524 1.6
      vertex -54 38 1.6
    endloop
  endfacet
  facet normal 0 0 1
    outer loop
      vertex -40.5 59.5 1.6
      vertex -54.4612 42.6822 1.6
      vertex -54.1156 40.3524 1.6
    endloop
  endfacet
  facet normal 0 0 1
    outer loop
      vertex -40.5 59.5 1.6
      vertex -55.0334 44.9668 1.6
      vertex -54.4612 42.6822 1.6
    endloop
  endfacet
  facet normal 0 0 1
    outer loop
      vertex -40.5 59.5 1.6
      vertex -55.8269 47.1844 1.6
      vertex -55.0334 44.9668 1.6
    endloop
  endfacet
  facet normal 0 0 1
    outer loop
      vertex -40.5 59.5 1.6
      vertex -56.8339 49.3135 1.6
      vertex -55.8269 47.1844 1.6
    endloop
  endfacet
  facet normal 0 0 1
    outer loop
      vertex -40.5 59.5 1.6
      vertex -58.0447 51.3337 1.6
      vertex -56.8339 49.3135 1.6
    endloop
  endfacet
  facet normal 0 0 1
    outer loop
      vertex -40.5 59.5 1.6
      vertex -59.4478 53.2254 1.6
      vertex -58.0447 51.3337 1.6
    endloop
  endfacet
  facet normal 0 0 1
    outer loop
      vertex -40.5 59.5 1.6
      vertex -61.0294 54.9706 1.6
      vertex -59.4478 53.2254 1.6
    endloop
  endfacet
  facet normal 0 0 1
    outer loop
      vertex -40.5 59.5 1.6
      vertex -62.7746 56.5522 1.6
      vertex -61.0294 54.9706 1.6
    endloop
  endfacet
  facet normal 0 0 1
    outer loop
      vertex -40.5 59.5 1.6
      vertex -64.6663 57.9553 1.6
      vertex -62.7746 56.5522 1.6
    endloop
  endfacet
  facet normal 0 0 1
    outer loop
      vertex -40.5 59.5 1.6
      vertex -66.6865 59.1661 1.6
      vertex -64.6663 57.9553 1.6
    endloop
  endfacet
  facet normal 0 0 1
    outer loop
      vertex -40.5 59.5 1.6
      vertex -68.4496 60 1.6
      vertex -66.6865 59.1661 1.6
    endloop
  endfacet
  facet normal 0 0 1
    outer loop
      vertex -9.5 59.5 1.6
      vertex -68.4496 60 1.6
      vertex -40.5 59.5 1.6
    endloop
  endfacet
  facet normal 0 0 1
    outer loop
      vertex 99.5706 52.3494 1.6
      vertex 105 60 1.6
      vertex 99.6673 52.6683 1.6
    endloop
  endfacet
  facet normal 0 0 1
    outer loop
      vertex 105 60 1.6
      vertex 99.5706 52.3494 1.6
      vertex 105 31.5 1.6
    endloop
  endfacet
  facet normal -0 0 1
    outer loop
      vertex 99.4135 52.0555 1.6
      vertex 105 31.5 1.6
      vertex 99.5706 52.3494 1.6
    endloop
  endfacet
  facet normal -0 0 1
    outer loop
      vertex 99.2021 51.7979 1.6
      vertex 105 31.5 1.6
      vertex 99.4135 52.0555 1.6
    endloop
  endfacet
  facet normal -0 0 1
    outer loop
      vertex 98.9445 51.5865 1.6
      vertex 105 31.5 1.6
      vertex 99.2021 51.7979 1.6
    endloop
  endfacet
  facet normal -0 0 1
    outer loop
      vertex 98.6506 51.4294 1.6
      vertex 105 31.5 1.6
      vertex 98.9445 51.5865 1.6
    endloop
  endfacet
  facet normal -0 0 1
    outer loop
      vertex 98.3316 51.3327 1.6
      vertex 105 31.5 1.6
      vertex 98.6506 51.4294 1.6
    endloop
  endfacet
  facet normal -0 0 1
    outer loop
      vertex 98 51.3 1.6
      vertex 105 31.5 1.6
      vertex 98.3316 51.3327 1.6
    endloop
  endfacet
  facet normal 0 0 1
    outer loop
      vertex 93.5 31.5 1.6
      vertex 98 51.3 1.6
      vertex 97.6684 51.3327 1.6
    endloop
  endfacet
  facet normal 0 0 1
    outer loop
      vertex 93.5 31.5 1.6
      vertex 97.6684 51.3327 1.6
      vertex 97.3494 51.4294 1.6
    endloop
  endfacet
  facet normal 0 0 1
    outer loop
      vertex 93.5 31.5 1.6
      vertex 97.3494 51.4294 1.6
      vertex 97.0555 51.5865 1.6
    endloop
  endfacet
  facet normal 0 0 1
    outer loop
      vertex 93.5 31.5 1.6
      vertex 97.0555 51.5865 1.6
      vertex 96.7979 51.7979 1.6
    endloop
  endfacet
  facet normal 0 0 1
    outer loop
      vertex 93.5 31.5 1.6
      vertex 96.7979 51.7979 1.6
      vertex 96.5865 52.0555 1.6
    endloop
  endfacet
  facet normal 0 0 1
    outer loop
      vertex 93.5 31.5 1.6
      vertex 96.5865 52.0555 1.6
      vertex 96.4294 52.3494 1.6
    endloop
  endfacet
  facet normal 0 0 1
    outer loop
      vertex 98 51.3 1.6
      vertex 93.5 31.5 1.6
      vertex 105 31.5 1.6
    endloop
  endfacet
  facet normal 0 0 1
    outer loop
      vertex 96.3327 52.6683 1.6
      vertex 93.5 31.5 1.6
      vertex 96.4294 52.3494 1.6
    endloop
  endfacet
  facet normal 0 0 1
    outer loop
      vertex 93.5 31.5 1.6
      vertex 96.3327 52.6683 1.6
      vertex 96.3 53 1.6
    endloop
  endfacet
  facet normal 0 0 1
    outer loop
      vertex 82.3731 19.7269 1.6
      vertex 93.5 31.5 1.6
      vertex 82.4 20 1.6
    endloop
  endfacet
  facet normal 0 0 1
    outer loop
      vertex 82.2934 19.4642 1.6
      vertex 93.5 31.5 1.6
      vertex 82.3731 19.7269 1.6
    endloop
  endfacet
  facet normal 0 0 1
    outer loop
      vertex 82.1641 19.2222 1.6
      vertex 93.5 31.5 1.6
      vertex 82.2934 19.4642 1.6
    endloop
  endfacet
  facet normal 0 0 1
    outer loop
      vertex 93.5 31.5 1.6
      vertex 82.1641 19.2222 1.6
      vertex 78 0 1.6
    endloop
  endfacet
  facet normal 0 0 1
    outer loop
      vertex 78 0 1.6
      vertex 82.1641 19.2222 1.6
      vertex 81.99 19.01 1.6
    endloop
  endfacet
  facet normal 0 0 1
    outer loop
      vertex 78 0 1.6
      vertex 81.99 19.01 1.6
      vertex 81.7778 18.8359 1.6
    endloop
  endfacet
  facet normal 0 0 1
    outer loop
      vertex 78 0 1.6
      vertex 81.7778 18.8359 1.6
      vertex 81.5358 18.7066 1.6
    endloop
  endfacet
  facet normal 0 0 1
    outer loop
      vertex 78 0 1.6
      vertex 81.5358 18.7066 1.6
      vertex 81.2731 18.6269 1.6
    endloop
  endfacet
  facet normal 0 0 1
    outer loop
      vertex 78 0 1.6
      vertex 81.2731 18.6269 1.6
      vertex 81 18.6 1.6
    endloop
  endfacet
  facet normal 0 0 1
    outer loop
      vertex 78 0 1.6
      vertex 81 18.6 1.6
      vertex 80.7269 18.6269 1.6
    endloop
  endfacet
  facet normal 0 0 1
    outer loop
      vertex 78 0 1.6
      vertex 80.7269 18.6269 1.6
      vertex 80.4642 18.7066 1.6
    endloop
  endfacet
  facet normal 0 0 1
    outer loop
      vertex 78 0 1.6
      vertex 80.4642 18.7066 1.6
      vertex 80.2222 18.8359 1.6
    endloop
  endfacet
  facet normal 0 0 1
    outer loop
      vertex 78 0 1.6
      vertex 80.2222 18.8359 1.6
      vertex 80.01 19.01 1.6
    endloop
  endfacet
  facet normal 0 0 1
    outer loop
      vertex 78 0 1.6
      vertex 80.01 19.01 1.6
      vertex 79.8359 19.2222 1.6
    endloop
  endfacet
  facet normal 0 0 1
    outer loop
      vertex 78 0 1.6
      vertex 79.8359 19.2222 1.6
      vertex 79.7066 19.4642 1.6
    endloop
  endfacet
  facet normal 0 0 1
    outer loop
      vertex 78 0 1.6
      vertex 79.7066 19.4642 1.6
      vertex 79.6269 19.7269 1.6
    endloop
  endfacet
  facet normal 0 0 1
    outer loop
      vertex 78 0 1.6
      vertex 79.6269 19.7269 1.6
      vertex 79.6 20 1.6
    endloop
  endfacet
  facet normal 0 0 1
    outer loop
      vertex 93.5 31.5 1.6
      vertex 78 0 1.6
      vertex 93.5 -31 1.6
    endloop
  endfacet
  facet normal -0 0 1
    outer loop
      vertex 77.9616 -0.390181 1.6
      vertex 93.5 -31 1.6
      vertex 78 0 1.6
    endloop
  endfacet
  facet normal -0 0 1
    outer loop
      vertex 77.8478 -0.765367 1.6
      vertex 93.5 -31 1.6
      vertex 77.9616 -0.390181 1.6
    endloop
  endfacet
  facet normal -0 0 1
    outer loop
      vertex 77.6629 -1.11114 1.6
      vertex 93.5 -31 1.6
      vertex 77.8478 -0.765367 1.6
    endloop
  endfacet
  facet normal -0 0 1
    outer loop
      vertex 77.4142 -1.41421 1.6
      vertex 93.5 -31 1.6
      vertex 77.6629 -1.11114 1.6
    endloop
  endfacet
  facet normal 0 0 1
    outer loop
      vertex 73.5 -17.5 1.6
      vertex 77.4142 -1.41421 1.6
      vertex 77.1111 -1.66294 1.6
    endloop
  endfacet
  facet normal 0 0 1
    outer loop
      vertex 73.5 -17.5 1.6
      vertex 77.1111 -1.66294 1.6
      vertex 76.7654 -1.84776 1.6
    endloop
  endfacet
  facet normal 0 0 1
    outer loop
      vertex 73.5 -17.5 1.6
      vertex 76.7654 -1.84776 1.6
      vertex 76.3902 -1.96157 1.6
    endloop
  endfacet
  facet normal 0 0 1
    outer loop
      vertex 73.5 -17.5 1.6
      vertex 76.3902 -1.96157 1.6
      vertex 76 -2 1.6
    endloop
  endfacet
  facet normal 0 0 1
    outer loop
      vertex 73.5 -17.5 1.6
      vertex 76 -2 1.6
      vertex 73.5 -2 1.6
    endloop
  endfacet
  facet normal 0 0 1
    outer loop
      vertex 77.4142 -1.41421 1.6
      vertex 73.5 -17.5 1.6
      vertex 93.5 -31 1.6
    endloop
  endfacet
  facet normal 0 0 1
    outer loop
      vertex 73.5 -17.5 1.6
      vertex 73.5 -31 1.6
      vertex 93.5 -31 1.6
    endloop
  endfacet
  facet normal -0 0 1
    outer loop
      vertex 67.5 -25.5 1.6
      vertex 73.5 -31 1.6
      vertex 73.5 -17.5 1.6
    endloop
  endfacet
  facet normal 0 0 1
    outer loop
      vertex 73.5 -31 1.6
      vertex 73 -33.5 1.6
      vertex 73.5 -59 1.6
    endloop
  endfacet
  facet normal 0 0 1
    outer loop
      vertex 67.5 -33.5 1.6
      vertex 73.5 -31 1.6
      vertex 67.5 -25.5 1.6
    endloop
  endfacet
  facet normal 0 0 1
    outer loop
      vertex 73.5 -17.5 1.6
      vertex 36.5 -25.5 1.6
      vertex 67.5 -25.5 1.6
    endloop
  endfacet
  facet normal 0 0 1
    outer loop
      vertex 36.5 -25.5 1.6
      vertex 21 -31.5 1.6
      vertex 36.5 -35 1.6
    endloop
  endfacet
  facet normal -0 0 1
    outer loop
      vertex -3.5 -17.5 1.6
      vertex 36.5 -25.5 1.6
      vertex 73.5 -17.5 1.6
    endloop
  endfacet
  facet normal 0 0 1
    outer loop
      vertex -3.5 -17.5 1.6
      vertex 21 -31.5 1.6
      vertex 36.5 -25.5 1.6
    endloop
  endfacet
  facet normal -0 0 1
    outer loop
      vertex -4 -13.75 1.6
      vertex -3.5 -17.5 1.6
      vertex -3.65859 -13.7164 1.6
    endloop
  endfacet
  facet normal 0 0 1
    outer loop
      vertex -4.34141 -13.7164 1.6
      vertex -3.5 -17.5 1.6
      vertex -4 -13.75 1.6
    endloop
  endfacet
  facet normal 0 0 1
    outer loop
      vertex -4.6697 -13.6168 1.6
      vertex -3.5 -17.5 1.6
      vertex -4.34141 -13.7164 1.6
    endloop
  endfacet
  facet normal 0 0 1
    outer loop
      vertex -4.97225 -13.4551 1.6
      vertex -3.5 -17.5 1.6
      vertex -4.6697 -13.6168 1.6
    endloop
  endfacet
  facet normal 0 0 1
    outer loop
      vertex -5.23744 -13.2374 1.6
      vertex -3.5 -17.5 1.6
      vertex -4.97225 -13.4551 1.6
    endloop
  endfacet
  facet normal 0 0 1
    outer loop
      vertex -5.45507 -12.9722 1.6
      vertex -3.5 -17.5 1.6
      vertex -5.23744 -13.2374 1.6
    endloop
  endfacet
  facet normal 0 0 1
    outer loop
      vertex -7 -31.5 1.6
      vertex -5.45507 -12.9722 1.6
      vertex -5.61679 -12.6697 1.6
    endloop
  endfacet
  facet normal 0 0 1
    outer loop
      vertex -5.75 -2 1.6
      vertex -5.96157 -0.390181 1.6
      vertex -5.75 -12 1.6
    endloop
  endfacet
  facet normal 0 0 1
    outer loop
      vertex -6 0 1.6
      vertex -5.75 -12 1.6
      vertex -5.96157 -0.390181 1.6
    endloop
  endfacet
  facet normal 0 0 1
    outer loop
      vertex -7 -31.5 1.6
      vertex -6 0 1.6
      vertex -7 16 1.6
    endloop
  endfacet
  facet normal 0 0 1
    outer loop
      vertex -3.5 -17.5 1.6
      vertex -7 -31.5 1.6
      vertex 21 -31.5 1.6
    endloop
  endfacet
  facet normal 0 0 1
    outer loop
      vertex -5.45507 -12.9722 1.6
      vertex -7 -31.5 1.6
      vertex -3.5 -17.5 1.6
    endloop
  endfacet
  facet normal 0 0 1
    outer loop
      vertex -5.71637 -12.3414 1.6
      vertex -7 -31.5 1.6
      vertex -5.61679 -12.6697 1.6
    endloop
  endfacet
  facet normal 0 0 1
    outer loop
      vertex -5.75 -12 1.6
      vertex -7 -31.5 1.6
      vertex -5.71637 -12.3414 1.6
    endloop
  endfacet
  facet normal 0 0 1
    outer loop
      vertex -6 0 1.6
      vertex -7 -31.5 1.6
      vertex -5.75 -12 1.6
    endloop
  endfacet
  facet normal 0 0 1
    outer loop
      vertex 76 2 1.6
      vertex 73.5 17.5 1.6
      vertex 73.5 2 1.6
    endloop
  endfacet
  facet normal 0 0 1
    outer loop
      vertex 104.5 -59 1.6
      vertex 105 -31.5 1.6
      vertex 104.5 -31.5 1.6
    endloop
  endfacet
  facet normal 0 0 1
    outer loop
      vertex 105 -31.5 1.6
      vertex 104.5 -59 1.6
      vertex 105 -60 1.6
    endloop
  endfacet
  facet normal -0 0 1
    outer loop
      vertex 73.5 -59 1.6
      vertex 105 -60 1.6
      vertex 104.5 -59 1.6
    endloop
  endfacet
  facet normal -0 0 1
    outer loop
      vertex 73 -56.5 1.6
      vertex 73.5 -59 1.6
      vertex 73 -33.5 1.6
    endloop
  endfacet
  facet normal 0 0 1
    outer loop
      vertex 67.5 -59.5 1.6
      vertex 73 -56.5 1.6
      vertex 67.5 -56.5 1.6
    endloop
  endfacet
  facet normal 0 0 1
    outer loop
      vertex 73 -56.5 1.6
      vertex 67.5 -59.5 1.6
      vertex 73.5 -59 1.6
    endloop
  endfacet
  facet normal -0 0 1
    outer loop
      vertex 67.5 -59.5 1.6
      vertex 105 -60 1.6
      vertex 73.5 -59 1.6
    endloop
  endfacet
  facet normal -0 0 1
    outer loop
      vertex 36.5 -59.5 1.6
      vertex 105 -60 1.6
      vertex 67.5 -59.5 1.6
    endloop
  endfacet
  facet normal 0 0 1
    outer loop
      vertex 36.5 -55 1.6
      vertex 21 -58.5 1.6
      vertex 36.5 -59.5 1.6
    endloop
  endfacet
  facet normal 0 0 1
    outer loop
      vertex -7 -60 1.6
      vertex 21 -58.5 1.6
      vertex -7 -58.5 1.6
    endloop
  endfacet
  facet normal 0 0 1
    outer loop
      vertex 36.5 -59.5 1.6
      vertex -7 -60 1.6
      vertex 105 -60 1.6
    endloop
  endfacet
  facet normal 0 0 1
    outer loop
      vertex 21 -58.5 1.6
      vertex -7 -60 1.6
      vertex 36.5 -59.5 1.6
    endloop
  endfacet
  facet normal 0 0 1
    outer loop
      vertex 79.6 24 1.6
      vertex 67.5 25.5 1.6
      vertex 73.5 17.5 1.6
    endloop
  endfacet
  facet normal -0 0 1
    outer loop
      vertex 36.5 25.5 1.6
      vertex 73.5 17.5 1.6
      vertex 67.5 25.5 1.6
    endloop
  endfacet
  facet normal 0 0 1
    outer loop
      vertex 36.5 59.5 1.6
      vertex 31.5 35 1.6
      vertex 36.5 25.5 1.6
    endloop
  endfacet
  facet normal 0 0 1
    outer loop
      vertex -3.5 17.5 1.6
      vertex 31.5 35 1.6
      vertex 0.5 35 1.6
    endloop
  endfacet
  facet normal 0 0 1
    outer loop
      vertex 36.5 25.5 1.6
      vertex -3.5 17.5 1.6
      vertex 73.5 17.5 1.6
    endloop
  endfacet
  facet normal 0 0 1
    outer loop
      vertex 31.5 35 1.6
      vertex -3.5 17.5 1.6
      vertex 36.5 25.5 1.6
    endloop
  endfacet
  facet normal 0 0 1
    outer loop
      vertex 73.5 -31 1.6
      vertex 67.5 -33.5 1.6
      vertex 73 -33.5 1.6
    endloop
  endfacet
  facet normal 0 0 1
    outer loop
      vertex -5.66294 -1.11114 1.6
      vertex -5.61679 -1.3303 1.6
      vertex -5.56405 -1.23164 1.6
    endloop
  endfacet
  facet normal 0 0 1
    outer loop
      vertex -5.66294 -1.11114 1.6
      vertex -5.71637 -1.65859 1.6
      vertex -5.61679 -1.3303 1.6
    endloop
  endfacet
  facet normal 0 0 1
    outer loop
      vertex -5.84776 -0.765367 1.6
      vertex -5.71637 -1.65859 1.6
      vertex -5.66294 -1.11114 1.6
    endloop
  endfacet
  facet normal 0 0 1
    outer loop
      vertex -5.96157 -0.390181 1.6
      vertex -5.75 -2 1.6
      vertex -5.84776 -0.765367 1.6
    endloop
  endfacet
  facet normal 0 0 1
    outer loop
      vertex -5.71637 -1.65859 1.6
      vertex -5.84776 -0.765367 1.6
      vertex -5.75 -2 1.6
    endloop
  endfacet
  facet normal 0 0 1
    outer loop
      vertex -3.5 -13.6683 1.6
      vertex -3.65859 -13.7164 1.6
      vertex -3.5 -17.5 1.6
    endloop
  endfacet
  facet normal 0 0 1
    outer loop
      vertex 36.5 -35 1.6
      vertex 21 -31.5 1.6
      vertex 21 -35 1.6
    endloop
  endfacet
  facet normal 0 0 1
    outer loop
      vertex -3.5 17.5 1.6
      vertex -9.5 25.5 1.6
      vertex -7 16 1.6
    endloop
  endfacet
  facet normal -0 0 1
    outer loop
      vertex -40.5 25.5 1.6
      vertex -7 16 1.6
      vertex -9.5 25.5 1.6
    endloop
  endfacet
  facet normal -0 0 1
    outer loop
      vertex -54.1156 35.6476 1.6
      vertex -40.5 25.5 1.6
      vertex -54 38 1.6
    endloop
  endfacet
  facet normal -0 0 1
    outer loop
      vertex -54.4612 33.3178 1.6
      vertex -40.5 25.5 1.6
      vertex -54.1156 35.6476 1.6
    endloop
  endfacet
  facet normal -0 0 1
    outer loop
      vertex -55.0334 31.0332 1.6
      vertex -40.5 25.5 1.6
      vertex -54.4612 33.3178 1.6
    endloop
  endfacet
  facet normal -0 0 1
    outer loop
      vertex -55.8269 28.8156 1.6
      vertex -40.5 25.5 1.6
      vertex -55.0334 31.0332 1.6
    endloop
  endfacet
  facet normal -0 0 1
    outer loop
      vertex -56.8339 26.6865 1.6
      vertex -40.5 25.5 1.6
      vertex -55.8269 28.8156 1.6
    endloop
  endfacet
  facet normal 0 0 1
    outer loop
      vertex -58.0447 24.6663 1.6
      vertex -40.5 25.5 1.6
      vertex -56.8339 26.6865 1.6
    endloop
  endfacet
  facet normal 0 0 1
    outer loop
      vertex -59.4478 22.7746 1.6
      vertex -40.5 25.5 1.6
      vertex -58.0447 24.6663 1.6
    endloop
  endfacet
  facet normal 0 0 1
    outer loop
      vertex -61.0294 21.0294 1.6
      vertex -40.5 25.5 1.6
      vertex -59.4478 22.7746 1.6
    endloop
  endfacet
  facet normal 0 0 1
    outer loop
      vertex -62.7746 19.4478 1.6
      vertex -40.5 25.5 1.6
      vertex -61.0294 21.0294 1.6
    endloop
  endfacet
  facet normal 0 0 1
    outer loop
      vertex -64.6663 18.0447 1.6
      vertex -40.5 25.5 1.6
      vertex -62.7746 19.4478 1.6
    endloop
  endfacet
  facet normal 0 0 1
    outer loop
      vertex -40.5 25.5 1.6
      vertex -64.6663 18.0447 1.6
      vertex -7 16 1.6
    endloop
  endfacet
  facet normal -0 0 1
    outer loop
      vertex -66.6865 16.8339 1.6
      vertex -7 16 1.6
      vertex -64.6663 18.0447 1.6
    endloop
  endfacet
  facet normal 0 0 1
    outer loop
      vertex -7 16 1.6
      vertex -66.6865 16.8339 1.6
      vertex -68.4496 16 1.6
    endloop
  endfacet
  facet normal 0 0 1
    outer loop
      vertex -89.2876 28.7299 1.6
      vertex -92.5365 36.5734 1.6
      vertex -89.6673 28.4541 1.6
    endloop
  endfacet
  facet normal -0 0 1
    outer loop
      vertex -93 36.5 1.6
      vertex -89.6673 28.4541 1.6
      vertex -92.5365 36.5734 1.6
    endloop
  endfacet
  facet normal -0 0 1
    outer loop
      vertex -97.4015 29.9636 1.6
      vertex -89.6673 28.4541 1.6
      vertex -93 36.5 1.6
    endloop
  endfacet
  facet normal 0 -0 1
    outer loop
      vertex -96.5203 28.1007 1.6
      vertex -89.6673 28.4541 1.6
      vertex -97.4015 29.9636 1.6
    endloop
  endfacet
  facet normal 0 0 1
    outer loop
      vertex -90.0881 27.6281 1.6
      vertex -92.8492 23.1508 1.6
      vertex -91.3223 21.7668 1.6
    endloop
  endfacet
  facet normal 0 0 1
    outer loop
      vertex -89.6673 28.4541 1.6
      vertex -96.5203 28.1007 1.6
      vertex -89.9431 28.0744 1.6
    endloop
  endfacet
  facet normal 0 0 1
    outer loop
      vertex -98.0957 31.904 1.6
      vertex -93 36.5 1.6
      vertex -93.4635 36.5734 1.6
    endloop
  endfacet
  facet normal 0 0 1
    outer loop
      vertex -98.0957 31.904 1.6
      vertex -93.4635 36.5734 1.6
      vertex -93.8817 36.7865 1.6
    endloop
  endfacet
  facet normal 0 0 1
    outer loop
      vertex -98.5965 33.9031 1.6
      vertex -93.8817 36.7865 1.6
      vertex -94.2135 37.1183 1.6
    endloop
  endfacet
  facet normal 0 0 1
    outer loop
      vertex -90.0881 27.6281 1.6
      vertex -94.2332 24.6777 1.6
      vertex -92.8492 23.1508 1.6
    endloop
  endfacet
  facet normal 0 0 1
    outer loop
      vertex -98.8989 35.9416 1.6
      vertex -94.2135 37.1183 1.6
      vertex -94.4266 37.5365 1.6
    endloop
  endfacet
  facet normal -0 0 1
    outer loop
      vertex -99 38 1.6
      vertex -94.4266 37.5365 1.6
      vertex -94.5 38 1.6
    endloop
  endfacet
  facet normal -0 0 1
    outer loop
      vertex -98.5965 42.0969 1.6
      vertex -93.8817 39.2135 1.6
      vertex -98.0957 44.096 1.6
    endloop
  endfacet
  facet normal 0 0 1
    outer loop
      vertex -90.0881 27.6281 1.6
      vertex -95.4609 26.333 1.6
      vertex -94.2332 24.6777 1.6
    endloop
  endfacet
  facet normal 0 0 1
    outer loop
      vertex -93.8817 39.2135 1.6
      vertex -98.5965 42.0969 1.6
      vertex -94.2135 38.8817 1.6
    endloop
  endfacet
  facet normal 0 0 1
    outer loop
      vertex -90.0881 27.6281 1.6
      vertex -96.5203 28.1007 1.6
      vertex -95.4609 26.333 1.6
    endloop
  endfacet
  facet normal -0 0 1
    outer loop
      vertex -98.8989 40.0584 1.6
      vertex -94.2135 38.8817 1.6
      vertex -98.5965 42.0969 1.6
    endloop
  endfacet
  facet normal 0 0 1
    outer loop
      vertex -89.9431 28.0744 1.6
      vertex -96.5203 28.1007 1.6
      vertex -90.0881 27.6281 1.6
    endloop
  endfacet
  facet normal 0 0 1
    outer loop
      vertex -94.2135 38.8817 1.6
      vertex -98.8989 40.0584 1.6
      vertex -94.4266 38.4635 1.6
    endloop
  endfacet
  facet normal 0 0 1
    outer loop
      vertex -93 36.5 1.6
      vertex -98.0957 31.904 1.6
      vertex -97.4015 29.9636 1.6
    endloop
  endfacet
  facet normal 0 0 1
    outer loop
      vertex -99 38 1.6
      vertex -94.4266 38.4635 1.6
      vertex -98.8989 40.0584 1.6
    endloop
  endfacet
  facet normal 0 0 1
    outer loop
      vertex -93.8817 36.7865 1.6
      vertex -98.5965 33.9031 1.6
      vertex -98.0957 31.904 1.6
    endloop
  endfacet
  facet normal 0 0 1
    outer loop
      vertex -94.4266 38.4635 1.6
      vertex -99 38 1.6
      vertex -94.5 38 1.6
    endloop
  endfacet
  facet normal 0 0 1
    outer loop
      vertex -94.2135 37.1183 1.6
      vertex -98.8989 35.9416 1.6
      vertex -98.5965 33.9031 1.6
    endloop
  endfacet
  facet normal 0 0 1
    outer loop
      vertex -94.4266 37.5365 1.6
      vertex -99 38 1.6
      vertex -98.8989 35.9416 1.6
    endloop
  endfacet
  facet normal 0 0 1
    outer loop
      vertex -87.4266 37.5365 1.6
      vertex -91.5734 37.5365 1.6
      vertex -87.2135 37.1183 1.6
    endloop
  endfacet
  facet normal 0 0 1
    outer loop
      vertex -86.8817 36.7865 1.6
      vertex -87.2701 28.0744 1.6
      vertex -87.1251 27.6281 1.6
    endloop
  endfacet
  facet normal 0 0 1
    outer loop
      vertex -91.5734 37.5365 1.6
      vertex -87.4266 37.5365 1.6
      vertex -91.5 38 1.6
    endloop
  endfacet
  facet normal -0 0 1
    outer loop
      vertex -91.5 38 1.6
      vertex -87.4266 37.5365 1.6
      vertex -87.5 38 1.6
    endloop
  endfacet
  facet normal 0 0 1
    outer loop
      vertex -86.8817 36.7865 1.6
      vertex -87.5459 28.4541 1.6
      vertex -87.2701 28.0744 1.6
    endloop
  endfacet
  facet normal 0 0 1
    outer loop
      vertex -91.5 38 1.6
      vertex -86.8817 39.2135 1.6
      vertex -88.8413 47.1251 1.6
    endloop
  endfacet
  facet normal 0 0 1
    outer loop
      vertex -86.8817 39.2135 1.6
      vertex -91.5 38 1.6
      vertex -87.2135 38.8817 1.6
    endloop
  endfacet
  facet normal 0 0 1
    outer loop
      vertex -91.7865 37.1183 1.6
      vertex -87.2135 37.1183 1.6
      vertex -91.5734 37.5365 1.6
    endloop
  endfacet
  facet normal 0 0 1
    outer loop
      vertex -87.2135 38.8817 1.6
      vertex -91.5 38 1.6
      vertex -87.4266 38.4635 1.6
    endloop
  endfacet
  facet normal 0 0 1
    outer loop
      vertex -86.8817 36.7865 1.6
      vertex -87.9256 28.7299 1.6
      vertex -87.5459 28.4541 1.6
    endloop
  endfacet
  facet normal 0 0 1
    outer loop
      vertex -87.4266 38.4635 1.6
      vertex -91.5 38 1.6
      vertex -87.5 38 1.6
    endloop
  endfacet
  facet normal 0 0 1
    outer loop
      vertex -86.8817 36.7865 1.6
      vertex -88.3719 28.8749 1.6
      vertex -87.9256 28.7299 1.6
    endloop
  endfacet
  facet normal 0 0 1
    outer loop
      vertex -91.5 38 1.6
      vertex -88.8413 47.1251 1.6
      vertex -89.2876 47.2701 1.6
    endloop
  endfacet
  facet normal 0 0 1
    outer loop
      vertex -86.8817 36.7865 1.6
      vertex -88.8413 28.8749 1.6
      vertex -88.3719 28.8749 1.6
    endloop
  endfacet
  facet normal 0 0 1
    outer loop
      vertex -91.5 38 1.6
      vertex -89.2876 47.2701 1.6
      vertex -89.6673 47.5459 1.6
    endloop
  endfacet
  facet normal 0 0 1
    outer loop
      vertex -87.2135 37.1183 1.6
      vertex -91.7865 37.1183 1.6
      vertex -86.8817 36.7865 1.6
    endloop
  endfacet
  facet normal 0 0 1
    outer loop
      vertex -91.5 38 1.6
      vertex -89.6673 47.5459 1.6
      vertex -89.9431 47.9256 1.6
    endloop
  endfacet
  facet normal 0 0 1
    outer loop
      vertex -92.1183 36.7865 1.6
      vertex -86.8817 36.7865 1.6
      vertex -91.7865 37.1183 1.6
    endloop
  endfacet
  facet normal 0 0 1
    outer loop
      vertex -91.5 38 1.6
      vertex -89.9431 47.9256 1.6
      vertex -90.0881 48.3719 1.6
    endloop
  endfacet
  facet normal 0 0 1
    outer loop
      vertex -86.8817 36.7865 1.6
      vertex -92.1183 36.7865 1.6
      vertex -88.8413 28.8749 1.6
    endloop
  endfacet
  facet normal 0 0 1
    outer loop
      vertex -84.7175 44.7175 1.6
      vertex -87.5459 47.5459 1.6
      vertex -84.9934 44.3378 1.6
    endloop
  endfacet
  facet normal -0 0 1
    outer loop
      vertex -87.9256 47.2701 1.6
      vertex -84.9934 44.3378 1.6
      vertex -87.5459 47.5459 1.6
    endloop
  endfacet
  facet normal 0 0 1
    outer loop
      vertex -84.9934 44.3378 1.6
      vertex -87.9256 47.2701 1.6
      vertex -85.1384 43.8915 1.6
    endloop
  endfacet
  facet normal 0 0 1
    outer loop
      vertex -85.1384 43.8915 1.6
      vertex -88.3719 47.1251 1.6
      vertex -85.1384 43.4222 1.6
    endloop
  endfacet
  facet normal -0 0 1
    outer loop
      vertex -88.8413 47.1251 1.6
      vertex -85.1384 43.4222 1.6
      vertex -88.3719 47.1251 1.6
    endloop
  endfacet
  facet normal 0 0 1
    outer loop
      vertex -85.1384 43.4222 1.6
      vertex -88.8413 47.1251 1.6
      vertex -86.8817 39.2135 1.6
    endloop
  endfacet
  facet normal 0 0 1
    outer loop
      vertex -84.5734 38.4635 1.6
      vertex -79.8478 38.7654 1.6
      vertex -82.9759 42.3203 1.6
    endloop
  endfacet
  facet normal 0 0 1
    outer loop
      vertex -80 38 1.6
      vertex -82.3203 33.0241 1.6
      vertex -82.1753 32.5778 1.6
    endloop
  endfacet
  facet normal 0 0 1
    outer loop
      vertex -79.8478 38.7654 1.6
      vertex -84.5734 38.4635 1.6
      vertex -79.9616 38.3902 1.6
    endloop
  endfacet
  facet normal 0 0 1
    outer loop
      vertex -80 38 1.6
      vertex -82.5962 33.4038 1.6
      vertex -82.3203 33.0241 1.6
    endloop
  endfacet
  facet normal 0 -0 1
    outer loop
      vertex -84.5 38 1.6
      vertex -79.9616 38.3902 1.6
      vertex -84.5734 38.4635 1.6
    endloop
  endfacet
  facet normal 0 0 1
    outer loop
      vertex -84.5734 37.5365 1.6
      vertex -80 38 1.6
      vertex -84.5 38 1.6
    endloop
  endfacet
  facet normal 0 0 1
    outer loop
      vertex -84.5734 38.4635 1.6
      vertex -82.9759 42.3203 1.6
      vertex -83.4222 42.1753 1.6
    endloop
  endfacet
  facet normal 0 0 1
    outer loop
      vertex -80 38 1.6
      vertex -82.9759 33.6797 1.6
      vertex -82.5962 33.4038 1.6
    endloop
  endfacet
  facet normal 0 0 1
    outer loop
      vertex -84.7865 38.8817 1.6
      vertex -83.4222 42.1753 1.6
      vertex -83.8915 42.1753 1.6
    endloop
  endfacet
  facet normal 0 0 1
    outer loop
      vertex -80 38 1.6
      vertex -84.5734 37.5365 1.6
      vertex -82.9759 33.6797 1.6
    endloop
  endfacet
  facet normal 0 0 1
    outer loop
      vertex -85.1183 39.2135 1.6
      vertex -83.8915 42.1753 1.6
      vertex -84.3378 42.3203 1.6
    endloop
  endfacet
  facet normal 0 0 1
    outer loop
      vertex -82.9759 33.6797 1.6
      vertex -84.5734 37.5365 1.6
      vertex -83.4222 33.8247 1.6
    endloop
  endfacet
  facet normal -0 0 1
    outer loop
      vertex -84.7865 37.1183 1.6
      vertex -83.4222 33.8247 1.6
      vertex -84.5734 37.5365 1.6
    endloop
  endfacet
  facet normal 0 0 1
    outer loop
      vertex -79.9616 38.3902 1.6
      vertex -84.5 38 1.6
      vertex -80 38 1.6
    endloop
  endfacet
  facet normal 0 0 1
    outer loop
      vertex -85.5365 39.4266 1.6
      vertex -84.3378 42.3203 1.6
      vertex -84.7175 42.5962 1.6
    endloop
  endfacet
  facet normal 0 0 1
    outer loop
      vertex -83.4222 42.1753 1.6
      vertex -84.7865 38.8817 1.6
      vertex -84.5734 38.4635 1.6
    endloop
  endfacet
  facet normal 0 0 1
    outer loop
      vertex -86 39.5 1.6
      vertex -84.7175 42.5962 1.6
      vertex -84.9934 42.9759 1.6
    endloop
  endfacet
  facet normal 0 0 1
    outer loop
      vertex -83.8915 42.1753 1.6
      vertex -85.1183 39.2135 1.6
      vertex -84.7865 38.8817 1.6
    endloop
  endfacet
  facet normal 0 0 1
    outer loop
      vertex -86.4635 39.4266 1.6
      vertex -84.9934 42.9759 1.6
      vertex -85.1384 43.4222 1.6
    endloop
  endfacet
  facet normal 0 0 1
    outer loop
      vertex -84.3378 42.3203 1.6
      vertex -85.5365 39.4266 1.6
      vertex -85.1183 39.2135 1.6
    endloop
  endfacet
  facet normal 0 0 1
    outer loop
      vertex -79.2135 30.8817 1.6
      vertex -82.1753 32.1085 1.6
      vertex -79.4266 30.4635 1.6
    endloop
  endfacet
  facet normal -0 0 1
    outer loop
      vertex -82.3203 31.6622 1.6
      vertex -79.4266 30.4635 1.6
      vertex -82.1753 32.1085 1.6
    endloop
  endfacet
  facet normal 0 0 1
    outer loop
      vertex -79.4266 30.4635 1.6
      vertex -82.3203 31.6622 1.6
      vertex -79.5 30 1.6
    endloop
  endfacet
  facet normal -0 0 1
    outer loop
      vertex -82.5962 31.2825 1.6
      vertex -79.5 30 1.6
      vertex -82.3203 31.6622 1.6
    endloop
  endfacet
  facet normal -0 0 1
    outer loop
      vertex -82.9759 31.0066 1.6
      vertex -79.5 30 1.6
      vertex -82.5962 31.2825 1.6
    endloop
  endfacet
  facet normal -0 0 1
    outer loop
      vertex -83.4222 30.8616 1.6
      vertex -79.5 30 1.6
      vertex -82.9759 31.0066 1.6
    endloop
  endfacet
  facet normal 0 0 1
    outer loop
      vertex -87.1251 27.1587 1.6
      vertex -79.5 30 1.6
      vertex -83.4222 30.8616 1.6
    endloop
  endfacet
  facet normal 0 0 1
    outer loop
      vertex -87.1251 27.1587 1.6
      vertex -83.4222 30.8616 1.6
      vertex -83.8915 30.8616 1.6
    endloop
  endfacet
  facet normal 0 0 1
    outer loop
      vertex -79.5 30 1.6
      vertex -87.2701 26.7124 1.6
      vertex -82.0969 17.4035 1.6
    endloop
  endfacet
  facet normal 0 0 1
    outer loop
      vertex -87.1251 27.6281 1.6
      vertex -83.8915 30.8616 1.6
      vertex -84.3378 31.0066 1.6
    endloop
  endfacet
  facet normal 0 0 1
    outer loop
      vertex -87.1251 27.6281 1.6
      vertex -84.3378 31.0066 1.6
      vertex -84.7175 31.2825 1.6
    endloop
  endfacet
  facet normal 0 0 1
    outer loop
      vertex -87.1251 27.6281 1.6
      vertex -84.7175 31.2825 1.6
      vertex -84.9934 31.6622 1.6
    endloop
  endfacet
  facet normal 0 0 1
    outer loop
      vertex -87.1251 27.6281 1.6
      vertex -84.9934 31.6622 1.6
      vertex -85.1384 32.1085 1.6
    endloop
  endfacet
  facet normal 0 0 1
    outer loop
      vertex -84.9934 33.0241 1.6
      vertex -86.4635 36.5734 1.6
      vertex -85.1384 32.5778 1.6
    endloop
  endfacet
  facet normal 0 0 1
    outer loop
      vertex -86.8817 36.7865 1.6
      vertex -85.1384 32.5778 1.6
      vertex -86.4635 36.5734 1.6
    endloop
  endfacet
  facet normal 0 0 1
    outer loop
      vertex -83.8915 30.8616 1.6
      vertex -87.1251 27.6281 1.6
      vertex -87.1251 27.1587 1.6
    endloop
  endfacet
  facet normal 0 0 1
    outer loop
      vertex -85.1384 32.5778 1.6
      vertex -86.8817 36.7865 1.6
      vertex -85.1384 32.1085 1.6
    endloop
  endfacet
  facet normal 0 0 1
    outer loop
      vertex -85.1384 32.1085 1.6
      vertex -86.8817 36.7865 1.6
      vertex -87.1251 27.6281 1.6
    endloop
  endfacet
  facet normal 0 0 1
    outer loop
      vertex -79.5 30 1.6
      vertex -87.1251 27.1587 1.6
      vertex -87.2701 26.7124 1.6
    endloop
  endfacet
  facet normal 0 0 1
    outer loop
      vertex -82.0969 17.4035 1.6
      vertex -87.2701 26.7124 1.6
      vertex -84.096 17.9043 1.6
    endloop
  endfacet
  facet normal -0 0 1
    outer loop
      vertex -87.5459 26.3327 1.6
      vertex -84.096 17.9043 1.6
      vertex -87.2701 26.7124 1.6
    endloop
  endfacet
  facet normal 0 0 1
    outer loop
      vertex -84.096 17.9043 1.6
      vertex -87.5459 26.3327 1.6
      vertex -86.0364 18.5985 1.6
    endloop
  endfacet
  facet normal 0 0 1
    outer loop
      vertex -87.5459 26.3327 1.6
      vertex -87.8993 19.4797 1.6
      vertex -86.0364 18.5985 1.6
    endloop
  endfacet
  facet normal -0 0 1
    outer loop
      vertex -87.9256 26.0569 1.6
      vertex -87.8993 19.4797 1.6
      vertex -87.5459 26.3327 1.6
    endloop
  endfacet
  facet normal -0 0 1
    outer loop
      vertex -88.3719 25.9119 1.6
      vertex -87.8993 19.4797 1.6
      vertex -87.9256 26.0569 1.6
    endloop
  endfacet
  facet normal 0 0 1
    outer loop
      vertex -89.667 20.5391 1.6
      vertex -88.3719 25.9119 1.6
      vertex -88.8413 25.9119 1.6
    endloop
  endfacet
  facet normal 0 0 1
    outer loop
      vertex -91.3223 21.7668 1.6
      vertex -88.8413 25.9119 1.6
      vertex -89.2876 26.0569 1.6
    endloop
  endfacet
  facet normal 0 0 1
    outer loop
      vertex -88.3719 25.9119 1.6
      vertex -89.667 20.5391 1.6
      vertex -87.8993 19.4797 1.6
    endloop
  endfacet
  facet normal 0 0 1
    outer loop
      vertex -91.3223 21.7668 1.6
      vertex -89.2876 26.0569 1.6
      vertex -89.6673 26.3327 1.6
    endloop
  endfacet
  facet normal 0 0 1
    outer loop
      vertex -91.3223 21.7668 1.6
      vertex -89.6673 26.3327 1.6
      vertex -89.9431 26.7124 1.6
    endloop
  endfacet
  facet normal 0 0 1
    outer loop
      vertex -91.3223 21.7668 1.6
      vertex -89.9431 26.7124 1.6
      vertex -90.0881 27.1587 1.6
    endloop
  endfacet
  facet normal 0 0 1
    outer loop
      vertex -88.8413 25.9119 1.6
      vertex -91.3223 21.7668 1.6
      vertex -89.667 20.5391 1.6
    endloop
  endfacet
  facet normal 0 0 1
    outer loop
      vertex -90.0881 27.6281 1.6
      vertex -91.3223 21.7668 1.6
      vertex -90.0881 27.1587 1.6
    endloop
  endfacet
  facet normal -0 0 1
    outer loop
      vertex -92.5365 36.5734 1.6
      vertex -89.2876 28.7299 1.6
      vertex -92.1183 36.7865 1.6
    endloop
  endfacet
  facet normal 0 0 1
    outer loop
      vertex -91.3223 54.2332 1.6
      vertex -91.5734 38.4635 1.6
      vertex -91.5 38 1.6
    endloop
  endfacet
  facet normal 0 0 1
    outer loop
      vertex -91.3223 54.2332 1.6
      vertex -91.7865 38.8817 1.6
      vertex -91.5734 38.4635 1.6
    endloop
  endfacet
  facet normal 0 0 1
    outer loop
      vertex -91.3223 54.2332 1.6
      vertex -92.1183 39.2135 1.6
      vertex -91.7865 38.8817 1.6
    endloop
  endfacet
  facet normal -0 0 1
    outer loop
      vertex -92.8492 52.8492 1.6
      vertex -92.1183 39.2135 1.6
      vertex -91.3223 54.2332 1.6
    endloop
  endfacet
  facet normal -0 0 1
    outer loop
      vertex -94.2332 51.3223 1.6
      vertex -92.1183 39.2135 1.6
      vertex -92.8492 52.8492 1.6
    endloop
  endfacet
  facet normal -0 0 1
    outer loop
      vertex -95.4609 49.667 1.6
      vertex -92.1183 39.2135 1.6
      vertex -94.2332 51.3223 1.6
    endloop
  endfacet
  facet normal 0 0 1
    outer loop
      vertex -92.1183 39.2135 1.6
      vertex -95.4609 49.667 1.6
      vertex -92.5365 39.4266 1.6
    endloop
  endfacet
  facet normal -0 0 1
    outer loop
      vertex -96.5203 47.8993 1.6
      vertex -92.5365 39.4266 1.6
      vertex -95.4609 49.667 1.6
    endloop
  endfacet
  facet normal 0 0 1
    outer loop
      vertex -92.5365 39.4266 1.6
      vertex -96.5203 47.8993 1.6
      vertex -93 39.5 1.6
    endloop
  endfacet
  facet normal -0 0 1
    outer loop
      vertex -97.4015 46.0364 1.6
      vertex -93 39.5 1.6
      vertex -96.5203 47.8993 1.6
    endloop
  endfacet
  facet normal -0 0 1
    outer loop
      vertex -98.0957 44.096 1.6
      vertex -93 39.5 1.6
      vertex -97.4015 46.0364 1.6
    endloop
  endfacet
  facet normal 0 0 1
    outer loop
      vertex -93 39.5 1.6
      vertex -98.0957 44.096 1.6
      vertex -93.4635 39.4266 1.6
    endloop
  endfacet
  facet normal 0 0 1
    outer loop
      vertex -93.4635 39.4266 1.6
      vertex -98.0957 44.096 1.6
      vertex -93.8817 39.2135 1.6
    endloop
  endfacet
  facet normal 0 0 1
    outer loop
      vertex -83.4222 33.8247 1.6
      vertex -84.7865 37.1183 1.6
      vertex -83.8915 33.8247 1.6
    endloop
  endfacet
  facet normal -0 0 1
    outer loop
      vertex -85.1183 36.7865 1.6
      vertex -83.8915 33.8247 1.6
      vertex -84.7865 37.1183 1.6
    endloop
  endfacet
  facet normal 0 0 1
    outer loop
      vertex -83.8915 33.8247 1.6
      vertex -85.1183 36.7865 1.6
      vertex -84.3378 33.6797 1.6
    endloop
  endfacet
  facet normal -0 0 1
    outer loop
      vertex -85.5365 36.5734 1.6
      vertex -84.3378 33.6797 1.6
      vertex -85.1183 36.7865 1.6
    endloop
  endfacet
  facet normal 0 0 1
    outer loop
      vertex -84.3378 33.6797 1.6
      vertex -85.5365 36.5734 1.6
      vertex -84.7175 33.4038 1.6
    endloop
  endfacet
  facet normal -0 0 1
    outer loop
      vertex -86 36.5 1.6
      vertex -84.7175 33.4038 1.6
      vertex -85.5365 36.5734 1.6
    endloop
  endfacet
  facet normal 0 0 1
    outer loop
      vertex -86.4635 36.5734 1.6
      vertex -84.9934 33.0241 1.6
      vertex -86 36.5 1.6
    endloop
  endfacet
  facet normal 0 0 1
    outer loop
      vertex -84.7175 33.4038 1.6
      vertex -86 36.5 1.6
      vertex -84.9934 33.0241 1.6
    endloop
  endfacet
  facet normal 0 0 1
    outer loop
      vertex -76.5734 23.4635 1.6
      vertex -73.8247 32.1085 1.6
      vertex -76.5734 29.5365 1.6
    endloop
  endfacet
  facet normal 0 0 1
    outer loop
      vertex -73.8247 32.1085 1.6
      vertex -76.5734 23.4635 1.6
      vertex -76.5 23 1.6
    endloop
  endfacet
  facet normal -0 0 1
    outer loop
      vertex -76.7865 29.1183 1.6
      vertex -76.5734 23.4635 1.6
      vertex -76.5734 29.5365 1.6
    endloop
  endfacet
  facet normal 0 0 1
    outer loop
      vertex -76.7865 29.1183 1.6
      vertex -76.7865 23.8817 1.6
      vertex -76.5734 23.4635 1.6
    endloop
  endfacet
  facet normal -0 0 1
    outer loop
      vertex -77.1183 28.7865 1.6
      vertex -76.7865 23.8817 1.6
      vertex -76.7865 29.1183 1.6
    endloop
  endfacet
  facet normal 0 0 1
    outer loop
      vertex -77.1183 28.7865 1.6
      vertex -77.1183 24.2135 1.6
      vertex -76.7865 23.8817 1.6
    endloop
  endfacet
  facet normal -0 0 1
    outer loop
      vertex -77.5365 28.5734 1.6
      vertex -77.1183 24.2135 1.6
      vertex -77.1183 28.7865 1.6
    endloop
  endfacet
  facet normal 0 0 1
    outer loop
      vertex -77.5365 28.5734 1.6
      vertex -77.5365 24.4266 1.6
      vertex -77.1183 24.2135 1.6
    endloop
  endfacet
  facet normal -0 0 1
    outer loop
      vertex -78 28.5 1.6
      vertex -77.5365 24.4266 1.6
      vertex -77.5365 28.5734 1.6
    endloop
  endfacet
  facet normal 0 0 1
    outer loop
      vertex -78 28.5 1.6
      vertex -78 24.5 1.6
      vertex -77.5365 24.4266 1.6
    endloop
  endfacet
  facet normal 0 0 1
    outer loop
      vertex -78.4635 28.5734 1.6
      vertex -78 24.5 1.6
      vertex -78 28.5 1.6
    endloop
  endfacet
  facet normal 0 0 1
    outer loop
      vertex -78.4635 28.5734 1.6
      vertex -78.4635 24.4266 1.6
      vertex -78 24.5 1.6
    endloop
  endfacet
  facet normal 0 0 1
    outer loop
      vertex -78.8817 28.7865 1.6
      vertex -78.4635 24.4266 1.6
      vertex -78.4635 28.5734 1.6
    endloop
  endfacet
  facet normal 0 0 1
    outer loop
      vertex -78.8817 28.7865 1.6
      vertex -78.8817 24.2135 1.6
      vertex -78.4635 24.4266 1.6
    endloop
  endfacet
  facet normal 0 0 1
    outer loop
      vertex -79.2135 29.1183 1.6
      vertex -78.8817 24.2135 1.6
      vertex -78.8817 28.7865 1.6
    endloop
  endfacet
  facet normal 0 0 1
    outer loop
      vertex -79.2135 29.1183 1.6
      vertex -79.2135 23.8817 1.6
      vertex -78.8817 24.2135 1.6
    endloop
  endfacet
  facet normal 0 0 1
    outer loop
      vertex -79.4266 29.5365 1.6
      vertex -79.2135 23.8817 1.6
      vertex -79.2135 29.1183 1.6
    endloop
  endfacet
  facet normal 0 0 1
    outer loop
      vertex -79.4266 29.5365 1.6
      vertex -79.4266 23.4635 1.6
      vertex -79.2135 23.8817 1.6
    endloop
  endfacet
  facet normal 0 0 1
    outer loop
      vertex -82.0969 17.4035 1.6
      vertex -79.4266 29.5365 1.6
      vertex -79.5 30 1.6
    endloop
  endfacet
  facet normal 0 0 1
    outer loop
      vertex -79.4266 29.5365 1.6
      vertex -82.0969 17.4035 1.6
      vertex -79.4266 23.4635 1.6
    endloop
  endfacet
  facet normal 0 0 1
    outer loop
      vertex -73.8247 32.1085 1.6
      vertex -76.5734 30.4635 1.6
      vertex -76.5 30 1.6
    endloop
  endfacet
  facet normal -0 0 1
    outer loop
      vertex -77.2346 36.1522 1.6
      vertex -73.6797 33.0241 1.6
      vertex -76.8889 36.3371 1.6
    endloop
  endfacet
  facet normal 0 0 1
    outer loop
      vertex -73.8247 32.5778 1.6
      vertex -76.7865 30.8817 1.6
      vertex -76.5734 30.4635 1.6
    endloop
  endfacet
  facet normal 0 0 1
    outer loop
      vertex -77.5365 31.4266 1.6
      vertex -73.6797 33.0241 1.6
      vertex -77.2346 36.1522 1.6
    endloop
  endfacet
  facet normal 0 0 1
    outer loop
      vertex -73.8247 32.5778 1.6
      vertex -77.1183 31.2135 1.6
      vertex -76.7865 30.8817 1.6
    endloop
  endfacet
  facet normal 0 0 1
    outer loop
      vertex -73.6797 33.0241 1.6
      vertex -77.5365 31.4266 1.6
      vertex -73.8247 32.5778 1.6
    endloop
  endfacet
  facet normal 0 0 1
    outer loop
      vertex -73.8247 32.5778 1.6
      vertex -77.5365 31.4266 1.6
      vertex -77.1183 31.2135 1.6
    endloop
  endfacet
  facet normal -0 0 1
    outer loop
      vertex -77.6098 36.0384 1.6
      vertex -77.5365 31.4266 1.6
      vertex -77.2346 36.1522 1.6
    endloop
  endfacet
  facet normal 0 0 1
    outer loop
      vertex -78 31.5 1.6
      vertex -77.6098 36.0384 1.6
      vertex -78 36 1.6
    endloop
  endfacet
  facet normal 0 0 1
    outer loop
      vertex -77.6098 36.0384 1.6
      vertex -78 31.5 1.6
      vertex -77.5365 31.4266 1.6
    endloop
  endfacet
  facet normal 0 0 1
    outer loop
      vertex -78.3902 36.0384 1.6
      vertex -78 31.5 1.6
      vertex -78 36 1.6
    endloop
  endfacet
  facet normal 0 0 1
    outer loop
      vertex -78.3902 36.0384 1.6
      vertex -78.4635 31.4266 1.6
      vertex -78 31.5 1.6
    endloop
  endfacet
  facet normal 0 0 1
    outer loop
      vertex -78.7654 36.1522 1.6
      vertex -78.4635 31.4266 1.6
      vertex -78.3902 36.0384 1.6
    endloop
  endfacet
  facet normal -0 0 1
    outer loop
      vertex -82.1753 32.5778 1.6
      vertex -78.4635 31.4266 1.6
      vertex -78.7654 36.1522 1.6
    endloop
  endfacet
  facet normal 0 0 1
    outer loop
      vertex -82.1753 32.5778 1.6
      vertex -78.7654 36.1522 1.6
      vertex -79.1111 36.3371 1.6
    endloop
  endfacet
  facet normal 0 0 1
    outer loop
      vertex -82.1753 32.5778 1.6
      vertex -79.1111 36.3371 1.6
      vertex -79.4142 36.5858 1.6
    endloop
  endfacet
  facet normal 0 0 1
    outer loop
      vertex -78.4635 31.4266 1.6
      vertex -82.1753 32.5778 1.6
      vertex -78.8817 31.2135 1.6
    endloop
  endfacet
  facet normal 0 0 1
    outer loop
      vertex -82.1753 32.5778 1.6
      vertex -79.4142 36.5858 1.6
      vertex -79.6629 36.8889 1.6
    endloop
  endfacet
  facet normal 0 0 1
    outer loop
      vertex -78.8817 31.2135 1.6
      vertex -82.1753 32.5778 1.6
      vertex -79.2135 30.8817 1.6
    endloop
  endfacet
  facet normal 0 0 1
    outer loop
      vertex -82.1753 32.5778 1.6
      vertex -79.8478 37.2346 1.6
      vertex -79.9616 37.6098 1.6
    endloop
  endfacet
  facet normal 0 0 1
    outer loop
      vertex -82.1753 32.5778 1.6
      vertex -79.6629 36.8889 1.6
      vertex -79.8478 37.2346 1.6
    endloop
  endfacet
  facet normal 0 0 1
    outer loop
      vertex -68.8749 48.8413 1.6
      vertex -76.7865 52.1183 1.6
      vertex -72.5778 45.1384 1.6
    endloop
  endfacet
  facet normal 0 0 1
    outer loop
      vertex -72.5778 45.1384 1.6
      vertex -76.5734 46.4635 1.6
      vertex -76.5 46 1.6
    endloop
  endfacet
  facet normal -0 0 1
    outer loop
      vertex -76.7865 46.8817 1.6
      vertex -72.5778 45.1384 1.6
      vertex -76.7865 52.1183 1.6
    endloop
  endfacet
  facet normal 0 0 1
    outer loop
      vertex -72.5778 45.1384 1.6
      vertex -76.7865 46.8817 1.6
      vertex -76.5734 46.4635 1.6
    endloop
  endfacet
  facet normal -0 0 1
    outer loop
      vertex -77.1183 51.7865 1.6
      vertex -76.7865 46.8817 1.6
      vertex -76.7865 52.1183 1.6
    endloop
  endfacet
  facet normal 0 0 1
    outer loop
      vertex -77.1183 51.7865 1.6
      vertex -77.1183 47.2135 1.6
      vertex -76.7865 46.8817 1.6
    endloop
  endfacet
  facet normal -0 0 1
    outer loop
      vertex -77.5365 51.5734 1.6
      vertex -77.1183 47.2135 1.6
      vertex -77.1183 51.7865 1.6
    endloop
  endfacet
  facet normal 0 0 1
    outer loop
      vertex -77.5365 51.5734 1.6
      vertex -77.5365 47.4266 1.6
      vertex -77.1183 47.2135 1.6
    endloop
  endfacet
  facet normal -0 0 1
    outer loop
      vertex -78 51.5 1.6
      vertex -77.5365 47.4266 1.6
      vertex -77.5365 51.5734 1.6
    endloop
  endfacet
  facet normal 0 0 1
    outer loop
      vertex -78 51.5 1.6
      vertex -78 47.5 1.6
      vertex -77.5365 47.4266 1.6
    endloop
  endfacet
  facet normal 0 0 1
    outer loop
      vertex -78.4635 51.5734 1.6
      vertex -78 47.5 1.6
      vertex -78 51.5 1.6
    endloop
  endfacet
  facet normal 0 0 1
    outer loop
      vertex -78.4635 51.5734 1.6
      vertex -78.4635 47.4266 1.6
      vertex -78 47.5 1.6
    endloop
  endfacet
  facet normal 0 0 1
    outer loop
      vertex -78.8817 51.7865 1.6
      vertex -78.4635 47.4266 1.6
      vertex -78.4635 51.5734 1.6
    endloop
  endfacet
  facet normal 0 0 1
    outer loop
      vertex -78.8817 51.7865 1.6
      vertex -78.8817 47.2135 1.6
      vertex -78.4635 47.4266 1.6
    endloop
  endfacet
  facet normal 0 0 1
    outer loop
      vertex -79.2135 52.1183 1.6
      vertex -78.8817 47.2135 1.6
      vertex -78.8817 51.7865 1.6
    endloop
  endfacet
  facet normal 0 0 1
    outer loop
      vertex -79.2135 52.1183 1.6
      vertex -79.2135 46.8817 1.6
      vertex -78.8817 47.2135 1.6
    endloop
  endfacet
  facet normal 0 0 1
    outer loop
      vertex -79.4266 52.5365 1.6
      vertex -79.2135 46.8817 1.6
      vertex -79.2135 52.1183 1.6
    endloop
  endfacet
  facet normal 0 0 1
    outer loop
      vertex -79.4266 52.5365 1.6
      vertex -79.4266 46.4635 1.6
      vertex -79.2135 46.8817 1.6
    endloop
  endfacet
  facet normal 0 0 1
    outer loop
      vertex -82.1753 43.8915 1.6
      vertex -79.4266 52.5365 1.6
      vertex -79.5 53 1.6
    endloop
  endfacet
  facet normal 0 0 1
    outer loop
      vertex -79.4266 52.5365 1.6
      vertex -82.1753 43.8915 1.6
      vertex -79.4266 46.4635 1.6
    endloop
  endfacet
  facet normal -0 0 1
    outer loop
      vertex -76.8889 36.3371 1.6
      vertex -73.4038 33.4038 1.6
      vertex -76.5858 36.5858 1.6
    endloop
  endfacet
  facet normal 0 0 1
    outer loop
      vertex -73.4038 33.4038 1.6
      vertex -76.8889 36.3371 1.6
      vertex -73.6797 33.0241 1.6
    endloop
  endfacet
  facet normal 0 0 1
    outer loop
      vertex -76.5734 30.4635 1.6
      vertex -73.8247 32.1085 1.6
      vertex -73.8247 32.5778 1.6
    endloop
  endfacet
  facet normal 0 0 1
    outer loop
      vertex -76.5734 29.5365 1.6
      vertex -73.8247 32.1085 1.6
      vertex -76.5 30 1.6
    endloop
  endfacet
  facet normal 0 0 1
    outer loop
      vertex -73.8247 32.1085 1.6
      vertex -76.5 23 1.6
      vertex -75.9416 17.1011 1.6
    endloop
  endfacet
  facet normal -0 0 1
    outer loop
      vertex -76.5734 22.5365 1.6
      vertex -75.9416 17.1011 1.6
      vertex -76.5 23 1.6
    endloop
  endfacet
  facet normal -0 0 1
    outer loop
      vertex -76.7865 22.1183 1.6
      vertex -75.9416 17.1011 1.6
      vertex -76.5734 22.5365 1.6
    endloop
  endfacet
  facet normal -0 0 1
    outer loop
      vertex -77.1183 21.7865 1.6
      vertex -75.9416 17.1011 1.6
      vertex -76.7865 22.1183 1.6
    endloop
  endfacet
  facet normal -0 0 1
    outer loop
      vertex -77.5365 21.5734 1.6
      vertex -75.9416 17.1011 1.6
      vertex -77.1183 21.7865 1.6
    endloop
  endfacet
  facet normal 0 0 1
    outer loop
      vertex -78 17 1.6
      vertex -77.5365 21.5734 1.6
      vertex -78 21.5 1.6
    endloop
  endfacet
  facet normal 0 0 1
    outer loop
      vertex -77.5365 21.5734 1.6
      vertex -78 17 1.6
      vertex -75.9416 17.1011 1.6
    endloop
  endfacet
  facet normal 0 0 1
    outer loop
      vertex -78.4635 21.5734 1.6
      vertex -78 17 1.6
      vertex -78 21.5 1.6
    endloop
  endfacet
  facet normal 0 0 1
    outer loop
      vertex -80.0584 17.1011 1.6
      vertex -78.4635 21.5734 1.6
      vertex -78.8817 21.7865 1.6
    endloop
  endfacet
  facet normal 0 0 1
    outer loop
      vertex -82.0969 17.4035 1.6
      vertex -78.8817 21.7865 1.6
      vertex -79.2135 22.1183 1.6
    endloop
  endfacet
  facet normal 0 0 1
    outer loop
      vertex -82.0969 17.4035 1.6
      vertex -79.2135 22.1183 1.6
      vertex -79.4266 22.5365 1.6
    endloop
  endfacet
  facet normal -0 0 1
    outer loop
      vertex -82.1753 32.1085 1.6
      vertex -79.2135 30.8817 1.6
      vertex -82.1753 32.5778 1.6
    endloop
  endfacet
  facet normal 0 0 1
    outer loop
      vertex -79.6629 39.1111 1.6
      vertex -82.9759 42.3203 1.6
      vertex -79.8478 38.7654 1.6
    endloop
  endfacet
  facet normal -0 0 1
    outer loop
      vertex -82.9759 42.3203 1.6
      vertex -79.6629 39.1111 1.6
      vertex -82.5962 42.5962 1.6
    endloop
  endfacet
  facet normal 0 0 1
    outer loop
      vertex -78.4635 21.5734 1.6
      vertex -80.0584 17.1011 1.6
      vertex -78 17 1.6
    endloop
  endfacet
  facet normal 0 0 1
    outer loop
      vertex -82.0969 17.4035 1.6
      vertex -79.4266 22.5365 1.6
      vertex -79.5 23 1.6
    endloop
  endfacet
  facet normal 0 0 1
    outer loop
      vertex -79.4266 23.4635 1.6
      vertex -82.0969 17.4035 1.6
      vertex -79.5 23 1.6
    endloop
  endfacet
  facet normal 0 0 1
    outer loop
      vertex -79.4142 39.4142 1.6
      vertex -82.5962 42.5962 1.6
      vertex -79.6629 39.1111 1.6
    endloop
  endfacet
  facet normal 0 0 1
    outer loop
      vertex -82.9759 44.9934 1.6
      vertex -80.0584 58.8989 1.6
      vertex -82.0969 58.5965 1.6
    endloop
  endfacet
  facet normal 0 0 1
    outer loop
      vertex -80 38 1.6
      vertex -82.1753 32.5778 1.6
      vertex -79.9616 37.6098 1.6
    endloop
  endfacet
  facet normal 0 0 1
    outer loop
      vertex -78.8817 21.7865 1.6
      vertex -82.0969 17.4035 1.6
      vertex -80.0584 17.1011 1.6
    endloop
  endfacet
  facet normal 0 0 1
    outer loop
      vertex -80.0584 58.8989 1.6
      vertex -82.3203 44.3378 1.6
      vertex -82.1753 43.8915 1.6
    endloop
  endfacet
  facet normal 0 0 1
    outer loop
      vertex -80.0584 58.8989 1.6
      vertex -82.5962 44.7175 1.6
      vertex -82.3203 44.3378 1.6
    endloop
  endfacet
  facet normal 0 0 1
    outer loop
      vertex -80.0584 58.8989 1.6
      vertex -82.9759 44.9934 1.6
      vertex -82.5962 44.7175 1.6
    endloop
  endfacet
  facet normal -0 0 1
    outer loop
      vertex -87.2701 49.2876 1.6
      vertex -82.9759 44.9934 1.6
      vertex -82.0969 58.5965 1.6
    endloop
  endfacet
  facet normal 0 0 1
    outer loop
      vertex -82.9759 44.9934 1.6
      vertex -87.2701 49.2876 1.6
      vertex -83.4222 45.1384 1.6
    endloop
  endfacet
  facet normal 0 0 1
    outer loop
      vertex -87.2701 49.2876 1.6
      vertex -82.0969 58.5965 1.6
      vertex -84.096 58.0957 1.6
    endloop
  endfacet
  facet normal -0 -0 1
    outer loop
      vertex -87.1251 48.8413 1.6
      vertex -83.4222 45.1384 1.6
      vertex -87.2701 49.2876 1.6
    endloop
  endfacet
  facet normal -0 0 1
    outer loop
      vertex -87.1251 48.3719 1.6
      vertex -83.8915 45.1384 1.6
      vertex -87.1251 48.8413 1.6
    endloop
  endfacet
  facet normal 0 0 1
    outer loop
      vertex -83.8915 45.1384 1.6
      vertex -87.1251 48.3719 1.6
      vertex -84.3378 44.9934 1.6
    endloop
  endfacet
  facet normal -0 0 1
    outer loop
      vertex -87.2701 47.9256 1.6
      vertex -84.3378 44.9934 1.6
      vertex -87.1251 48.3719 1.6
    endloop
  endfacet
  facet normal -0 0 1
    outer loop
      vertex -88.3719 47.1251 1.6
      vertex -85.1384 43.8915 1.6
      vertex -87.9256 47.2701 1.6
    endloop
  endfacet
  facet normal 0 0 1
    outer loop
      vertex -84.3378 44.9934 1.6
      vertex -87.2701 47.9256 1.6
      vertex -84.7175 44.7175 1.6
    endloop
  endfacet
  facet normal -0 0 1
    outer loop
      vertex -87.5459 47.5459 1.6
      vertex -84.7175 44.7175 1.6
      vertex -87.2701 47.9256 1.6
    endloop
  endfacet
  facet normal 0 0 1
    outer loop
      vertex -87.5459 49.6673 1.6
      vertex -84.096 58.0957 1.6
      vertex -86.0364 57.4015 1.6
    endloop
  endfacet
  facet normal 0 0 1
    outer loop
      vertex -84.7175 42.5962 1.6
      vertex -86 39.5 1.6
      vertex -85.5365 39.4266 1.6
    endloop
  endfacet
  facet normal 0 0 1
    outer loop
      vertex -84.9934 42.9759 1.6
      vertex -86.4635 39.4266 1.6
      vertex -86 39.5 1.6
    endloop
  endfacet
  facet normal 0 0 1
    outer loop
      vertex -85.1384 43.4222 1.6
      vertex -86.8817 39.2135 1.6
      vertex -86.4635 39.4266 1.6
    endloop
  endfacet
  facet normal 0 0 1
    outer loop
      vertex -83.4222 45.1384 1.6
      vertex -87.1251 48.8413 1.6
      vertex -83.8915 45.1384 1.6
    endloop
  endfacet
  facet normal 0 0 1
    outer loop
      vertex -84.096 58.0957 1.6
      vertex -87.5459 49.6673 1.6
      vertex -87.2701 49.2876 1.6
    endloop
  endfacet
  facet normal -0 0 1
    outer loop
      vertex -87.8993 56.5203 1.6
      vertex -87.5459 49.6673 1.6
      vertex -86.0364 57.4015 1.6
    endloop
  endfacet
  facet normal 0 0 1
    outer loop
      vertex -87.8993 56.5203 1.6
      vertex -87.9256 49.9431 1.6
      vertex -87.5459 49.6673 1.6
    endloop
  endfacet
  facet normal 0 0 1
    outer loop
      vertex -87.8993 56.5203 1.6
      vertex -88.3719 50.0881 1.6
      vertex -87.9256 49.9431 1.6
    endloop
  endfacet
  facet normal -0 0 1
    outer loop
      vertex -89.667 55.4609 1.6
      vertex -88.3719 50.0881 1.6
      vertex -87.8993 56.5203 1.6
    endloop
  endfacet
  facet normal 0 0 1
    outer loop
      vertex -88.3719 50.0881 1.6
      vertex -89.667 55.4609 1.6
      vertex -88.8413 50.0881 1.6
    endloop
  endfacet
  facet normal -0 0 1
    outer loop
      vertex -91.3223 54.2332 1.6
      vertex -88.8413 50.0881 1.6
      vertex -89.667 55.4609 1.6
    endloop
  endfacet
  facet normal 0 0 1
    outer loop
      vertex -88.8413 50.0881 1.6
      vertex -91.3223 54.2332 1.6
      vertex -89.2876 49.9431 1.6
    endloop
  endfacet
  facet normal 0 0 1
    outer loop
      vertex -89.2876 49.9431 1.6
      vertex -91.3223 54.2332 1.6
      vertex -89.6673 49.6673 1.6
    endloop
  endfacet
  facet normal 0 0 1
    outer loop
      vertex -89.6673 49.6673 1.6
      vertex -91.3223 54.2332 1.6
      vertex -89.9431 49.2876 1.6
    endloop
  endfacet
  facet normal 0 0 1
    outer loop
      vertex -91.3223 54.2332 1.6
      vertex -90.0881 48.3719 1.6
      vertex -90.0881 48.8413 1.6
    endloop
  endfacet
  facet normal 0 0 1
    outer loop
      vertex -91.5 38 1.6
      vertex -90.0881 48.3719 1.6
      vertex -91.3223 54.2332 1.6
    endloop
  endfacet
  facet normal 0 0 1
    outer loop
      vertex -88.8413 28.8749 1.6
      vertex -92.1183 36.7865 1.6
      vertex -89.2876 28.7299 1.6
    endloop
  endfacet
  facet normal 0 0 1
    outer loop
      vertex -89.9431 49.2876 1.6
      vertex -91.3223 54.2332 1.6
      vertex -90.0881 48.8413 1.6
    endloop
  endfacet
  facet normal 0 0 1
    outer loop
      vertex -73.8247 43.4222 1.6
      vertex -76.3371 39.1111 1.6
      vertex -76.1522 38.7654 1.6
    endloop
  endfacet
  facet normal 0 0 1
    outer loop
      vertex -73.8247 43.8915 1.6
      vertex -76.7865 45.1183 1.6
      vertex -73.8247 43.4222 1.6
    endloop
  endfacet
  facet normal -0 0 1
    outer loop
      vertex -77.1183 44.7865 1.6
      vertex -73.8247 43.4222 1.6
      vertex -76.7865 45.1183 1.6
    endloop
  endfacet
  facet normal 0 0 1
    outer loop
      vertex -73.8247 43.4222 1.6
      vertex -76.5858 39.4142 1.6
      vertex -76.3371 39.1111 1.6
    endloop
  endfacet
  facet normal -0 0 1
    outer loop
      vertex -77.5365 44.5734 1.6
      vertex -73.8247 43.4222 1.6
      vertex -77.1183 44.7865 1.6
    endloop
  endfacet
  facet normal 0 0 1
    outer loop
      vertex -73.8247 43.4222 1.6
      vertex -76.8889 39.6629 1.6
      vertex -76.5858 39.4142 1.6
    endloop
  endfacet
  facet normal 0 0 1
    outer loop
      vertex -73.8247 43.4222 1.6
      vertex -77.2346 39.8478 1.6
      vertex -76.8889 39.6629 1.6
    endloop
  endfacet
  facet normal 0 0 1
    outer loop
      vertex -73.8247 43.4222 1.6
      vertex -77.5365 44.5734 1.6
      vertex -77.2346 39.8478 1.6
    endloop
  endfacet
  facet normal 0 0 1
    outer loop
      vertex -77.5365 44.5734 1.6
      vertex -77.6098 39.9616 1.6
      vertex -77.2346 39.8478 1.6
    endloop
  endfacet
  facet normal -0 0 1
    outer loop
      vertex -78 44.5 1.6
      vertex -77.6098 39.9616 1.6
      vertex -77.5365 44.5734 1.6
    endloop
  endfacet
  facet normal 0 0 1
    outer loop
      vertex -78 44.5 1.6
      vertex -78 40 1.6
      vertex -77.6098 39.9616 1.6
    endloop
  endfacet
  facet normal 0 0 1
    outer loop
      vertex -78 44.5 1.6
      vertex -78.3902 39.9616 1.6
      vertex -78 40 1.6
    endloop
  endfacet
  facet normal 0 0 1
    outer loop
      vertex -78.4635 44.5734 1.6
      vertex -78.3902 39.9616 1.6
      vertex -78 44.5 1.6
    endloop
  endfacet
  facet normal 0 0 1
    outer loop
      vertex -78.4635 44.5734 1.6
      vertex -78.7654 39.8478 1.6
      vertex -78.3902 39.9616 1.6
    endloop
  endfacet
  facet normal 0 0 1
    outer loop
      vertex -82.1753 43.4222 1.6
      vertex -78.4635 44.5734 1.6
      vertex -78.8817 44.7865 1.6
    endloop
  endfacet
  facet normal 0 0 1
    outer loop
      vertex -82.1753 43.4222 1.6
      vertex -78.8817 44.7865 1.6
      vertex -82.1753 43.8915 1.6
    endloop
  endfacet
  facet normal 0 0 1
    outer loop
      vertex -82.1753 43.8915 1.6
      vertex -78.8817 44.7865 1.6
      vertex -79.2135 45.1183 1.6
    endloop
  endfacet
  facet normal 0 0 1
    outer loop
      vertex -82.3203 42.9759 1.6
      vertex -78.4635 44.5734 1.6
      vertex -82.1753 43.4222 1.6
    endloop
  endfacet
  facet normal 0 0 1
    outer loop
      vertex -82.1753 43.8915 1.6
      vertex -79.2135 45.1183 1.6
      vertex -79.4266 45.5365 1.6
    endloop
  endfacet
  facet normal 0 0 1
    outer loop
      vertex -82.1753 43.8915 1.6
      vertex -79.4266 45.5365 1.6
      vertex -79.5 46 1.6
    endloop
  endfacet
  facet normal 0 0 1
    outer loop
      vertex -78.4635 44.5734 1.6
      vertex -82.3203 42.9759 1.6
      vertex -78.7654 39.8478 1.6
    endloop
  endfacet
  facet normal 0 0 1
    outer loop
      vertex -71.6622 33.6797 1.6
      vertex -70.4635 36.5734 1.6
      vertex -70.8817 36.7865 1.6
    endloop
  endfacet
  facet normal 0 0 1
    outer loop
      vertex -70.4635 36.5734 1.6
      vertex -71.0066 33.0241 1.6
      vertex -70.8616 32.5778 1.6
    endloop
  endfacet
  facet normal 0 0 1
    outer loop
      vertex -72.1085 33.8247 1.6
      vertex -70.8817 36.7865 1.6
      vertex -71.2135 37.1183 1.6
    endloop
  endfacet
  facet normal 0 0 1
    outer loop
      vertex -70.4635 36.5734 1.6
      vertex -71.2825 33.4038 1.6
      vertex -71.0066 33.0241 1.6
    endloop
  endfacet
  facet normal 0 0 1
    outer loop
      vertex -72.5778 33.8247 1.6
      vertex -71.2135 37.1183 1.6
      vertex -71.4266 37.5365 1.6
    endloop
  endfacet
  facet normal 0 0 1
    outer loop
      vertex -76.0384 37.6098 1.6
      vertex -71.5 38 1.6
      vertex -76 38 1.6
    endloop
  endfacet
  facet normal 0 0 1
    outer loop
      vertex -70.4635 36.5734 1.6
      vertex -71.6622 33.6797 1.6
      vertex -71.2825 33.4038 1.6
    endloop
  endfacet
  facet normal 0 0 1
    outer loop
      vertex -71.2135 38.8817 1.6
      vertex -72.5778 42.1753 1.6
      vertex -71.4266 38.4635 1.6
    endloop
  endfacet
  facet normal 0 0 1
    outer loop
      vertex -73.0241 42.3203 1.6
      vertex -71.4266 38.4635 1.6
      vertex -72.5778 42.1753 1.6
    endloop
  endfacet
  facet normal 0 0 1
    outer loop
      vertex -70.8817 36.7865 1.6
      vertex -72.1085 33.8247 1.6
      vertex -71.6622 33.6797 1.6
    endloop
  endfacet
  facet normal 0 0 1
    outer loop
      vertex -71.4266 38.4635 1.6
      vertex -76.0384 38.3902 1.6
      vertex -71.5 38 1.6
    endloop
  endfacet
  facet normal 0 0 1
    outer loop
      vertex -71.5 38 1.6
      vertex -76.0384 37.6098 1.6
      vertex -71.4266 37.5365 1.6
    endloop
  endfacet
  facet normal 0 0 1
    outer loop
      vertex -71.4266 38.4635 1.6
      vertex -73.0241 42.3203 1.6
      vertex -76.0384 38.3902 1.6
    endloop
  endfacet
  facet normal 0 0 1
    outer loop
      vertex -71.2135 37.1183 1.6
      vertex -72.5778 33.8247 1.6
      vertex -72.1085 33.8247 1.6
    endloop
  endfacet
  facet normal 0 0 1
    outer loop
      vertex -76.0384 38.3902 1.6
      vertex -73.0241 42.3203 1.6
      vertex -73.4038 42.5962 1.6
    endloop
  endfacet
  facet normal 0 0 1
    outer loop
      vertex -71.4266 37.5365 1.6
      vertex -73.0241 33.6797 1.6
      vertex -72.5778 33.8247 1.6
    endloop
  endfacet
  facet normal 0 0 1
    outer loop
      vertex -76.0384 38.3902 1.6
      vertex -73.4038 42.5962 1.6
      vertex -73.6797 42.9759 1.6
    endloop
  endfacet
  facet normal 0 0 1
    outer loop
      vertex -76.1522 37.2346 1.6
      vertex -71.4266 37.5365 1.6
      vertex -76.0384 37.6098 1.6
    endloop
  endfacet
  facet normal 0 0 1
    outer loop
      vertex -76.0384 38.3902 1.6
      vertex -73.6797 42.9759 1.6
      vertex -73.8247 43.4222 1.6
    endloop
  endfacet
  facet normal 0 0 1
    outer loop
      vertex -71.4266 37.5365 1.6
      vertex -76.1522 37.2346 1.6
      vertex -73.0241 33.6797 1.6
    endloop
  endfacet
  facet normal 0 0 1
    outer loop
      vertex -69.5365 39.4266 1.6
      vertex -71.0066 42.9759 1.6
      vertex -70 39.5 1.6
    endloop
  endfacet
  facet normal -0 0 1
    outer loop
      vertex -71.2825 42.5962 1.6
      vertex -70 39.5 1.6
      vertex -71.0066 42.9759 1.6
    endloop
  endfacet
  facet normal 0 0 1
    outer loop
      vertex -70 39.5 1.6
      vertex -71.2825 42.5962 1.6
      vertex -70.4635 39.4266 1.6
    endloop
  endfacet
  facet normal -0 0 1
    outer loop
      vertex -71.6622 42.3203 1.6
      vertex -70.4635 39.4266 1.6
      vertex -71.2825 42.5962 1.6
    endloop
  endfacet
  facet normal 0 0 1
    outer loop
      vertex -70.4635 39.4266 1.6
      vertex -71.6622 42.3203 1.6
      vertex -70.8817 39.2135 1.6
    endloop
  endfacet
  facet normal -0 0 1
    outer loop
      vertex -72.1085 42.1753 1.6
      vertex -70.8817 39.2135 1.6
      vertex -71.6622 42.3203 1.6
    endloop
  endfacet
  facet normal 0 0 1
    outer loop
      vertex -70.8817 39.2135 1.6
      vertex -72.1085 42.1753 1.6
      vertex -71.2135 38.8817 1.6
    endloop
  endfacet
  facet normal -0 0 1
    outer loop
      vertex -72.5778 42.1753 1.6
      vertex -71.2135 38.8817 1.6
      vertex -72.1085 42.1753 1.6
    endloop
  endfacet
  facet normal 0 0 1
    outer loop
      vertex -69.1183 39.2135 1.6
      vertex -63.8817 39.2135 1.6
      vertex -67.1587 47.1251 1.6
    endloop
  endfacet
  facet normal 0 0 1
    outer loop
      vertex -64.5 38 1.6
      vertex -66.0569 28.0744 1.6
      vertex -65.9119 27.6281 1.6
    endloop
  endfacet
  facet normal 0 0 1
    outer loop
      vertex -63.8817 39.2135 1.6
      vertex -69.1183 39.2135 1.6
      vertex -64.2135 38.8817 1.6
    endloop
  endfacet
  facet normal 0 0 1
    outer loop
      vertex -68.5734 37.5365 1.6
      vertex -64.5 38 1.6
      vertex -68.5 38 1.6
    endloop
  endfacet
  facet normal 0 -0 1
    outer loop
      vertex -68.7865 38.8817 1.6
      vertex -64.2135 38.8817 1.6
      vertex -69.1183 39.2135 1.6
    endloop
  endfacet
  facet normal 0 0 1
    outer loop
      vertex -64.5 38 1.6
      vertex -66.3327 28.4541 1.6
      vertex -66.0569 28.0744 1.6
    endloop
  endfacet
  facet normal 0 0 1
    outer loop
      vertex -64.2135 38.8817 1.6
      vertex -68.7865 38.8817 1.6
      vertex -64.4266 38.4635 1.6
    endloop
  endfacet
  facet normal 0 0 1
    outer loop
      vertex -68.7865 37.1183 1.6
      vertex -64.5 38 1.6
      vertex -68.5734 37.5365 1.6
    endloop
  endfacet
  facet normal 0 0 1
    outer loop
      vertex -70.8616 43.8915 1.6
      vertex -67.1587 47.1251 1.6
      vertex -67.6281 47.1251 1.6
    endloop
  endfacet
  facet normal 0 0 1
    outer loop
      vertex -64.5 38 1.6
      vertex -66.7124 28.7299 1.6
      vertex -66.3327 28.4541 1.6
    endloop
  endfacet
  facet normal 0 0 1
    outer loop
      vertex -70.8616 43.8915 1.6
      vertex -67.6281 47.1251 1.6
      vertex -68.0744 47.2701 1.6
    endloop
  endfacet
  facet normal 0 0 1
    outer loop
      vertex -69.1183 36.7865 1.6
      vertex -64.5 38 1.6
      vertex -68.7865 37.1183 1.6
    endloop
  endfacet
  facet normal 0 0 1
    outer loop
      vertex -71.0066 44.3378 1.6
      vertex -68.0744 47.2701 1.6
      vertex -68.4541 47.5459 1.6
    endloop
  endfacet
  facet normal 0 0 1
    outer loop
      vertex -64.5 38 1.6
      vertex -67.1587 28.8749 1.6
      vertex -66.7124 28.7299 1.6
    endloop
  endfacet
  facet normal 0 0 1
    outer loop
      vertex -64.5 38 1.6
      vertex -69.1183 36.7865 1.6
      vertex -67.1587 28.8749 1.6
    endloop
  endfacet
  facet normal 0 0 1
    outer loop
      vertex -64.5 38 1.6
      vertex -68.5734 38.4635 1.6
      vertex -68.5 38 1.6
    endloop
  endfacet
  facet normal 0 0 1
    outer loop
      vertex -71.2825 44.7175 1.6
      vertex -68.4541 47.5459 1.6
      vertex -68.7299 47.9256 1.6
    endloop
  endfacet
  facet normal 0 0 1
    outer loop
      vertex -64.4266 38.4635 1.6
      vertex -68.5734 38.4635 1.6
      vertex -64.5 38 1.6
    endloop
  endfacet
  facet normal 0 0 1
    outer loop
      vertex -71.6622 44.9934 1.6
      vertex -68.7299 47.9256 1.6
      vertex -68.8749 48.3719 1.6
    endloop
  endfacet
  facet normal 0 -0 1
    outer loop
      vertex -68.5734 38.4635 1.6
      vertex -64.4266 38.4635 1.6
      vertex -68.7865 38.8817 1.6
    endloop
  endfacet
  facet normal -0 0 1
    outer loop
      vertex -67.1587 47.1251 1.6
      vertex -63.8817 39.2135 1.6
      vertex -66.7124 47.2701 1.6
    endloop
  endfacet
  facet normal 0 0 1
    outer loop
      vertex -64.5 38 1.6
      vertex -65.9119 27.6281 1.6
      vertex -64.6777 21.7668 1.6
    endloop
  endfacet
  facet normal -0 0 1
    outer loop
      vertex -65.9119 27.1587 1.6
      vertex -64.6777 21.7668 1.6
      vertex -65.9119 27.6281 1.6
    endloop
  endfacet
  facet normal -0 0 1
    outer loop
      vertex -66.0569 26.7124 1.6
      vertex -64.6777 21.7668 1.6
      vertex -65.9119 27.1587 1.6
    endloop
  endfacet
  facet normal -0 0 1
    outer loop
      vertex -66.3327 26.3327 1.6
      vertex -64.6777 21.7668 1.6
      vertex -66.0569 26.7124 1.6
    endloop
  endfacet
  facet normal -0 0 1
    outer loop
      vertex -66.7124 26.0569 1.6
      vertex -64.6777 21.7668 1.6
      vertex -66.3327 26.3327 1.6
    endloop
  endfacet
  facet normal -0 0 1
    outer loop
      vertex -67.1587 25.9119 1.6
      vertex -64.6777 21.7668 1.6
      vertex -66.7124 26.0569 1.6
    endloop
  endfacet
  facet normal 0 0 1
    outer loop
      vertex -64.6777 21.7668 1.6
      vertex -67.1587 25.9119 1.6
      vertex -66.333 20.5391 1.6
    endloop
  endfacet
  facet normal -0 0 1
    outer loop
      vertex -67.6281 25.9119 1.6
      vertex -66.333 20.5391 1.6
      vertex -67.1587 25.9119 1.6
    endloop
  endfacet
  facet normal 0 0 1
    outer loop
      vertex -68.0744 26.0569 1.6
      vertex -66.333 20.5391 1.6
      vertex -67.6281 25.9119 1.6
    endloop
  endfacet
  facet normal 0 0 1
    outer loop
      vertex -68.0744 26.0569 1.6
      vertex -68.1007 19.4797 1.6
      vertex -66.333 20.5391 1.6
    endloop
  endfacet
  facet normal 0 0 1
    outer loop
      vertex -68.4541 26.3327 1.6
      vertex -68.1007 19.4797 1.6
      vertex -68.0744 26.0569 1.6
    endloop
  endfacet
  facet normal 0 0 1
    outer loop
      vertex -71.904 17.9043 1.6
      vertex -68.4541 26.3327 1.6
      vertex -68.7299 26.7124 1.6
    endloop
  endfacet
  facet normal 0 0 1
    outer loop
      vertex -73.0241 31.0066 1.6
      vertex -68.7299 26.7124 1.6
      vertex -68.8749 27.1587 1.6
    endloop
  endfacet
  facet normal 0 0 1
    outer loop
      vertex -68.0744 28.7299 1.6
      vertex -71.0066 31.6622 1.6
      vertex -68.4541 28.4541 1.6
    endloop
  endfacet
  facet normal 0 0 1
    outer loop
      vertex -68.4541 26.3327 1.6
      vertex -69.9636 18.5985 1.6
      vertex -68.1007 19.4797 1.6
    endloop
  endfacet
  facet normal 0 0 1
    outer loop
      vertex -68.4541 28.4541 1.6
      vertex -71.2825 31.2825 1.6
      vertex -68.7299 28.0744 1.6
    endloop
  endfacet
  facet normal 0 0 1
    outer loop
      vertex -70.8616 32.5778 1.6
      vertex -69.5365 36.5734 1.6
      vertex -70 36.5 1.6
    endloop
  endfacet
  facet normal 0 0 1
    outer loop
      vertex -70.8616 32.5778 1.6
      vertex -70 36.5 1.6
      vertex -70.4635 36.5734 1.6
    endloop
  endfacet
  facet normal -0 0 1
    outer loop
      vertex -71.2825 31.2825 1.6
      vertex -68.4541 28.4541 1.6
      vertex -71.0066 31.6622 1.6
    endloop
  endfacet
  facet normal -0 0 1
    outer loop
      vertex -71.6622 31.0066 1.6
      vertex -68.7299 28.0744 1.6
      vertex -71.2825 31.2825 1.6
    endloop
  endfacet
  facet normal 0 0 1
    outer loop
      vertex -68.7299 28.0744 1.6
      vertex -71.6622 31.0066 1.6
      vertex -68.8749 27.6281 1.6
    endloop
  endfacet
  facet normal -0 0 1
    outer loop
      vertex -72.1085 30.8616 1.6
      vertex -68.8749 27.6281 1.6
      vertex -71.6622 31.0066 1.6
    endloop
  endfacet
  facet normal 0 0 1
    outer loop
      vertex -68.8749 27.6281 1.6
      vertex -72.1085 30.8616 1.6
      vertex -68.8749 27.1587 1.6
    endloop
  endfacet
  facet normal -0 0 1
    outer loop
      vertex -72.5778 30.8616 1.6
      vertex -68.8749 27.1587 1.6
      vertex -72.1085 30.8616 1.6
    endloop
  endfacet
  facet normal 0 0 1
    outer loop
      vertex -73.0241 31.0066 1.6
      vertex -68.8749 27.1587 1.6
      vertex -72.5778 30.8616 1.6
    endloop
  endfacet
  facet normal 0 0 1
    outer loop
      vertex -68.4541 26.3327 1.6
      vertex -71.904 17.9043 1.6
      vertex -69.9636 18.5985 1.6
    endloop
  endfacet
  facet normal 0 0 1
    outer loop
      vertex -68.7299 26.7124 1.6
      vertex -73.0241 31.0066 1.6
      vertex -73.9031 17.4035 1.6
    endloop
  endfacet
  facet normal 0 0 1
    outer loop
      vertex -75.9416 17.1011 1.6
      vertex -73.0241 31.0066 1.6
      vertex -73.4038 31.2825 1.6
    endloop
  endfacet
  facet normal 0 0 1
    outer loop
      vertex -75.9416 17.1011 1.6
      vertex -73.4038 31.2825 1.6
      vertex -73.6797 31.6622 1.6
    endloop
  endfacet
  facet normal 0 0 1
    outer loop
      vertex -75.9416 17.1011 1.6
      vertex -73.6797 31.6622 1.6
      vertex -73.8247 32.1085 1.6
    endloop
  endfacet
  facet normal 0 0 1
    outer loop
      vertex -68.7299 26.7124 1.6
      vertex -73.9031 17.4035 1.6
      vertex -71.904 17.9043 1.6
    endloop
  endfacet
  facet normal -0 0 1
    outer loop
      vertex -76.3371 36.8889 1.6
      vertex -73.0241 33.6797 1.6
      vertex -76.1522 37.2346 1.6
    endloop
  endfacet
  facet normal 0 0 1
    outer loop
      vertex -77.1183 54.2135 1.6
      vertex -73.9031 58.5965 1.6
      vertex -75.9416 58.8989 1.6
    endloop
  endfacet
  facet normal -0 0 1
    outer loop
      vertex -76.5858 36.5858 1.6
      vertex -73.4038 33.4038 1.6
      vertex -76.3371 36.8889 1.6
    endloop
  endfacet
  facet normal 0 0 1
    outer loop
      vertex -73.0241 31.0066 1.6
      vertex -75.9416 17.1011 1.6
      vertex -73.9031 17.4035 1.6
    endloop
  endfacet
  facet normal 0 0 1
    outer loop
      vertex -73.0241 33.6797 1.6
      vertex -76.3371 36.8889 1.6
      vertex -73.4038 33.4038 1.6
    endloop
  endfacet
  facet normal 0 0 1
    outer loop
      vertex -76.5734 52.5365 1.6
      vertex -73.9031 58.5965 1.6
      vertex -76.5 53 1.6
    endloop
  endfacet
  facet normal -0 0 1
    outer loop
      vertex -76.7865 45.1183 1.6
      vertex -73.8247 43.8915 1.6
      vertex -76.5734 45.5365 1.6
    endloop
  endfacet
  facet normal 0 0 1
    outer loop
      vertex -73.8247 43.4222 1.6
      vertex -76.1522 38.7654 1.6
      vertex -76.0384 38.3902 1.6
    endloop
  endfacet
  facet normal 0 0 1
    outer loop
      vertex -73.9031 58.5965 1.6
      vertex -76.5734 53.4635 1.6
      vertex -76.5 53 1.6
    endloop
  endfacet
  facet normal 0 0 1
    outer loop
      vertex -73.9031 58.5965 1.6
      vertex -76.7865 53.8817 1.6
      vertex -76.5734 53.4635 1.6
    endloop
  endfacet
  facet normal 0 0 1
    outer loop
      vertex -73.9031 58.5965 1.6
      vertex -77.1183 54.2135 1.6
      vertex -76.7865 53.8817 1.6
    endloop
  endfacet
  facet normal 0 0 1
    outer loop
      vertex -75.9416 58.8989 1.6
      vertex -77.5365 54.4266 1.6
      vertex -77.1183 54.2135 1.6
    endloop
  endfacet
  facet normal 0 0 1
    outer loop
      vertex -78 59 1.6
      vertex -77.5365 54.4266 1.6
      vertex -75.9416 58.8989 1.6
    endloop
  endfacet
  facet normal 0 0 1
    outer loop
      vertex -78 59 1.6
      vertex -78 54.5 1.6
      vertex -77.5365 54.4266 1.6
    endloop
  endfacet
  facet normal 0 0 1
    outer loop
      vertex -78 59 1.6
      vertex -78.4635 54.4266 1.6
      vertex -78 54.5 1.6
    endloop
  endfacet
  facet normal -0 0 1
    outer loop
      vertex -80.0584 58.8989 1.6
      vertex -78.4635 54.4266 1.6
      vertex -78 59 1.6
    endloop
  endfacet
  facet normal 0 0 1
    outer loop
      vertex -78.4635 54.4266 1.6
      vertex -80.0584 58.8989 1.6
      vertex -78.8817 54.2135 1.6
    endloop
  endfacet
  facet normal 0 0 1
    outer loop
      vertex -78.8817 54.2135 1.6
      vertex -80.0584 58.8989 1.6
      vertex -79.2135 53.8817 1.6
    endloop
  endfacet
  facet normal 0 0 1
    outer loop
      vertex -82.1753 43.8915 1.6
      vertex -79.5 53 1.6
      vertex -80.0584 58.8989 1.6
    endloop
  endfacet
  facet normal 0 0 1
    outer loop
      vertex -78.7654 39.8478 1.6
      vertex -82.3203 42.9759 1.6
      vertex -79.1111 39.6629 1.6
    endloop
  endfacet
  facet normal -0 0 1
    outer loop
      vertex -82.5962 42.5962 1.6
      vertex -79.1111 39.6629 1.6
      vertex -82.3203 42.9759 1.6
    endloop
  endfacet
  facet normal 0 0 1
    outer loop
      vertex -79.4266 46.4635 1.6
      vertex -82.1753 43.8915 1.6
      vertex -79.5 46 1.6
    endloop
  endfacet
  facet normal 0 0 1
    outer loop
      vertex -79.1111 39.6629 1.6
      vertex -82.5962 42.5962 1.6
      vertex -79.4142 39.4142 1.6
    endloop
  endfacet
  facet normal 0 0 1
    outer loop
      vertex -79.4266 53.4635 1.6
      vertex -80.0584 58.8989 1.6
      vertex -79.5 53 1.6
    endloop
  endfacet
  facet normal 0 0 1
    outer loop
      vertex -79.2135 53.8817 1.6
      vertex -80.0584 58.8989 1.6
      vertex -79.4266 53.4635 1.6
    endloop
  endfacet
  facet normal -0 0 1
    outer loop
      vertex -70.8616 32.5778 1.6
      vertex -67.1587 28.8749 1.6
      vertex -69.1183 36.7865 1.6
    endloop
  endfacet
  facet normal 0 0 1
    outer loop
      vertex -67.1587 28.8749 1.6
      vertex -70.8616 32.5778 1.6
      vertex -67.6281 28.8749 1.6
    endloop
  endfacet
  facet normal -0 0 1
    outer loop
      vertex -70.8616 32.1085 1.6
      vertex -67.6281 28.8749 1.6
      vertex -70.8616 32.5778 1.6
    endloop
  endfacet
  facet normal 0 0 1
    outer loop
      vertex -70.8616 32.5778 1.6
      vertex -69.1183 36.7865 1.6
      vertex -69.5365 36.5734 1.6
    endloop
  endfacet
  facet normal -0 0 1
    outer loop
      vertex -71.0066 31.6622 1.6
      vertex -68.0744 28.7299 1.6
      vertex -70.8616 32.1085 1.6
    endloop
  endfacet
  facet normal 0 0 1
    outer loop
      vertex -67.6281 28.8749 1.6
      vertex -70.8616 32.1085 1.6
      vertex -68.0744 28.7299 1.6
    endloop
  endfacet
  facet normal -0 0 1
    outer loop
      vertex -61.5734 38.4635 1.6
      vertex -57 38 1.6
      vertex -57.1011 40.0584 1.6
    endloop
  endfacet
  facet normal 0 0 1
    outer loop
      vertex -61.7865 38.8817 1.6
      vertex -57.1011 40.0584 1.6
      vertex -57.4035 42.0969 1.6
    endloop
  endfacet
  facet normal 0 0 1
    outer loop
      vertex -57 38 1.6
      vertex -61.5734 38.4635 1.6
      vertex -61.5 38 1.6
    endloop
  endfacet
  facet normal 0 0 1
    outer loop
      vertex -62.1183 39.2135 1.6
      vertex -57.4035 42.0969 1.6
      vertex -57.9043 44.096 1.6
    endloop
  endfacet
  facet normal 0 0 1
    outer loop
      vertex -57 38 1.6
      vertex -61.5734 37.5365 1.6
      vertex -57.1011 35.9416 1.6
    endloop
  endfacet
  facet normal 0 0 1
    outer loop
      vertex -63 39.5 1.6
      vertex -57.9043 44.096 1.6
      vertex -58.5985 46.0364 1.6
    endloop
  endfacet
  facet normal -0 0 1
    outer loop
      vertex -61.7865 37.1183 1.6
      vertex -57.1011 35.9416 1.6
      vertex -61.5734 37.5365 1.6
    endloop
  endfacet
  facet normal 0 0 1
    outer loop
      vertex -60.5391 49.667 1.6
      vertex -65.9119 48.3719 1.6
      vertex -59.4797 47.8993 1.6
    endloop
  endfacet
  facet normal 0 0 1
    outer loop
      vertex -57.1011 35.9416 1.6
      vertex -61.7865 37.1183 1.6
      vertex -57.4035 33.9031 1.6
    endloop
  endfacet
  facet normal 0 0 1
    outer loop
      vertex -65.9119 48.3719 1.6
      vertex -60.5391 49.667 1.6
      vertex -65.9119 48.8413 1.6
    endloop
  endfacet
  facet normal -0 0 1
    outer loop
      vertex -62.1183 36.7865 1.6
      vertex -57.4035 33.9031 1.6
      vertex -61.7865 37.1183 1.6
    endloop
  endfacet
  facet normal 0 0 1
    outer loop
      vertex -57.4035 33.9031 1.6
      vertex -62.1183 36.7865 1.6
      vertex -57.9043 31.904 1.6
    endloop
  endfacet
  facet normal 0 0 1
    outer loop
      vertex -61.5734 37.5365 1.6
      vertex -57 38 1.6
      vertex -61.5 38 1.6
    endloop
  endfacet
  facet normal 0 0 1
    outer loop
      vertex -65.9119 48.8413 1.6
      vertex -60.5391 49.667 1.6
      vertex -61.7668 51.3223 1.6
    endloop
  endfacet
  facet normal 0 0 1
    outer loop
      vertex -57.1011 40.0584 1.6
      vertex -61.7865 38.8817 1.6
      vertex -61.5734 38.4635 1.6
    endloop
  endfacet
  facet normal 0 0 1
    outer loop
      vertex -57.4035 42.0969 1.6
      vertex -62.1183 39.2135 1.6
      vertex -61.7865 38.8817 1.6
    endloop
  endfacet
  facet normal 0 0 1
    outer loop
      vertex -57.9043 44.096 1.6
      vertex -62.5365 39.4266 1.6
      vertex -62.1183 39.2135 1.6
    endloop
  endfacet
  facet normal -0 0 1
    outer loop
      vertex -66.0569 47.9256 1.6
      vertex -59.4797 47.8993 1.6
      vertex -65.9119 48.3719 1.6
    endloop
  endfacet
  facet normal 0 0 1
    outer loop
      vertex -66.0569 49.2876 1.6
      vertex -61.7668 51.3223 1.6
      vertex -63.1508 52.8492 1.6
    endloop
  endfacet
  facet normal 0 0 1
    outer loop
      vertex -57.9043 44.096 1.6
      vertex -63 39.5 1.6
      vertex -62.5365 39.4266 1.6
    endloop
  endfacet
  facet normal 0 0 1
    outer loop
      vertex -66.3327 47.5459 1.6
      vertex -59.4797 47.8993 1.6
      vertex -66.0569 47.9256 1.6
    endloop
  endfacet
  facet normal 0 0 1
    outer loop
      vertex -59.4797 47.8993 1.6
      vertex -66.3327 47.5459 1.6
      vertex -58.5985 46.0364 1.6
    endloop
  endfacet
  facet normal 0 0 1
    outer loop
      vertex -58.5985 46.0364 1.6
      vertex -66.3327 47.5459 1.6
      vertex -63 39.5 1.6
    endloop
  endfacet
  facet normal 0 0 1
    outer loop
      vertex -63 39.5 1.6
      vertex -66.3327 47.5459 1.6
      vertex -63.4635 39.4266 1.6
    endloop
  endfacet
  facet normal 0 0 1
    outer loop
      vertex -66.7124 49.9431 1.6
      vertex -63.1508 52.8492 1.6
      vertex -64.6777 54.2332 1.6
    endloop
  endfacet
  facet normal -0 0 1
    outer loop
      vertex -62.5365 36.5734 1.6
      vertex -57.9043 31.904 1.6
      vertex -62.1183 36.7865 1.6
    endloop
  endfacet
  facet normal -0 0 1
    outer loop
      vertex -63 36.5 1.6
      vertex -57.9043 31.904 1.6
      vertex -62.5365 36.5734 1.6
    endloop
  endfacet
  facet normal 0 0 1
    outer loop
      vertex -57.9043 31.904 1.6
      vertex -63 36.5 1.6
      vertex -58.5985 29.9636 1.6
    endloop
  endfacet
  facet normal 0 0 1
    outer loop
      vertex -58.5985 29.9636 1.6
      vertex -63 36.5 1.6
      vertex -59.4797 28.1007 1.6
    endloop
  endfacet
  facet normal 0 0 1
    outer loop
      vertex -63.4635 36.5734 1.6
      vertex -59.4797 28.1007 1.6
      vertex -63 36.5 1.6
    endloop
  endfacet
  facet normal 0 0 1
    outer loop
      vertex -59.4797 28.1007 1.6
      vertex -63.4635 36.5734 1.6
      vertex -60.5391 26.333 1.6
    endloop
  endfacet
  facet normal 0 0 1
    outer loop
      vertex -63.8817 36.7865 1.6
      vertex -60.5391 26.333 1.6
      vertex -63.4635 36.5734 1.6
    endloop
  endfacet
  facet normal 0 0 1
    outer loop
      vertex -60.5391 26.333 1.6
      vertex -63.8817 36.7865 1.6
      vertex -61.7668 24.6777 1.6
    endloop
  endfacet
  facet normal 0 0 1
    outer loop
      vertex -61.7668 24.6777 1.6
      vertex -63.8817 36.7865 1.6
      vertex -63.1508 23.1508 1.6
    endloop
  endfacet
  facet normal 0 0 1
    outer loop
      vertex -64.6777 21.7668 1.6
      vertex -63.8817 36.7865 1.6
      vertex -64.2135 37.1183 1.6
    endloop
  endfacet
  facet normal 0 0 1
    outer loop
      vertex -64.6777 21.7668 1.6
      vertex -64.2135 37.1183 1.6
      vertex -64.4266 37.5365 1.6
    endloop
  endfacet
  facet normal 0 0 1
    outer loop
      vertex -64.6777 21.7668 1.6
      vertex -64.4266 37.5365 1.6
      vertex -64.5 38 1.6
    endloop
  endfacet
  facet normal 0 0 1
    outer loop
      vertex -63.8817 36.7865 1.6
      vertex -64.6777 21.7668 1.6
      vertex -63.1508 23.1508 1.6
    endloop
  endfacet
  facet normal -0 0 1
    outer loop
      vertex -66.7124 47.2701 1.6
      vertex -63.4635 39.4266 1.6
      vertex -66.3327 47.5459 1.6
    endloop
  endfacet
  facet normal 0 0 1
    outer loop
      vertex -63.4635 39.4266 1.6
      vertex -66.7124 47.2701 1.6
      vertex -63.8817 39.2135 1.6
    endloop
  endfacet
  facet normal 0 0 1
    outer loop
      vertex -61.7668 51.3223 1.6
      vertex -66.0569 49.2876 1.6
      vertex -65.9119 48.8413 1.6
    endloop
  endfacet
  facet normal 0 0 1
    outer loop
      vertex -63.1508 52.8492 1.6
      vertex -66.3327 49.6673 1.6
      vertex -66.0569 49.2876 1.6
    endloop
  endfacet
  facet normal 0 0 1
    outer loop
      vertex -67.1587 50.0881 1.6
      vertex -64.6777 54.2332 1.6
      vertex -66.333 55.4609 1.6
    endloop
  endfacet
  facet normal 0 0 1
    outer loop
      vertex -63.1508 52.8492 1.6
      vertex -66.7124 49.9431 1.6
      vertex -66.3327 49.6673 1.6
    endloop
  endfacet
  facet normal 0 0 1
    outer loop
      vertex -64.6777 54.2332 1.6
      vertex -67.1587 50.0881 1.6
      vertex -66.7124 49.9431 1.6
    endloop
  endfacet
  facet normal 0 0 1
    outer loop
      vertex -66.333 55.4609 1.6
      vertex -67.6281 50.0881 1.6
      vertex -67.1587 50.0881 1.6
    endloop
  endfacet
  facet normal 0 0 1
    outer loop
      vertex -66.333 55.4609 1.6
      vertex -68.0744 49.9431 1.6
      vertex -67.6281 50.0881 1.6
    endloop
  endfacet
  facet normal 0 0 1
    outer loop
      vertex -68.1007 56.5203 1.6
      vertex -68.0744 49.9431 1.6
      vertex -66.333 55.4609 1.6
    endloop
  endfacet
  facet normal 0 0 1
    outer loop
      vertex -68.1007 56.5203 1.6
      vertex -68.4541 49.6673 1.6
      vertex -68.0744 49.9431 1.6
    endloop
  endfacet
  facet normal 0 0 1
    outer loop
      vertex -69.9636 57.4015 1.6
      vertex -68.4541 49.6673 1.6
      vertex -68.1007 56.5203 1.6
    endloop
  endfacet
  facet normal 0 0 1
    outer loop
      vertex -76.5734 52.5365 1.6
      vertex -69.9636 57.4015 1.6
      vertex -71.904 58.0957 1.6
    endloop
  endfacet
  facet normal 0 0 1
    outer loop
      vertex -72.1085 45.1384 1.6
      vertex -68.8749 48.3719 1.6
      vertex -68.8749 48.8413 1.6
    endloop
  endfacet
  facet normal 0 0 1
    outer loop
      vertex -70.8616 43.4222 1.6
      vertex -67.1587 47.1251 1.6
      vertex -70.8616 43.8915 1.6
    endloop
  endfacet
  facet normal 0 0 1
    outer loop
      vertex -69.9636 57.4015 1.6
      vertex -76.5734 52.5365 1.6
      vertex -68.4541 49.6673 1.6
    endloop
  endfacet
  facet normal 0 0 1
    outer loop
      vertex -76.5734 52.5365 1.6
      vertex -71.904 58.0957 1.6
      vertex -73.9031 58.5965 1.6
    endloop
  endfacet
  facet normal 0 0 1
    outer loop
      vertex -67.1587 47.1251 1.6
      vertex -70.8616 43.4222 1.6
      vertex -69.1183 39.2135 1.6
    endloop
  endfacet
  facet normal 0 0 1
    outer loop
      vertex -69.1183 39.2135 1.6
      vertex -70.8616 43.4222 1.6
      vertex -69.5365 39.4266 1.6
    endloop
  endfacet
  facet normal -0 0 1
    outer loop
      vertex -71.0066 42.9759 1.6
      vertex -69.5365 39.4266 1.6
      vertex -70.8616 43.4222 1.6
    endloop
  endfacet
  facet normal 0 0 1
    outer loop
      vertex -68.0744 47.2701 1.6
      vertex -71.0066 44.3378 1.6
      vertex -70.8616 43.8915 1.6
    endloop
  endfacet
  facet normal 0 0 1
    outer loop
      vertex -68.4541 47.5459 1.6
      vertex -71.2825 44.7175 1.6
      vertex -71.0066 44.3378 1.6
    endloop
  endfacet
  facet normal 0 0 1
    outer loop
      vertex -68.7299 47.9256 1.6
      vertex -71.6622 44.9934 1.6
      vertex -71.2825 44.7175 1.6
    endloop
  endfacet
  facet normal 0 0 1
    outer loop
      vertex -68.4541 49.6673 1.6
      vertex -76.5734 52.5365 1.6
      vertex -68.7299 49.2876 1.6
    endloop
  endfacet
  facet normal 0 0 1
    outer loop
      vertex -68.8749 48.3719 1.6
      vertex -72.1085 45.1384 1.6
      vertex -71.6622 44.9934 1.6
    endloop
  endfacet
  facet normal 0 0 1
    outer loop
      vertex -68.8749 48.8413 1.6
      vertex -72.5778 45.1384 1.6
      vertex -72.1085 45.1384 1.6
    endloop
  endfacet
  facet normal 0 0 1
    outer loop
      vertex -76.5734 52.5365 1.6
      vertex -68.8749 48.8413 1.6
      vertex -68.7299 49.2876 1.6
    endloop
  endfacet
  facet normal -0 0 1
    outer loop
      vertex -76.7865 52.1183 1.6
      vertex -68.8749 48.8413 1.6
      vertex -76.5734 52.5365 1.6
    endloop
  endfacet
  facet normal 0 0 1
    outer loop
      vertex -72.5778 45.1384 1.6
      vertex -76.5 46 1.6
      vertex -73.0241 44.9934 1.6
    endloop
  endfacet
  facet normal 0 0 1
    outer loop
      vertex -73.0241 44.9934 1.6
      vertex -76.5 46 1.6
      vertex -73.4038 44.7175 1.6
    endloop
  endfacet
  facet normal 0 0 1
    outer loop
      vertex -73.6797 44.3378 1.6
      vertex -76.5734 45.5365 1.6
      vertex -73.8247 43.8915 1.6
    endloop
  endfacet
  facet normal 0 0 1
    outer loop
      vertex -71.5 38 1.6
      vertex -76.0384 38.3902 1.6
      vertex -76 38 1.6
    endloop
  endfacet
  facet normal -0 0 1
    outer loop
      vertex -76.5734 45.5365 1.6
      vertex -73.6797 44.3378 1.6
      vertex -76.5 46 1.6
    endloop
  endfacet
  facet normal 0 0 1
    outer loop
      vertex -73.4038 44.7175 1.6
      vertex -76.5 46 1.6
      vertex -73.6797 44.3378 1.6
    endloop
  endfacet
  facet normal 0 0 -1
    outer loop
      vertex -90.0881 27.6281 -1.6
      vertex -91.5734 37.5365 -1.6
      vertex -91.5 38 -1.6
    endloop
  endfacet
  facet normal 0 0 -1
    outer loop
      vertex -90.0881 27.1587 -1.6
      vertex -91.7865 37.1183 -1.6
      vertex -91.5734 37.5365 -1.6
    endloop
  endfacet
  facet normal 0 0 -1
    outer loop
      vertex -90.0881 27.1587 -1.6
      vertex -92.1183 36.7865 -1.6
      vertex -91.7865 37.1183 -1.6
    endloop
  endfacet
  facet normal 0 0 -1
    outer loop
      vertex -90.0881 27.1587 -1.6
      vertex -92.5365 36.5734 -1.6
      vertex -92.1183 36.7865 -1.6
    endloop
  endfacet
  facet normal 0 0 -1
    outer loop
      vertex -90.0881 27.1587 -1.6
      vertex -93 36.5 -1.6
      vertex -92.5365 36.5734 -1.6
    endloop
  endfacet
  facet normal -0 0 -1
    outer loop
      vertex -89.9431 26.7124 -1.6
      vertex -97.3316 13.6673 -1.6
      vertex -90.0881 27.1587 -1.6
    endloop
  endfacet
  facet normal 0 0 -1
    outer loop
      vertex -90.0881 27.1587 -1.6
      vertex -93.4635 36.5734 -1.6
      vertex -93 36.5 -1.6
    endloop
  endfacet
  facet normal 0 0 -1
    outer loop
      vertex -97.6506 13.5706 -1.6
      vertex -90.0881 27.1587 -1.6
      vertex -97.3316 13.6673 -1.6
    endloop
  endfacet
  facet normal 0 0 -1
    outer loop
      vertex -90.0881 27.1587 -1.6
      vertex -93.8817 36.7865 -1.6
      vertex -93.4635 36.5734 -1.6
    endloop
  endfacet
  facet normal 0 0 -1
    outer loop
      vertex -97.9445 13.4135 -1.6
      vertex -90.0881 27.1587 -1.6
      vertex -97.6506 13.5706 -1.6
    endloop
  endfacet
  facet normal 0 0 -1
    outer loop
      vertex -89.6673 49.6673 -1.6
      vertex -96.3327 52.6683 -1.6
      vertex -96.3 53 -1.6
    endloop
  endfacet
  facet normal 0 0 -1
    outer loop
      vertex -94.4266 38.4635 -1.6
      vertex -96.4294 52.3494 -1.6
      vertex -96.3327 52.6683 -1.6
    endloop
  endfacet
  facet normal 0 0 -1
    outer loop
      vertex -94.4266 38.4635 -1.6
      vertex -96.5865 52.0555 -1.6
      vertex -96.4294 52.3494 -1.6
    endloop
  endfacet
  facet normal 0 0 -1
    outer loop
      vertex -90.0881 27.1587 -1.6
      vertex -94.2135 37.1183 -1.6
      vertex -93.8817 36.7865 -1.6
    endloop
  endfacet
  facet normal 0 0 -1
    outer loop
      vertex -94.4266 38.4635 -1.6
      vertex -96.7979 51.7979 -1.6
      vertex -96.5865 52.0555 -1.6
    endloop
  endfacet
  facet normal -0 0 -1
    outer loop
      vertex -90.0881 27.1587 -1.6
      vertex -97.9445 13.4135 -1.6
      vertex -94.2135 37.1183 -1.6
    endloop
  endfacet
  facet normal 0 0 -1
    outer loop
      vertex -94.4266 38.4635 -1.6
      vertex -97.0555 51.5865 -1.6
      vertex -96.7979 51.7979 -1.6
    endloop
  endfacet
  facet normal 0 0 -1
    outer loop
      vertex -98.2021 13.2021 -1.6
      vertex -94.2135 37.1183 -1.6
      vertex -97.9445 13.4135 -1.6
    endloop
  endfacet
  facet normal 0 0 -1
    outer loop
      vertex -94.4266 38.4635 -1.6
      vertex -97.3494 51.4294 -1.6
      vertex -97.0555 51.5865 -1.6
    endloop
  endfacet
  facet normal -0 0 -1
    outer loop
      vertex -94.2135 37.1183 -1.6
      vertex -98.2021 13.2021 -1.6
      vertex -94.4266 37.5365 -1.6
    endloop
  endfacet
  facet normal 0 0 -1
    outer loop
      vertex -94.4266 38.4635 -1.6
      vertex -97.6684 51.3327 -1.6
      vertex -97.3494 51.4294 -1.6
    endloop
  endfacet
  facet normal 0 0 -1
    outer loop
      vertex -98.4135 12.9445 -1.6
      vertex -94.4266 37.5365 -1.6
      vertex -98.2021 13.2021 -1.6
    endloop
  endfacet
  facet normal 0 0 -1
    outer loop
      vertex -94.4266 38.4635 -1.6
      vertex -98 51.3 -1.6
      vertex -97.6684 51.3327 -1.6
    endloop
  endfacet
  facet normal 0 0 -1
    outer loop
      vertex -98.5706 12.6506 -1.6
      vertex -94.4266 37.5365 -1.6
      vertex -98.4135 12.9445 -1.6
    endloop
  endfacet
  facet normal 0 0 -1
    outer loop
      vertex -94.4266 38.4635 -1.6
      vertex -98.3316 51.3327 -1.6
      vertex -98 51.3 -1.6
    endloop
  endfacet
  facet normal -0 0 -1
    outer loop
      vertex -94.4266 37.5365 -1.6
      vertex -98.5706 12.6506 -1.6
      vertex -94.5 38 -1.6
    endloop
  endfacet
  facet normal -0 0 -1
    outer loop
      vertex -94.5 38 -1.6
      vertex -98.5706 12.6506 -1.6
      vertex -99.4135 52.0555 -1.6
    endloop
  endfacet
  facet normal 0 0 -1
    outer loop
      vertex -94.4266 38.4635 -1.6
      vertex -98.6506 51.4294 -1.6
      vertex -98.3316 51.3327 -1.6
    endloop
  endfacet
  facet normal 0 0 -1
    outer loop
      vertex -105 60 -1.6
      vertex -98.5706 12.6506 -1.6
      vertex -98.6673 12.3317 -1.6
    endloop
  endfacet
  facet normal 0 0 -1
    outer loop
      vertex -105 60 -1.6
      vertex -98.6673 12.3317 -1.6
      vertex -98.7 12 -1.6
    endloop
  endfacet
  facet normal -0 0 -1
    outer loop
      vertex -98.5706 -12.6506 -1.6
      vertex -105 -60 -1.6
      vertex -98.6673 -12.3317 -1.6
    endloop
  endfacet
  facet normal 0 0 -1
    outer loop
      vertex -94.4266 38.4635 -1.6
      vertex -98.9445 51.5865 -1.6
      vertex -98.6506 51.4294 -1.6
    endloop
  endfacet
  facet normal -0 0 -1
    outer loop
      vertex -98.6673 -12.3317 -1.6
      vertex -105 -60 -1.6
      vertex -98.7 -12 -1.6
    endloop
  endfacet
  facet normal 0 0 -1
    outer loop
      vertex -94.4266 38.4635 -1.6
      vertex -99.2021 51.7979 -1.6
      vertex -98.9445 51.5865 -1.6
    endloop
  endfacet
  facet normal -0 0 -1
    outer loop
      vertex -98.7 -12 -1.6
      vertex -105 -60 -1.6
      vertex -98.7 12 -1.6
    endloop
  endfacet
  facet normal 0 0 -1
    outer loop
      vertex -94.5 38 -1.6
      vertex -99.4135 52.0555 -1.6
      vertex -99.2021 51.7979 -1.6
    endloop
  endfacet
  facet normal 0 0 -1
    outer loop
      vertex -105 -60 -1.6
      vertex -99.4135 -52.0555 -1.6
      vertex -99.5706 -52.3494 -1.6
    endloop
  endfacet
  facet normal 0 0 -1
    outer loop
      vertex -105 60 -1.6
      vertex -98.7 12 -1.6
      vertex -105 -60 -1.6
    endloop
  endfacet
  facet normal 0 0 -1
    outer loop
      vertex -105 -60 -1.6
      vertex -99.5706 -52.3494 -1.6
      vertex -99.6673 -52.6683 -1.6
    endloop
  endfacet
  facet normal 0 0 -1
    outer loop
      vertex -98.5706 12.6506 -1.6
      vertex -105 60 -1.6
      vertex -99.4135 52.0555 -1.6
    endloop
  endfacet
  facet normal 0 0 -1
    outer loop
      vertex -105 -60 -1.6
      vertex -99.6673 -52.6683 -1.6
      vertex -99.7 -53 -1.6
    endloop
  endfacet
  facet normal 0 0 -1
    outer loop
      vertex -99.4135 52.0555 -1.6
      vertex -105 60 -1.6
      vertex -99.5706 52.3494 -1.6
    endloop
  endfacet
  facet normal -0 0 -1
    outer loop
      vertex -87.3902 -19.9616 -1.6
      vertex -97.3494 -51.4294 -1.6
      vertex -87.7654 -19.8478 -1.6
    endloop
  endfacet
  facet normal 0 0 -1
    outer loop
      vertex -97.6684 -51.3327 -1.6
      vertex -87.7654 -19.8478 -1.6
      vertex -97.3494 -51.4294 -1.6
    endloop
  endfacet
  facet normal -0 0 -1
    outer loop
      vertex -87.7654 -19.8478 -1.6
      vertex -97.6684 -51.3327 -1.6
      vertex -88.1111 -19.6629 -1.6
    endloop
  endfacet
  facet normal 0 0 -1
    outer loop
      vertex -98 -51.3 -1.6
      vertex -88.1111 -19.6629 -1.6
      vertex -97.6684 -51.3327 -1.6
    endloop
  endfacet
  facet normal -0 0 -1
    outer loop
      vertex -88.1111 -19.6629 -1.6
      vertex -98 -51.3 -1.6
      vertex -88.4142 -19.4142 -1.6
    endloop
  endfacet
  facet normal 0 0 -1
    outer loop
      vertex -98.3316 -51.3327 -1.6
      vertex -88.4142 -19.4142 -1.6
      vertex -98 -51.3 -1.6
    endloop
  endfacet
  facet normal 0 -0 -1
    outer loop
      vertex -97.3316 -13.6673 -1.6
      vertex -88.4142 -19.4142 -1.6
      vertex -98.3316 -51.3327 -1.6
    endloop
  endfacet
  facet normal 0 0 -1
    outer loop
      vertex -88.8478 -18.7654 -1.6
      vertex -97 -13.7 -1.6
      vertex -91 -13.7 -1.6
    endloop
  endfacet
  facet normal 0 0 -1
    outer loop
      vertex -88.4142 -19.4142 -1.6
      vertex -97.3316 -13.6673 -1.6
      vertex -88.6629 -19.1111 -1.6
    endloop
  endfacet
  facet normal 0 0 -1
    outer loop
      vertex -88.6629 -19.1111 -1.6
      vertex -97 -13.7 -1.6
      vertex -88.8478 -18.7654 -1.6
    endloop
  endfacet
  facet normal -0 -0 -1
    outer loop
      vertex -97 -13.7 -1.6
      vertex -88.6629 -19.1111 -1.6
      vertex -97.3316 -13.6673 -1.6
    endloop
  endfacet
  facet normal -0 0 -1
    outer loop
      vertex -97.3316 -13.6673 -1.6
      vertex -98.3316 -51.3327 -1.6
      vertex -97.6506 -13.5706 -1.6
    endloop
  endfacet
  facet normal 0 0 -1
    outer loop
      vertex -98.6506 -51.4294 -1.6
      vertex -97.6506 -13.5706 -1.6
      vertex -98.3316 -51.3327 -1.6
    endloop
  endfacet
  facet normal -0 0 -1
    outer loop
      vertex -97.6506 -13.5706 -1.6
      vertex -98.6506 -51.4294 -1.6
      vertex -97.9445 -13.4135 -1.6
    endloop
  endfacet
  facet normal 0 0 -1
    outer loop
      vertex -98.9445 -51.5865 -1.6
      vertex -97.9445 -13.4135 -1.6
      vertex -98.6506 -51.4294 -1.6
    endloop
  endfacet
  facet normal -0 0 -1
    outer loop
      vertex -97.9445 -13.4135 -1.6
      vertex -98.9445 -51.5865 -1.6
      vertex -98.2021 -13.2021 -1.6
    endloop
  endfacet
  facet normal 0 0 -1
    outer loop
      vertex -99.2021 -51.7979 -1.6
      vertex -98.2021 -13.2021 -1.6
      vertex -98.9445 -51.5865 -1.6
    endloop
  endfacet
  facet normal -0 0 -1
    outer loop
      vertex -98.2021 -13.2021 -1.6
      vertex -99.2021 -51.7979 -1.6
      vertex -98.4135 -12.9445 -1.6
    endloop
  endfacet
  facet normal 0 0 -1
    outer loop
      vertex -99.4135 -52.0555 -1.6
      vertex -98.4135 -12.9445 -1.6
      vertex -99.2021 -51.7979 -1.6
    endloop
  endfacet
  facet normal 0 0 -1
    outer loop
      vertex -105 -60 -1.6
      vertex -98.5706 -12.6506 -1.6
      vertex -99.4135 -52.0555 -1.6
    endloop
  endfacet
  facet normal -0 0 -1
    outer loop
      vertex -98.4135 -12.9445 -1.6
      vertex -99.4135 -52.0555 -1.6
      vertex -98.5706 -12.6506 -1.6
    endloop
  endfacet
  facet normal 0 0 -1
    outer loop
      vertex -89.5865 -11.0555 -1.6
      vertex -87.75 -12 -1.6
      vertex -89.4294 -11.3494 -1.6
    endloop
  endfacet
  facet normal 0 0 -1
    outer loop
      vertex -87.75 -2 -1.6
      vertex -89.3327 11.6683 -1.6
      vertex -89.3 12 -1.6
    endloop
  endfacet
  facet normal 0 0 -1
    outer loop
      vertex -89.7979 -10.7979 -1.6
      vertex -87.75 -12 -1.6
      vertex -89.5865 -11.0555 -1.6
    endloop
  endfacet
  facet normal 0 0 -1
    outer loop
      vertex -87.75 -2 -1.6
      vertex -89.4294 11.3494 -1.6
      vertex -89.3327 11.6683 -1.6
    endloop
  endfacet
  facet normal 0 0 -1
    outer loop
      vertex -87.75 -12 -1.6
      vertex -89.7979 -10.7979 -1.6
      vertex -87.75 -2 -1.6
    endloop
  endfacet
  facet normal 0 0 -1
    outer loop
      vertex -87.75 -2 -1.6
      vertex -89.5865 11.0555 -1.6
      vertex -89.4294 11.3494 -1.6
    endloop
  endfacet
  facet normal 0 0 -1
    outer loop
      vertex -90.0555 -10.5865 -1.6
      vertex -87.75 -2 -1.6
      vertex -89.7979 -10.7979 -1.6
    endloop
  endfacet
  facet normal 0 0 -1
    outer loop
      vertex -87.75 -2 -1.6
      vertex -89.7979 10.7979 -1.6
      vertex -89.5865 11.0555 -1.6
    endloop
  endfacet
  facet normal 0 0 -1
    outer loop
      vertex -90.3494 -10.4294 -1.6
      vertex -87.75 -2 -1.6
      vertex -90.0555 -10.5865 -1.6
    endloop
  endfacet
  facet normal 0 0 -1
    outer loop
      vertex -87.75 -2 -1.6
      vertex -90.0555 10.5865 -1.6
      vertex -89.7979 10.7979 -1.6
    endloop
  endfacet
  facet normal 0 0 -1
    outer loop
      vertex -90.6684 -10.3327 -1.6
      vertex -87.75 -2 -1.6
      vertex -90.3494 -10.4294 -1.6
    endloop
  endfacet
  facet normal 0 0 -1
    outer loop
      vertex -87.75 -2 -1.6
      vertex -90.3494 10.4294 -1.6
      vertex -90.0555 10.5865 -1.6
    endloop
  endfacet
  facet normal 0 0 -1
    outer loop
      vertex -91 -10.3 -1.6
      vertex -87.75 -2 -1.6
      vertex -90.6684 -10.3327 -1.6
    endloop
  endfacet
  facet normal 0 0 -1
    outer loop
      vertex -87.75 -2 -1.6
      vertex -90.6684 10.3327 -1.6
      vertex -90.3494 10.4294 -1.6
    endloop
  endfacet
  facet normal 0 0 -1
    outer loop
      vertex -97 -10.3 -1.6
      vertex -87.75 -2 -1.6
      vertex -91 -10.3 -1.6
    endloop
  endfacet
  facet normal 0 0 -1
    outer loop
      vertex -87.75 -2 -1.6
      vertex -91 10.3 -1.6
      vertex -90.6684 10.3327 -1.6
    endloop
  endfacet
  facet normal 0 0 -1
    outer loop
      vertex -97 10.3 -1.6
      vertex -87.75 -2 -1.6
      vertex -97 -10.3 -1.6
    endloop
  endfacet
  facet normal 0 0 -1
    outer loop
      vertex -87.75 -2 -1.6
      vertex -97 10.3 -1.6
      vertex -91 10.3 -1.6
    endloop
  endfacet
  facet normal 0 0 -1
    outer loop
      vertex -97.3316 -10.3327 -1.6
      vertex -97 10.3 -1.6
      vertex -97 -10.3 -1.6
    endloop
  endfacet
  facet normal 0 0 -1
    outer loop
      vertex -97.3316 -10.3327 -1.6
      vertex -97.3316 10.3327 -1.6
      vertex -97 10.3 -1.6
    endloop
  endfacet
  facet normal 0 0 -1
    outer loop
      vertex -97.6506 -10.4294 -1.6
      vertex -97.3316 10.3327 -1.6
      vertex -97.3316 -10.3327 -1.6
    endloop
  endfacet
  facet normal 0 0 -1
    outer loop
      vertex -97.6506 -10.4294 -1.6
      vertex -97.6506 10.4294 -1.6
      vertex -97.3316 10.3327 -1.6
    endloop
  endfacet
  facet normal 0 0 -1
    outer loop
      vertex -97.9445 -10.5865 -1.6
      vertex -97.6506 10.4294 -1.6
      vertex -97.6506 -10.4294 -1.6
    endloop
  endfacet
  facet normal 0 0 -1
    outer loop
      vertex -97.9445 -10.5865 -1.6
      vertex -97.9445 10.5865 -1.6
      vertex -97.6506 10.4294 -1.6
    endloop
  endfacet
  facet normal 0 0 -1
    outer loop
      vertex -98.2021 -10.7979 -1.6
      vertex -97.9445 10.5865 -1.6
      vertex -97.9445 -10.5865 -1.6
    endloop
  endfacet
  facet normal 0 0 -1
    outer loop
      vertex -98.2021 -10.7979 -1.6
      vertex -98.2021 10.7979 -1.6
      vertex -97.9445 10.5865 -1.6
    endloop
  endfacet
  facet normal 0 0 -1
    outer loop
      vertex -98.4135 -11.0555 -1.6
      vertex -98.2021 10.7979 -1.6
      vertex -98.2021 -10.7979 -1.6
    endloop
  endfacet
  facet normal 0 0 -1
    outer loop
      vertex -98.4135 -11.0555 -1.6
      vertex -98.4135 11.0555 -1.6
      vertex -98.2021 10.7979 -1.6
    endloop
  endfacet
  facet normal 0 0 -1
    outer loop
      vertex -98.5706 -11.3494 -1.6
      vertex -98.4135 11.0555 -1.6
      vertex -98.4135 -11.0555 -1.6
    endloop
  endfacet
  facet normal 0 0 -1
    outer loop
      vertex -98.5706 -11.3494 -1.6
      vertex -98.5706 11.3494 -1.6
      vertex -98.4135 11.0555 -1.6
    endloop
  endfacet
  facet normal 0 0 -1
    outer loop
      vertex -98.6673 -11.6683 -1.6
      vertex -98.5706 11.3494 -1.6
      vertex -98.5706 -11.3494 -1.6
    endloop
  endfacet
  facet normal 0 0 -1
    outer loop
      vertex -98.6673 -11.6683 -1.6
      vertex -98.6673 11.6683 -1.6
      vertex -98.5706 11.3494 -1.6
    endloop
  endfacet
  facet normal 0 0 -1
    outer loop
      vertex -98.7 -12 -1.6
      vertex -98.6673 11.6683 -1.6
      vertex -98.6673 -11.6683 -1.6
    endloop
  endfacet
  facet normal -0 0 -1
    outer loop
      vertex -98.6673 11.6683 -1.6
      vertex -98.7 -12 -1.6
      vertex -98.7 12 -1.6
    endloop
  endfacet
  facet normal 0 0 -1
    outer loop
      vertex -87.5459 26.3327 -1.6
      vertex -89.5865 12.9445 -1.6
      vertex -87.9256 26.0569 -1.6
    endloop
  endfacet
  facet normal 0 0 -1
    outer loop
      vertex -89.7979 13.2021 -1.6
      vertex -87.9256 26.0569 -1.6
      vertex -89.5865 12.9445 -1.6
    endloop
  endfacet
  facet normal 0 0 -1
    outer loop
      vertex -90.0555 13.4135 -1.6
      vertex -87.9256 26.0569 -1.6
      vertex -89.7979 13.2021 -1.6
    endloop
  endfacet
  facet normal 0 0 -1
    outer loop
      vertex -87.9256 26.0569 -1.6
      vertex -90.0555 13.4135 -1.6
      vertex -88.3719 25.9119 -1.6
    endloop
  endfacet
  facet normal 0 0 -1
    outer loop
      vertex -90.3494 13.5706 -1.6
      vertex -88.3719 25.9119 -1.6
      vertex -90.0555 13.4135 -1.6
    endloop
  endfacet
  facet normal -0 0 -1
    outer loop
      vertex -88.3719 25.9119 -1.6
      vertex -90.3494 13.5706 -1.6
      vertex -88.8413 25.9119 -1.6
    endloop
  endfacet
  facet normal 0 0 -1
    outer loop
      vertex -90.6684 13.6673 -1.6
      vertex -88.8413 25.9119 -1.6
      vertex -90.3494 13.5706 -1.6
    endloop
  endfacet
  facet normal 0 0 -1
    outer loop
      vertex -91 13.7 -1.6
      vertex -88.8413 25.9119 -1.6
      vertex -90.6684 13.6673 -1.6
    endloop
  endfacet
  facet normal -0 0 -1
    outer loop
      vertex -88.8413 25.9119 -1.6
      vertex -91 13.7 -1.6
      vertex -89.2876 26.0569 -1.6
    endloop
  endfacet
  facet normal 0 0 -1
    outer loop
      vertex -91.5734 37.5365 -1.6
      vertex -90.0881 27.6281 -1.6
      vertex -90.0881 27.1587 -1.6
    endloop
  endfacet
  facet normal 0 0 -1
    outer loop
      vertex -90.0881 27.6281 -1.6
      vertex -91.5 38 -1.6
      vertex -90.0881 48.3719 -1.6
    endloop
  endfacet
  facet normal 0 0 -1
    outer loop
      vertex -97 13.7 -1.6
      vertex -89.6673 26.3327 -1.6
      vertex -91 13.7 -1.6
    endloop
  endfacet
  facet normal -0 0 -1
    outer loop
      vertex -89.2876 26.0569 -1.6
      vertex -91 13.7 -1.6
      vertex -89.6673 26.3327 -1.6
    endloop
  endfacet
  facet normal 0 0 -1
    outer loop
      vertex -88.8413 47.1251 -1.6
      vertex -86.8817 39.2135 -1.6
      vertex -87.2135 38.8817 -1.6
    endloop
  endfacet
  facet normal 0 0 -1
    outer loop
      vertex -86.8817 39.2135 -1.6
      vertex -87.2701 47.9256 -1.6
      vertex -87.1251 48.3719 -1.6
    endloop
  endfacet
  facet normal 0 0 -1
    outer loop
      vertex -89.2876 47.2701 -1.6
      vertex -87.2135 38.8817 -1.6
      vertex -87.4266 38.4635 -1.6
    endloop
  endfacet
  facet normal 0 0 -1
    outer loop
      vertex -89.6673 47.5459 -1.6
      vertex -87.4266 38.4635 -1.6
      vertex -87.5 38 -1.6
    endloop
  endfacet
  facet normal 0 0 -1
    outer loop
      vertex -86.8817 39.2135 -1.6
      vertex -87.5459 47.5459 -1.6
      vertex -87.2701 47.9256 -1.6
    endloop
  endfacet
  facet normal -0 0 -1
    outer loop
      vertex -86.8817 36.7865 -1.6
      vertex -88.8413 28.8749 -1.6
      vertex -87.2135 37.1183 -1.6
    endloop
  endfacet
  facet normal 0 0 -1
    outer loop
      vertex -89.2876 28.7299 -1.6
      vertex -87.2135 37.1183 -1.6
      vertex -88.8413 28.8749 -1.6
    endloop
  endfacet
  facet normal 0 0 -1
    outer loop
      vertex -86.8817 39.2135 -1.6
      vertex -87.9256 47.2701 -1.6
      vertex -87.5459 47.5459 -1.6
    endloop
  endfacet
  facet normal -0 0 -1
    outer loop
      vertex -87.2135 37.1183 -1.6
      vertex -89.2876 28.7299 -1.6
      vertex -87.4266 37.5365 -1.6
    endloop
  endfacet
  facet normal 0 0 -1
    outer loop
      vertex -86.8817 39.2135 -1.6
      vertex -88.3719 47.1251 -1.6
      vertex -87.9256 47.2701 -1.6
    endloop
  endfacet
  facet normal 0 0 -1
    outer loop
      vertex -89.6673 28.4541 -1.6
      vertex -87.4266 37.5365 -1.6
      vertex -89.2876 28.7299 -1.6
    endloop
  endfacet
  facet normal 0 0 -1
    outer loop
      vertex -86.8817 39.2135 -1.6
      vertex -88.8413 47.1251 -1.6
      vertex -88.3719 47.1251 -1.6
    endloop
  endfacet
  facet normal -0 0 -1
    outer loop
      vertex -87.4266 37.5365 -1.6
      vertex -89.6673 28.4541 -1.6
      vertex -87.5 38 -1.6
    endloop
  endfacet
  facet normal 0 0 -1
    outer loop
      vertex -87.2135 38.8817 -1.6
      vertex -89.2876 47.2701 -1.6
      vertex -88.8413 47.1251 -1.6
    endloop
  endfacet
  facet normal 0 0 -1
    outer loop
      vertex -89.9431 28.0744 -1.6
      vertex -87.5 38 -1.6
      vertex -89.6673 28.4541 -1.6
    endloop
  endfacet
  facet normal 0 0 -1
    outer loop
      vertex -87.4266 38.4635 -1.6
      vertex -89.6673 47.5459 -1.6
      vertex -89.2876 47.2701 -1.6
    endloop
  endfacet
  facet normal 0 0 -1
    outer loop
      vertex -89.9431 47.9256 -1.6
      vertex -87.5 38 -1.6
      vertex -89.9431 28.0744 -1.6
    endloop
  endfacet
  facet normal 0 0 -1
    outer loop
      vertex -87.5 38 -1.6
      vertex -89.9431 47.9256 -1.6
      vertex -89.6673 47.5459 -1.6
    endloop
  endfacet
  facet normal 0 0 -1
    outer loop
      vertex -90.0881 27.6281 -1.6
      vertex -89.9431 47.9256 -1.6
      vertex -89.9431 28.0744 -1.6
    endloop
  endfacet
  facet normal -0 0 -1
    outer loop
      vertex -89.9431 47.9256 -1.6
      vertex -90.0881 27.6281 -1.6
      vertex -90.0881 48.3719 -1.6
    endloop
  endfacet
  facet normal 0 0 -1
    outer loop
      vertex -89.3 12 -1.6
      vertex -86.9722 -0.544928 -1.6
      vertex -87.2374 -0.762563 -1.6
    endloop
  endfacet
  facet normal 0 0 -1
    outer loop
      vertex -86.9722 -0.544928 -1.6
      vertex -87.2701 26.7124 -1.6
      vertex -87.1251 27.1587 -1.6
    endloop
  endfacet
  facet normal 0 0 -1
    outer loop
      vertex -89.3 12 -1.6
      vertex -87.2374 -0.762563 -1.6
      vertex -87.4551 -1.02775 -1.6
    endloop
  endfacet
  facet normal 0 0 -1
    outer loop
      vertex -89.3 12 -1.6
      vertex -87.2701 26.7124 -1.6
      vertex -86.9722 -0.544928 -1.6
    endloop
  endfacet
  facet normal 0 0 -1
    outer loop
      vertex -89.3 12 -1.6
      vertex -87.4551 -1.02775 -1.6
      vertex -87.6168 -1.3303 -1.6
    endloop
  endfacet
  facet normal 0 0 -1
    outer loop
      vertex -89.3 12 -1.6
      vertex -87.6168 -1.3303 -1.6
      vertex -87.7164 -1.65859 -1.6
    endloop
  endfacet
  facet normal 0 0 -1
    outer loop
      vertex -89.3 12 -1.6
      vertex -87.7164 -1.65859 -1.6
      vertex -87.75 -2 -1.6
    endloop
  endfacet
  facet normal 0 0 -1
    outer loop
      vertex -89.3327 12.3317 -1.6
      vertex -87.2701 26.7124 -1.6
      vertex -89.3 12 -1.6
    endloop
  endfacet
  facet normal 0 0 -1
    outer loop
      vertex -89.3327 -11.6683 -1.6
      vertex -87.75 -12 -1.6
      vertex -89.3 -12 -1.6
    endloop
  endfacet
  facet normal 0 0 -1
    outer loop
      vertex -89.7979 -13.2021 -1.6
      vertex -87.7654 -16.1522 -1.6
      vertex -88.1111 -16.3371 -1.6
    endloop
  endfacet
  facet normal 0 0 -1
    outer loop
      vertex -89.4294 -11.3494 -1.6
      vertex -87.75 -12 -1.6
      vertex -89.3327 -11.6683 -1.6
    endloop
  endfacet
  facet normal 0 0 -1
    outer loop
      vertex -90.3494 -13.5706 -1.6
      vertex -88.1111 -16.3371 -1.6
      vertex -88.4142 -16.5858 -1.6
    endloop
  endfacet
  facet normal 0 0 -1
    outer loop
      vertex -90.6684 -13.6673 -1.6
      vertex -88.4142 -16.5858 -1.6
      vertex -88.6629 -16.8889 -1.6
    endloop
  endfacet
  facet normal 0 0 -1
    outer loop
      vertex -89.4294 12.6506 -1.6
      vertex -87.2701 26.7124 -1.6
      vertex -89.3327 12.3317 -1.6
    endloop
  endfacet
  facet normal 0 0 -1
    outer loop
      vertex -91 -13.7 -1.6
      vertex -88.6629 -16.8889 -1.6
      vertex -88.8478 -17.2346 -1.6
    endloop
  endfacet
  facet normal 0 0 -1
    outer loop
      vertex -91 -13.7 -1.6
      vertex -88.8478 -17.2346 -1.6
      vertex -88.9616 -17.6098 -1.6
    endloop
  endfacet
  facet normal 0 0 -1
    outer loop
      vertex -91 -13.7 -1.6
      vertex -88.9616 -17.6098 -1.6
      vertex -89 -18 -1.6
    endloop
  endfacet
  facet normal 0 0 -1
    outer loop
      vertex -87.2701 26.7124 -1.6
      vertex -89.4294 12.6506 -1.6
      vertex -87.5459 26.3327 -1.6
    endloop
  endfacet
  facet normal 0 0 -1
    outer loop
      vertex -84.5734 37.5365 -1.6
      vertex -79.8478 37.2346 -1.6
      vertex -82.9759 33.6797 -1.6
    endloop
  endfacet
  facet normal 0 0 -1
    outer loop
      vertex -80 38 -1.6
      vertex -82.3203 42.9759 -1.6
      vertex -82.1753 43.4222 -1.6
    endloop
  endfacet
  facet normal 0 0 -1
    outer loop
      vertex -79.8478 37.2346 -1.6
      vertex -84.5734 37.5365 -1.6
      vertex -79.9616 37.6098 -1.6
    endloop
  endfacet
  facet normal 0 0 -1
    outer loop
      vertex -80 38 -1.6
      vertex -82.5962 42.5962 -1.6
      vertex -82.3203 42.9759 -1.6
    endloop
  endfacet
  facet normal 0 -0 -1
    outer loop
      vertex -84.5 38 -1.6
      vertex -79.9616 37.6098 -1.6
      vertex -84.5734 37.5365 -1.6
    endloop
  endfacet
  facet normal 0 0 -1
    outer loop
      vertex -84.5734 38.4635 -1.6
      vertex -80 38 -1.6
      vertex -84.5 38 -1.6
    endloop
  endfacet
  facet normal 0 0 -1
    outer loop
      vertex -84.5734 37.5365 -1.6
      vertex -82.9759 33.6797 -1.6
      vertex -83.4222 33.8247 -1.6
    endloop
  endfacet
  facet normal 0 0 -1
    outer loop
      vertex -80 38 -1.6
      vertex -82.9759 42.3203 -1.6
      vertex -82.5962 42.5962 -1.6
    endloop
  endfacet
  facet normal 0 0 -1
    outer loop
      vertex -84.7865 37.1183 -1.6
      vertex -83.4222 33.8247 -1.6
      vertex -83.8915 33.8247 -1.6
    endloop
  endfacet
  facet normal 0 0 -1
    outer loop
      vertex -80 38 -1.6
      vertex -84.5734 38.4635 -1.6
      vertex -82.9759 42.3203 -1.6
    endloop
  endfacet
  facet normal 0 0 -1
    outer loop
      vertex -85.1183 36.7865 -1.6
      vertex -83.8915 33.8247 -1.6
      vertex -84.3378 33.6797 -1.6
    endloop
  endfacet
  facet normal 0 0 -1
    outer loop
      vertex -82.9759 42.3203 -1.6
      vertex -84.5734 38.4635 -1.6
      vertex -83.4222 42.1753 -1.6
    endloop
  endfacet
  facet normal 0 0 -1
    outer loop
      vertex -84.7865 38.8817 -1.6
      vertex -83.4222 42.1753 -1.6
      vertex -84.5734 38.4635 -1.6
    endloop
  endfacet
  facet normal 0 0 -1
    outer loop
      vertex -79.9616 37.6098 -1.6
      vertex -84.5 38 -1.6
      vertex -80 38 -1.6
    endloop
  endfacet
  facet normal 0 0 -1
    outer loop
      vertex -85.5365 36.5734 -1.6
      vertex -84.3378 33.6797 -1.6
      vertex -84.7175 33.4038 -1.6
    endloop
  endfacet
  facet normal 0 0 -1
    outer loop
      vertex -83.4222 33.8247 -1.6
      vertex -84.7865 37.1183 -1.6
      vertex -84.5734 37.5365 -1.6
    endloop
  endfacet
  facet normal 0 0 -1
    outer loop
      vertex -86 36.5 -1.6
      vertex -84.7175 33.4038 -1.6
      vertex -84.9934 33.0241 -1.6
    endloop
  endfacet
  facet normal 0 0 -1
    outer loop
      vertex -83.8915 33.8247 -1.6
      vertex -85.1183 36.7865 -1.6
      vertex -84.7865 37.1183 -1.6
    endloop
  endfacet
  facet normal 0 0 -1
    outer loop
      vertex -86.4635 36.5734 -1.6
      vertex -84.9934 33.0241 -1.6
      vertex -85.1384 32.5778 -1.6
    endloop
  endfacet
  facet normal 0 0 -1
    outer loop
      vertex -87.5459 28.4541 -1.6
      vertex -84.7175 31.2825 -1.6
      vertex -87.2701 28.0744 -1.6
    endloop
  endfacet
  facet normal -0 0 -1
    outer loop
      vertex -84.7175 31.2825 -1.6
      vertex -87.5459 28.4541 -1.6
      vertex -84.9934 31.6622 -1.6
    endloop
  endfacet
  facet normal 0 0 -1
    outer loop
      vertex -87.1251 27.1587 -1.6
      vertex -85.3303 -0.38321 -1.6
      vertex -85.6586 -0.283626 -1.6
    endloop
  endfacet
  facet normal 0 0 -1
    outer loop
      vertex -87.1251 27.1587 -1.6
      vertex -85.6586 -0.283626 -1.6
      vertex -86 -0.25 -1.6
    endloop
  endfacet
  facet normal 0 0 -1
    outer loop
      vertex -87.9256 28.7299 -1.6
      vertex -84.9934 31.6622 -1.6
      vertex -87.5459 28.4541 -1.6
    endloop
  endfacet
  facet normal 0 0 -1
    outer loop
      vertex -87.1251 27.1587 -1.6
      vertex -86 -0.25 -1.6
      vertex -86.3414 -0.283626 -1.6
    endloop
  endfacet
  facet normal -0 0 -1
    outer loop
      vertex -84.9934 31.6622 -1.6
      vertex -87.9256 28.7299 -1.6
      vertex -85.1384 32.1085 -1.6
    endloop
  endfacet
  facet normal 0 0 -1
    outer loop
      vertex -87.1251 27.1587 -1.6
      vertex -86.3414 -0.283626 -1.6
      vertex -86.6697 -0.38321 -1.6
    endloop
  endfacet
  facet normal 0 0 -1
    outer loop
      vertex -84.3378 33.6797 -1.6
      vertex -85.5365 36.5734 -1.6
      vertex -85.1183 36.7865 -1.6
    endloop
  endfacet
  facet normal 0 0 -1
    outer loop
      vertex -87.1251 27.1587 -1.6
      vertex -86.6697 -0.38321 -1.6
      vertex -86.9722 -0.544928 -1.6
    endloop
  endfacet
  facet normal 0 0 -1
    outer loop
      vertex -88.3719 28.8749 -1.6
      vertex -85.1384 32.1085 -1.6
      vertex -87.9256 28.7299 -1.6
    endloop
  endfacet
  facet normal 0 0 -1
    outer loop
      vertex -84.7175 33.4038 -1.6
      vertex -86 36.5 -1.6
      vertex -85.5365 36.5734 -1.6
    endloop
  endfacet
  facet normal 0 0 -1
    outer loop
      vertex -84.9934 33.0241 -1.6
      vertex -86.4635 36.5734 -1.6
      vertex -86 36.5 -1.6
    endloop
  endfacet
  facet normal 0 0 -1
    outer loop
      vertex -85.1384 32.5778 -1.6
      vertex -86.8817 36.7865 -1.6
      vertex -86.4635 36.5734 -1.6
    endloop
  endfacet
  facet normal -0 0 -1
    outer loop
      vertex -85.1384 32.1085 -1.6
      vertex -88.3719 28.8749 -1.6
      vertex -85.1384 32.5778 -1.6
    endloop
  endfacet
  facet normal 0 0 -1
    outer loop
      vertex -88.8413 28.8749 -1.6
      vertex -85.1384 32.5778 -1.6
      vertex -88.3719 28.8749 -1.6
    endloop
  endfacet
  facet normal -0 0 -1
    outer loop
      vertex -85.1384 32.5778 -1.6
      vertex -88.8413 28.8749 -1.6
      vertex -86.8817 36.7865 -1.6
    endloop
  endfacet
  facet normal 0 0 -1
    outer loop
      vertex -85.0278 -0.544928 -1.6
      vertex -78 21.5 -1.6
      vertex -84.7626 -0.762563 -1.6
    endloop
  endfacet
  facet normal 0 0 -1
    outer loop
      vertex -85.3303 -0.38321 -1.6
      vertex -78 21.5 -1.6
      vertex -85.0278 -0.544928 -1.6
    endloop
  endfacet
  facet normal -0 0 -1
    outer loop
      vertex -78 21.5 -1.6
      vertex -85.3303 -0.38321 -1.6
      vertex -78.4635 21.5734 -1.6
    endloop
  endfacet
  facet normal -0 0 -1
    outer loop
      vertex -78.4635 21.5734 -1.6
      vertex -85.3303 -0.38321 -1.6
      vertex -78.8817 21.7865 -1.6
    endloop
  endfacet
  facet normal -0 0 -1
    outer loop
      vertex -78.8817 21.7865 -1.6
      vertex -85.3303 -0.38321 -1.6
      vertex -79.2135 22.1183 -1.6
    endloop
  endfacet
  facet normal 0 0 -1
    outer loop
      vertex -87.1251 27.1587 -1.6
      vertex -79.2135 22.1183 -1.6
      vertex -85.3303 -0.38321 -1.6
    endloop
  endfacet
  facet normal 0 0 -1
    outer loop
      vertex -79.2135 22.1183 -1.6
      vertex -87.1251 27.1587 -1.6
      vertex -79.4266 22.5365 -1.6
    endloop
  endfacet
  facet normal -0 0 -1
    outer loop
      vertex -83.4222 30.8616 -1.6
      vertex -87.1251 27.1587 -1.6
      vertex -83.8915 30.8616 -1.6
    endloop
  endfacet
  facet normal 0 0 -1
    outer loop
      vertex -87.1251 27.6281 -1.6
      vertex -83.8915 30.8616 -1.6
      vertex -87.1251 27.1587 -1.6
    endloop
  endfacet
  facet normal -0 0 -1
    outer loop
      vertex -83.8915 30.8616 -1.6
      vertex -87.1251 27.6281 -1.6
      vertex -84.3378 31.0066 -1.6
    endloop
  endfacet
  facet normal -0 0 -1
    outer loop
      vertex -84.3378 31.0066 -1.6
      vertex -87.2701 28.0744 -1.6
      vertex -84.7175 31.2825 -1.6
    endloop
  endfacet
  facet normal 0 0 -1
    outer loop
      vertex -87.2701 28.0744 -1.6
      vertex -84.3378 31.0066 -1.6
      vertex -87.1251 27.6281 -1.6
    endloop
  endfacet
  facet normal -0 0 -1
    outer loop
      vertex -83.4222 42.1753 -1.6
      vertex -84.7865 38.8817 -1.6
      vertex -83.8915 42.1753 -1.6
    endloop
  endfacet
  facet normal 0 0 -1
    outer loop
      vertex -85.1183 39.2135 -1.6
      vertex -83.8915 42.1753 -1.6
      vertex -84.7865 38.8817 -1.6
    endloop
  endfacet
  facet normal -0 0 -1
    outer loop
      vertex -83.8915 42.1753 -1.6
      vertex -85.1183 39.2135 -1.6
      vertex -84.3378 42.3203 -1.6
    endloop
  endfacet
  facet normal 0 0 -1
    outer loop
      vertex -85.5365 39.4266 -1.6
      vertex -84.3378 42.3203 -1.6
      vertex -85.1183 39.2135 -1.6
    endloop
  endfacet
  facet normal -0 0 -1
    outer loop
      vertex -84.3378 42.3203 -1.6
      vertex -85.5365 39.4266 -1.6
      vertex -84.7175 42.5962 -1.6
    endloop
  endfacet
  facet normal 0 0 -1
    outer loop
      vertex -86 39.5 -1.6
      vertex -84.7175 42.5962 -1.6
      vertex -85.5365 39.4266 -1.6
    endloop
  endfacet
  facet normal 0 0 -1
    outer loop
      vertex -86.4635 39.4266 -1.6
      vertex -84.9934 42.9759 -1.6
      vertex -86 39.5 -1.6
    endloop
  endfacet
  facet normal -0 0 -1
    outer loop
      vertex -84.7175 42.5962 -1.6
      vertex -86 39.5 -1.6
      vertex -84.9934 42.9759 -1.6
    endloop
  endfacet
  facet normal 0 0 -1
    outer loop
      vertex -72.5778 45.1384 -1.6
      vertex -76.7865 46.8817 -1.6
      vertex -68.8749 48.8413 -1.6
    endloop
  endfacet
  facet normal 0 0 -1
    outer loop
      vertex -68.8749 48.8413 -1.6
      vertex -76.5734 52.5365 -1.6
      vertex -76.5 53 -1.6
    endloop
  endfacet
  facet normal 0 0 -1
    outer loop
      vertex -76.7865 52.1183 -1.6
      vertex -68.8749 48.8413 -1.6
      vertex -76.7865 46.8817 -1.6
    endloop
  endfacet
  facet normal 0 0 -1
    outer loop
      vertex -68.8749 48.8413 -1.6
      vertex -76.7865 52.1183 -1.6
      vertex -76.5734 52.5365 -1.6
    endloop
  endfacet
  facet normal 0 0 -1
    outer loop
      vertex -77.1183 47.2135 -1.6
      vertex -76.7865 52.1183 -1.6
      vertex -76.7865 46.8817 -1.6
    endloop
  endfacet
  facet normal 0 0 -1
    outer loop
      vertex -77.1183 47.2135 -1.6
      vertex -77.1183 51.7865 -1.6
      vertex -76.7865 52.1183 -1.6
    endloop
  endfacet
  facet normal 0 0 -1
    outer loop
      vertex -77.5365 47.4266 -1.6
      vertex -77.1183 51.7865 -1.6
      vertex -77.1183 47.2135 -1.6
    endloop
  endfacet
  facet normal 0 0 -1
    outer loop
      vertex -77.5365 47.4266 -1.6
      vertex -77.5365 51.5734 -1.6
      vertex -77.1183 51.7865 -1.6
    endloop
  endfacet
  facet normal 0 0 -1
    outer loop
      vertex -78 47.5 -1.6
      vertex -77.5365 51.5734 -1.6
      vertex -77.5365 47.4266 -1.6
    endloop
  endfacet
  facet normal 0 0 -1
    outer loop
      vertex -78 47.5 -1.6
      vertex -78 51.5 -1.6
      vertex -77.5365 51.5734 -1.6
    endloop
  endfacet
  facet normal 0 0 -1
    outer loop
      vertex -78.4635 47.4266 -1.6
      vertex -78 51.5 -1.6
      vertex -78 47.5 -1.6
    endloop
  endfacet
  facet normal 0 0 -1
    outer loop
      vertex -78.4635 47.4266 -1.6
      vertex -78.4635 51.5734 -1.6
      vertex -78 51.5 -1.6
    endloop
  endfacet
  facet normal 0 0 -1
    outer loop
      vertex -78.8817 47.2135 -1.6
      vertex -78.4635 51.5734 -1.6
      vertex -78.4635 47.4266 -1.6
    endloop
  endfacet
  facet normal 0 0 -1
    outer loop
      vertex -78.8817 47.2135 -1.6
      vertex -78.8817 51.7865 -1.6
      vertex -78.4635 51.5734 -1.6
    endloop
  endfacet
  facet normal 0 0 -1
    outer loop
      vertex -79.2135 46.8817 -1.6
      vertex -78.8817 51.7865 -1.6
      vertex -78.8817 47.2135 -1.6
    endloop
  endfacet
  facet normal 0 0 -1
    outer loop
      vertex -79.2135 46.8817 -1.6
      vertex -79.2135 52.1183 -1.6
      vertex -78.8817 51.7865 -1.6
    endloop
  endfacet
  facet normal 0 0 -1
    outer loop
      vertex -83.4222 45.1384 -1.6
      vertex -79.2135 46.8817 -1.6
      vertex -79.4266 46.4635 -1.6
    endloop
  endfacet
  facet normal -0 0 -1
    outer loop
      vertex -79.2135 46.8817 -1.6
      vertex -83.4222 45.1384 -1.6
      vertex -79.2135 52.1183 -1.6
    endloop
  endfacet
  facet normal 0 0 -1
    outer loop
      vertex -82.9759 44.9934 -1.6
      vertex -79.4266 46.4635 -1.6
      vertex -79.5 46 -1.6
    endloop
  endfacet
  facet normal 0 0 -1
    outer loop
      vertex -87.1251 48.8413 -1.6
      vertex -79.2135 52.1183 -1.6
      vertex -83.4222 45.1384 -1.6
    endloop
  endfacet
  facet normal 0 0 -1
    outer loop
      vertex -73.6797 44.3378 -1.6
      vertex -76.5734 45.5365 -1.6
      vertex -76.5 46 -1.6
    endloop
  endfacet
  facet normal 0 0 -1
    outer loop
      vertex -77.2346 39.8478 -1.6
      vertex -73.6797 42.9759 -1.6
      vertex -76.8889 39.6629 -1.6
    endloop
  endfacet
  facet normal 0 0 -1
    outer loop
      vertex -73.8247 43.4222 -1.6
      vertex -76.7865 45.1183 -1.6
      vertex -76.5734 45.5365 -1.6
    endloop
  endfacet
  facet normal 0 0 -1
    outer loop
      vertex -77.5365 44.5734 -1.6
      vertex -73.6797 42.9759 -1.6
      vertex -77.2346 39.8478 -1.6
    endloop
  endfacet
  facet normal 0 0 -1
    outer loop
      vertex -73.8247 43.4222 -1.6
      vertex -77.1183 44.7865 -1.6
      vertex -76.7865 45.1183 -1.6
    endloop
  endfacet
  facet normal 0 0 -1
    outer loop
      vertex -73.6797 42.9759 -1.6
      vertex -77.5365 44.5734 -1.6
      vertex -73.8247 43.4222 -1.6
    endloop
  endfacet
  facet normal 0 0 -1
    outer loop
      vertex -73.8247 43.4222 -1.6
      vertex -77.5365 44.5734 -1.6
      vertex -77.1183 44.7865 -1.6
    endloop
  endfacet
  facet normal 0 0 -1
    outer loop
      vertex -77.6098 39.9616 -1.6
      vertex -77.5365 44.5734 -1.6
      vertex -77.2346 39.8478 -1.6
    endloop
  endfacet
  facet normal 0 0 -1
    outer loop
      vertex -78 44.5 -1.6
      vertex -77.6098 39.9616 -1.6
      vertex -78 40 -1.6
    endloop
  endfacet
  facet normal 0 0 -1
    outer loop
      vertex -77.6098 39.9616 -1.6
      vertex -78 44.5 -1.6
      vertex -77.5365 44.5734 -1.6
    endloop
  endfacet
  facet normal 0 0 -1
    outer loop
      vertex -78.3902 39.9616 -1.6
      vertex -78 44.5 -1.6
      vertex -78 40 -1.6
    endloop
  endfacet
  facet normal 0 0 -1
    outer loop
      vertex -78.3902 39.9616 -1.6
      vertex -78.4635 44.5734 -1.6
      vertex -78 44.5 -1.6
    endloop
  endfacet
  facet normal 0 0 -1
    outer loop
      vertex -78.7654 39.8478 -1.6
      vertex -78.4635 44.5734 -1.6
      vertex -78.3902 39.9616 -1.6
    endloop
  endfacet
  facet normal 0 0 -1
    outer loop
      vertex -82.1753 43.4222 -1.6
      vertex -78.4635 44.5734 -1.6
      vertex -78.7654 39.8478 -1.6
    endloop
  endfacet
  facet normal 0 0 -1
    outer loop
      vertex -82.1753 43.4222 -1.6
      vertex -78.7654 39.8478 -1.6
      vertex -79.1111 39.6629 -1.6
    endloop
  endfacet
  facet normal -0 0 -1
    outer loop
      vertex -78.4635 44.5734 -1.6
      vertex -82.1753 43.4222 -1.6
      vertex -78.8817 44.7865 -1.6
    endloop
  endfacet
  facet normal 0 0 -1
    outer loop
      vertex -82.1753 43.4222 -1.6
      vertex -79.1111 39.6629 -1.6
      vertex -79.4142 39.4142 -1.6
    endloop
  endfacet
  facet normal -0 0 -1
    outer loop
      vertex -78.8817 44.7865 -1.6
      vertex -82.1753 43.4222 -1.6
      vertex -79.2135 45.1183 -1.6
    endloop
  endfacet
  facet normal 0 0 -1
    outer loop
      vertex -82.1753 43.8915 -1.6
      vertex -79.2135 45.1183 -1.6
      vertex -82.1753 43.4222 -1.6
    endloop
  endfacet
  facet normal -0 0 -1
    outer loop
      vertex -79.2135 45.1183 -1.6
      vertex -82.1753 43.8915 -1.6
      vertex -79.4266 45.5365 -1.6
    endloop
  endfacet
  facet normal 0 0 -1
    outer loop
      vertex -82.1753 43.4222 -1.6
      vertex -79.4142 39.4142 -1.6
      vertex -79.6629 39.1111 -1.6
    endloop
  endfacet
  facet normal -0 0 -1
    outer loop
      vertex -68.8749 27.1587 -1.6
      vertex -76.7865 23.8817 -1.6
      vertex -72.5778 30.8616 -1.6
    endloop
  endfacet
  facet normal 0 0 -1
    outer loop
      vertex -72.5778 30.8616 -1.6
      vertex -76.5734 29.5365 -1.6
      vertex -76.5 30 -1.6
    endloop
  endfacet
  facet normal 0 0 -1
    outer loop
      vertex -76.7865 29.1183 -1.6
      vertex -72.5778 30.8616 -1.6
      vertex -76.7865 23.8817 -1.6
    endloop
  endfacet
  facet normal 0 0 -1
    outer loop
      vertex -72.5778 30.8616 -1.6
      vertex -76.7865 29.1183 -1.6
      vertex -76.5734 29.5365 -1.6
    endloop
  endfacet
  facet normal 0 0 -1
    outer loop
      vertex -77.1183 24.2135 -1.6
      vertex -76.7865 29.1183 -1.6
      vertex -76.7865 23.8817 -1.6
    endloop
  endfacet
  facet normal 0 0 -1
    outer loop
      vertex -77.1183 24.2135 -1.6
      vertex -77.1183 28.7865 -1.6
      vertex -76.7865 29.1183 -1.6
    endloop
  endfacet
  facet normal 0 0 -1
    outer loop
      vertex -77.5365 24.4266 -1.6
      vertex -77.1183 28.7865 -1.6
      vertex -77.1183 24.2135 -1.6
    endloop
  endfacet
  facet normal 0 0 -1
    outer loop
      vertex -77.5365 24.4266 -1.6
      vertex -77.5365 28.5734 -1.6
      vertex -77.1183 28.7865 -1.6
    endloop
  endfacet
  facet normal 0 0 -1
    outer loop
      vertex -78 24.5 -1.6
      vertex -77.5365 28.5734 -1.6
      vertex -77.5365 24.4266 -1.6
    endloop
  endfacet
  facet normal 0 0 -1
    outer loop
      vertex -78 24.5 -1.6
      vertex -78 28.5 -1.6
      vertex -77.5365 28.5734 -1.6
    endloop
  endfacet
  facet normal 0 0 -1
    outer loop
      vertex -78.4635 24.4266 -1.6
      vertex -78 28.5 -1.6
      vertex -78 24.5 -1.6
    endloop
  endfacet
  facet normal 0 0 -1
    outer loop
      vertex -78.4635 24.4266 -1.6
      vertex -78.4635 28.5734 -1.6
      vertex -78 28.5 -1.6
    endloop
  endfacet
  facet normal 0 0 -1
    outer loop
      vertex -78.8817 24.2135 -1.6
      vertex -78.4635 28.5734 -1.6
      vertex -78.4635 24.4266 -1.6
    endloop
  endfacet
  facet normal 0 0 -1
    outer loop
      vertex -78.8817 24.2135 -1.6
      vertex -78.8817 28.7865 -1.6
      vertex -78.4635 28.5734 -1.6
    endloop
  endfacet
  facet normal 0 0 -1
    outer loop
      vertex -79.2135 23.8817 -1.6
      vertex -78.8817 28.7865 -1.6
      vertex -78.8817 24.2135 -1.6
    endloop
  endfacet
  facet normal 0 0 -1
    outer loop
      vertex -79.2135 23.8817 -1.6
      vertex -79.2135 29.1183 -1.6
      vertex -78.8817 28.7865 -1.6
    endloop
  endfacet
  facet normal 0 0 -1
    outer loop
      vertex -87.1251 27.1587 -1.6
      vertex -79.2135 23.8817 -1.6
      vertex -79.4266 23.4635 -1.6
    endloop
  endfacet
  facet normal 0 0 -1
    outer loop
      vertex -79.2135 23.8817 -1.6
      vertex -83.4222 30.8616 -1.6
      vertex -79.2135 29.1183 -1.6
    endloop
  endfacet
  facet normal 0 0 -1
    outer loop
      vertex -87.1251 27.1587 -1.6
      vertex -79.4266 23.4635 -1.6
      vertex -79.5 23 -1.6
    endloop
  endfacet
  facet normal 0 0 -1
    outer loop
      vertex -79.2135 29.1183 -1.6
      vertex -83.4222 30.8616 -1.6
      vertex -79.4266 29.5365 -1.6
    endloop
  endfacet
  facet normal 0 0 -1
    outer loop
      vertex -76.7865 30.8817 -1.6
      vertex -73.8247 32.1085 -1.6
      vertex -76.5734 30.4635 -1.6
    endloop
  endfacet
  facet normal -0 0 -1
    outer loop
      vertex -73.8247 32.1085 -1.6
      vertex -76.7865 30.8817 -1.6
      vertex -73.8247 32.5778 -1.6
    endloop
  endfacet
  facet normal 0 0 -1
    outer loop
      vertex -77.1183 31.2135 -1.6
      vertex -73.8247 32.5778 -1.6
      vertex -76.7865 30.8817 -1.6
    endloop
  endfacet
  facet normal 0 0 -1
    outer loop
      vertex -73.8247 32.5778 -1.6
      vertex -76.5858 36.5858 -1.6
      vertex -76.3371 36.8889 -1.6
    endloop
  endfacet
  facet normal 0 0 -1
    outer loop
      vertex -77.5365 31.4266 -1.6
      vertex -73.8247 32.5778 -1.6
      vertex -77.1183 31.2135 -1.6
    endloop
  endfacet
  facet normal 0 0 -1
    outer loop
      vertex -73.8247 32.5778 -1.6
      vertex -76.8889 36.3371 -1.6
      vertex -76.5858 36.5858 -1.6
    endloop
  endfacet
  facet normal 0 0 -1
    outer loop
      vertex -73.8247 32.5778 -1.6
      vertex -77.2346 36.1522 -1.6
      vertex -76.8889 36.3371 -1.6
    endloop
  endfacet
  facet normal -0 0 -1
    outer loop
      vertex -73.8247 32.5778 -1.6
      vertex -77.5365 31.4266 -1.6
      vertex -77.2346 36.1522 -1.6
    endloop
  endfacet
  facet normal 0 0 -1
    outer loop
      vertex -77.5365 31.4266 -1.6
      vertex -77.6098 36.0384 -1.6
      vertex -77.2346 36.1522 -1.6
    endloop
  endfacet
  facet normal 0 0 -1
    outer loop
      vertex -78 31.5 -1.6
      vertex -77.6098 36.0384 -1.6
      vertex -77.5365 31.4266 -1.6
    endloop
  endfacet
  facet normal 0 0 -1
    outer loop
      vertex -78 31.5 -1.6
      vertex -78 36 -1.6
      vertex -77.6098 36.0384 -1.6
    endloop
  endfacet
  facet normal 0 0 -1
    outer loop
      vertex -78 31.5 -1.6
      vertex -78.3902 36.0384 -1.6
      vertex -78 36 -1.6
    endloop
  endfacet
  facet normal 0 0 -1
    outer loop
      vertex -78.4635 31.4266 -1.6
      vertex -78.3902 36.0384 -1.6
      vertex -78 31.5 -1.6
    endloop
  endfacet
  facet normal 0 0 -1
    outer loop
      vertex -78.4635 31.4266 -1.6
      vertex -78.7654 36.1522 -1.6
      vertex -78.3902 36.0384 -1.6
    endloop
  endfacet
  facet normal 0 0 -1
    outer loop
      vertex -82.1753 32.5778 -1.6
      vertex -78.4635 31.4266 -1.6
      vertex -78.8817 31.2135 -1.6
    endloop
  endfacet
  facet normal 0 0 -1
    outer loop
      vertex -82.3203 33.0241 -1.6
      vertex -78.4635 31.4266 -1.6
      vertex -82.1753 32.5778 -1.6
    endloop
  endfacet
  facet normal 0 0 -1
    outer loop
      vertex -82.1753 32.5778 -1.6
      vertex -78.8817 31.2135 -1.6
      vertex -79.2135 30.8817 -1.6
    endloop
  endfacet
  facet normal 0 0 -1
    outer loop
      vertex -78.4635 31.4266 -1.6
      vertex -82.3203 33.0241 -1.6
      vertex -78.7654 36.1522 -1.6
    endloop
  endfacet
  facet normal 0 0 -1
    outer loop
      vertex -82.1753 32.1085 -1.6
      vertex -79.2135 30.8817 -1.6
      vertex -79.4266 30.4635 -1.6
    endloop
  endfacet
  facet normal 0 0 -1
    outer loop
      vertex -82.3203 31.6622 -1.6
      vertex -79.4266 30.4635 -1.6
      vertex -79.5 30 -1.6
    endloop
  endfacet
  facet normal -0 0 -1
    outer loop
      vertex -78.7654 36.1522 -1.6
      vertex -82.3203 33.0241 -1.6
      vertex -79.1111 36.3371 -1.6
    endloop
  endfacet
  facet normal 0 0 -1
    outer loop
      vertex -77.3371 -16.8889 -1.6
      vertex -66.7124 26.0569 -1.6
      vertex -77.1522 -17.2346 -1.6
    endloop
  endfacet
  facet normal 0 0 -1
    outer loop
      vertex -77.5858 -16.5858 -1.6
      vertex -66.7124 26.0569 -1.6
      vertex -77.3371 -16.8889 -1.6
    endloop
  endfacet
  facet normal 0 0 -1
    outer loop
      vertex -84.2836 -1.65859 -1.6
      vertex -77.5858 -16.5858 -1.6
      vertex -84.25 -2 -1.6
    endloop
  endfacet
  facet normal 0 0 -1
    outer loop
      vertex -84.25 -2 -1.6
      vertex -77.5858 -16.5858 -1.6
      vertex -77.8889 -16.3371 -1.6
    endloop
  endfacet
  facet normal 0 0 -1
    outer loop
      vertex -67.1587 25.9119 -1.6
      vertex -77.1183 21.7865 -1.6
      vertex -76.7865 22.1183 -1.6
    endloop
  endfacet
  facet normal 0 0 -1
    outer loop
      vertex -77.5858 -16.5858 -1.6
      vertex -84.2836 -1.65859 -1.6
      vertex -66.7124 26.0569 -1.6
    endloop
  endfacet
  facet normal 0 0 -1
    outer loop
      vertex -66.7124 26.0569 -1.6
      vertex -84.2836 -1.65859 -1.6
      vertex -67.1587 25.9119 -1.6
    endloop
  endfacet
  facet normal 0 0 -1
    outer loop
      vertex -84.25 -2 -1.6
      vertex -77.8889 -16.3371 -1.6
      vertex -78.2346 -16.1522 -1.6
    endloop
  endfacet
  facet normal 0 0 -1
    outer loop
      vertex -78.6098 -16.0384 -1.6
      vertex -84.25 -2 -1.6
      vertex -78.2346 -16.1522 -1.6
    endloop
  endfacet
  facet normal 0 0 -1
    outer loop
      vertex -84.3832 -1.3303 -1.6
      vertex -67.1587 25.9119 -1.6
      vertex -84.2836 -1.65859 -1.6
    endloop
  endfacet
  facet normal 0 0 -1
    outer loop
      vertex -84.25 -2 -1.6
      vertex -78.6098 -16.0384 -1.6
      vertex -84.25 -12 -1.6
    endloop
  endfacet
  facet normal 0 0 -1
    outer loop
      vertex -67.1587 25.9119 -1.6
      vertex -84.3832 -1.3303 -1.6
      vertex -77.1183 21.7865 -1.6
    endloop
  endfacet
  facet normal 0 0 -1
    outer loop
      vertex -84.25 -12 -1.6
      vertex -78.6098 -16.0384 -1.6
      vertex -79 -16 -1.6
    endloop
  endfacet
  facet normal 0 0 -1
    outer loop
      vertex -77.1183 21.7865 -1.6
      vertex -84.3832 -1.3303 -1.6
      vertex -77.5365 21.5734 -1.6
    endloop
  endfacet
  facet normal 0 0 -1
    outer loop
      vertex -84.5449 -1.02775 -1.6
      vertex -77.5365 21.5734 -1.6
      vertex -84.3832 -1.3303 -1.6
    endloop
  endfacet
  facet normal 0 0 -1
    outer loop
      vertex -84.7626 -0.762563 -1.6
      vertex -77.5365 21.5734 -1.6
      vertex -84.5449 -1.02775 -1.6
    endloop
  endfacet
  facet normal 0 -0 -1
    outer loop
      vertex -82.9759 31.0066 -1.6
      vertex -79.4266 29.5365 -1.6
      vertex -83.4222 30.8616 -1.6
    endloop
  endfacet
  facet normal 0 0 -1
    outer loop
      vertex -79.2135 30.8817 -1.6
      vertex -82.1753 32.1085 -1.6
      vertex -82.1753 32.5778 -1.6
    endloop
  endfacet
  facet normal 0 0 -1
    outer loop
      vertex -77.5365 21.5734 -1.6
      vertex -84.7626 -0.762563 -1.6
      vertex -78 21.5 -1.6
    endloop
  endfacet
  facet normal 0 0 -1
    outer loop
      vertex -79.4266 30.4635 -1.6
      vertex -82.3203 31.6622 -1.6
      vertex -82.1753 32.1085 -1.6
    endloop
  endfacet
  facet normal 0 0 -1
    outer loop
      vertex -82.5962 33.4038 -1.6
      vertex -79.1111 36.3371 -1.6
      vertex -82.3203 33.0241 -1.6
    endloop
  endfacet
  facet normal -0 0 -1
    outer loop
      vertex -79.4142 36.5858 -1.6
      vertex -82.5962 33.4038 -1.6
      vertex -79.6629 36.8889 -1.6
    endloop
  endfacet
  facet normal -0 0 -1
    outer loop
      vertex -79.1111 36.3371 -1.6
      vertex -82.5962 33.4038 -1.6
      vertex -79.4142 36.5858 -1.6
    endloop
  endfacet
  facet normal 0 0 -1
    outer loop
      vertex -79.5 30 -1.6
      vertex -82.5962 31.2825 -1.6
      vertex -82.3203 31.6622 -1.6
    endloop
  endfacet
  facet normal 0 0 -1
    outer loop
      vertex -87.1251 27.1587 -1.6
      vertex -79.5 23 -1.6
      vertex -79.4266 22.5365 -1.6
    endloop
  endfacet
  facet normal 0 0 -1
    outer loop
      vertex -79.5 30 -1.6
      vertex -82.9759 31.0066 -1.6
      vertex -82.5962 31.2825 -1.6
    endloop
  endfacet
  facet normal 0 0 -1
    outer loop
      vertex -79.4266 29.5365 -1.6
      vertex -82.9759 31.0066 -1.6
      vertex -79.5 30 -1.6
    endloop
  endfacet
  facet normal 0 0 -1
    outer loop
      vertex -87.1251 27.1587 -1.6
      vertex -83.4222 30.8616 -1.6
      vertex -79.2135 23.8817 -1.6
    endloop
  endfacet
  facet normal 0 0 -1
    outer loop
      vertex -79 -16 -1.6
      vertex -84.2836 -12.3414 -1.6
      vertex -84.25 -12 -1.6
    endloop
  endfacet
  facet normal 0 0 -1
    outer loop
      vertex -79 -16 -1.6
      vertex -84.3832 -12.6697 -1.6
      vertex -84.2836 -12.3414 -1.6
    endloop
  endfacet
  facet normal 0 0 -1
    outer loop
      vertex -79 -16 -1.6
      vertex -84.5449 -12.9722 -1.6
      vertex -84.3832 -12.6697 -1.6
    endloop
  endfacet
  facet normal 0 0 -1
    outer loop
      vertex -79 -16 -1.6
      vertex -84.7626 -13.2374 -1.6
      vertex -84.5449 -12.9722 -1.6
    endloop
  endfacet
  facet normal 0 0 -1
    outer loop
      vertex -79 -16 -1.6
      vertex -85.0278 -13.4551 -1.6
      vertex -84.7626 -13.2374 -1.6
    endloop
  endfacet
  facet normal 0 0 -1
    outer loop
      vertex -87 -16 -1.6
      vertex -85.0278 -13.4551 -1.6
      vertex -79 -16 -1.6
    endloop
  endfacet
  facet normal 0 0 -1
    outer loop
      vertex -85.0278 -13.4551 -1.6
      vertex -87 -16 -1.6
      vertex -85.3303 -13.6168 -1.6
    endloop
  endfacet
  facet normal 0 0 -1
    outer loop
      vertex -85.3303 -13.6168 -1.6
      vertex -87 -16 -1.6
      vertex -85.6586 -13.7164 -1.6
    endloop
  endfacet
  facet normal 0 0 -1
    outer loop
      vertex -85.6586 -13.7164 -1.6
      vertex -87 -16 -1.6
      vertex -86 -13.75 -1.6
    endloop
  endfacet
  facet normal -0 0 -1
    outer loop
      vertex -86 -13.75 -1.6
      vertex -87 -16 -1.6
      vertex -86.3414 -13.7164 -1.6
    endloop
  endfacet
  facet normal -0 0 -1
    outer loop
      vertex -86.3414 -13.7164 -1.6
      vertex -87 -16 -1.6
      vertex -86.6697 -13.6168 -1.6
    endloop
  endfacet
  facet normal 0 0 -1
    outer loop
      vertex -87.3902 -16.0384 -1.6
      vertex -86.6697 -13.6168 -1.6
      vertex -87 -16 -1.6
    endloop
  endfacet
  facet normal -0 0 -1
    outer loop
      vertex -86.6697 -13.6168 -1.6
      vertex -87.3902 -16.0384 -1.6
      vertex -86.9722 -13.4551 -1.6
    endloop
  endfacet
  facet normal 0 0 -1
    outer loop
      vertex -87.7654 -16.1522 -1.6
      vertex -86.9722 -13.4551 -1.6
      vertex -87.3902 -16.0384 -1.6
    endloop
  endfacet
  facet normal -0 0 -1
    outer loop
      vertex -86.9722 -13.4551 -1.6
      vertex -87.7654 -16.1522 -1.6
      vertex -87.2374 -13.2374 -1.6
    endloop
  endfacet
  facet normal -0 0 -1
    outer loop
      vertex -87.2374 -13.2374 -1.6
      vertex -87.7654 -16.1522 -1.6
      vertex -87.4551 -12.9722 -1.6
    endloop
  endfacet
  facet normal 0 0 -1
    outer loop
      vertex -89.3 -12 -1.6
      vertex -87.4551 -12.9722 -1.6
      vertex -87.7654 -16.1522 -1.6
    endloop
  endfacet
  facet normal 0 0 -1
    outer loop
      vertex -87.4551 -12.9722 -1.6
      vertex -89.3 -12 -1.6
      vertex -87.6168 -12.6697 -1.6
    endloop
  endfacet
  facet normal 0 0 -1
    outer loop
      vertex -87.7164 -12.3414 -1.6
      vertex -89.3 -12 -1.6
      vertex -87.75 -12 -1.6
    endloop
  endfacet
  facet normal 0 0 -1
    outer loop
      vertex -87.6168 -12.6697 -1.6
      vertex -89.3 -12 -1.6
      vertex -87.7164 -12.3414 -1.6
    endloop
  endfacet
  facet normal 0 0 -1
    outer loop
      vertex -71.6622 42.3203 -1.6
      vertex -70.4635 39.4266 -1.6
      vertex -70.8817 39.2135 -1.6
    endloop
  endfacet
  facet normal 0 0 -1
    outer loop
      vertex -70.4635 39.4266 -1.6
      vertex -71.0066 42.9759 -1.6
      vertex -70.8616 43.4222 -1.6
    endloop
  endfacet
  facet normal 0 0 -1
    outer loop
      vertex -72.1085 42.1753 -1.6
      vertex -70.8817 39.2135 -1.6
      vertex -71.2135 38.8817 -1.6
    endloop
  endfacet
  facet normal 0 0 -1
    outer loop
      vertex -70.4635 39.4266 -1.6
      vertex -71.2825 42.5962 -1.6
      vertex -71.0066 42.9759 -1.6
    endloop
  endfacet
  facet normal 0 0 -1
    outer loop
      vertex -72.5778 42.1753 -1.6
      vertex -71.2135 38.8817 -1.6
      vertex -71.4266 38.4635 -1.6
    endloop
  endfacet
  facet normal 0 0 -1
    outer loop
      vertex -76.0384 38.3902 -1.6
      vertex -71.4266 38.4635 -1.6
      vertex -71.5 38 -1.6
    endloop
  endfacet
  facet normal 0 0 -1
    outer loop
      vertex -70.4635 39.4266 -1.6
      vertex -71.6622 42.3203 -1.6
      vertex -71.2825 42.5962 -1.6
    endloop
  endfacet
  facet normal -0 0 -1
    outer loop
      vertex -71.2135 37.1183 -1.6
      vertex -72.5778 33.8247 -1.6
      vertex -71.4266 37.5365 -1.6
    endloop
  endfacet
  facet normal 0 0 -1
    outer loop
      vertex -73.0241 33.6797 -1.6
      vertex -71.4266 37.5365 -1.6
      vertex -72.5778 33.8247 -1.6
    endloop
  endfacet
  facet normal 0 0 -1
    outer loop
      vertex -70.8817 39.2135 -1.6
      vertex -72.1085 42.1753 -1.6
      vertex -71.6622 42.3203 -1.6
    endloop
  endfacet
  facet normal 0 -0 -1
    outer loop
      vertex -76.0384 37.6098 -1.6
      vertex -71.4266 37.5365 -1.6
      vertex -76.1522 37.2346 -1.6
    endloop
  endfacet
  facet normal 0 0 -1
    outer loop
      vertex -76.0384 38.3902 -1.6
      vertex -71.5 38 -1.6
      vertex -76 38 -1.6
    endloop
  endfacet
  facet normal 0 0 -1
    outer loop
      vertex -71.4266 37.5365 -1.6
      vertex -73.0241 33.6797 -1.6
      vertex -76.1522 37.2346 -1.6
    endloop
  endfacet
  facet normal 0 0 -1
    outer loop
      vertex -71.2135 38.8817 -1.6
      vertex -72.5778 42.1753 -1.6
      vertex -72.1085 42.1753 -1.6
    endloop
  endfacet
  facet normal 0 0 -1
    outer loop
      vertex -76.3371 36.8889 -1.6
      vertex -73.0241 33.6797 -1.6
      vertex -73.4038 33.4038 -1.6
    endloop
  endfacet
  facet normal -0 0 -1
    outer loop
      vertex -71.4266 38.4635 -1.6
      vertex -76.0384 38.3902 -1.6
      vertex -76.1522 38.7654 -1.6
    endloop
  endfacet
  facet normal 0 0 -1
    outer loop
      vertex -76.3371 36.8889 -1.6
      vertex -73.4038 33.4038 -1.6
      vertex -73.6797 33.0241 -1.6
    endloop
  endfacet
  facet normal 0 -0 -1
    outer loop
      vertex -73.0241 42.3203 -1.6
      vertex -71.4266 38.4635 -1.6
      vertex -76.1522 38.7654 -1.6
    endloop
  endfacet
  facet normal 0 0 -1
    outer loop
      vertex -76.3371 36.8889 -1.6
      vertex -73.6797 33.0241 -1.6
      vertex -73.8247 32.5778 -1.6
    endloop
  endfacet
  facet normal 0 0 -1
    outer loop
      vertex -71.4266 38.4635 -1.6
      vertex -73.0241 42.3203 -1.6
      vertex -72.5778 42.1753 -1.6
    endloop
  endfacet
  facet normal 0 0 -1
    outer loop
      vertex -69.5365 36.5734 -1.6
      vertex -71.0066 33.0241 -1.6
      vertex -70 36.5 -1.6
    endloop
  endfacet
  facet normal 0 0 -1
    outer loop
      vertex -71.2825 33.4038 -1.6
      vertex -70 36.5 -1.6
      vertex -71.0066 33.0241 -1.6
    endloop
  endfacet
  facet normal -0 0 -1
    outer loop
      vertex -70 36.5 -1.6
      vertex -71.2825 33.4038 -1.6
      vertex -70.4635 36.5734 -1.6
    endloop
  endfacet
  facet normal 0 0 -1
    outer loop
      vertex -71.6622 33.6797 -1.6
      vertex -70.4635 36.5734 -1.6
      vertex -71.2825 33.4038 -1.6
    endloop
  endfacet
  facet normal -0 0 -1
    outer loop
      vertex -70.4635 36.5734 -1.6
      vertex -71.6622 33.6797 -1.6
      vertex -70.8817 36.7865 -1.6
    endloop
  endfacet
  facet normal 0 0 -1
    outer loop
      vertex -72.1085 33.8247 -1.6
      vertex -70.8817 36.7865 -1.6
      vertex -71.6622 33.6797 -1.6
    endloop
  endfacet
  facet normal -0 0 -1
    outer loop
      vertex -70.8817 36.7865 -1.6
      vertex -72.1085 33.8247 -1.6
      vertex -71.2135 37.1183 -1.6
    endloop
  endfacet
  facet normal 0 0 -1
    outer loop
      vertex -72.5778 33.8247 -1.6
      vertex -71.2135 37.1183 -1.6
      vertex -72.1085 33.8247 -1.6
    endloop
  endfacet
  facet normal 0 0 -1
    outer loop
      vertex -69.1183 36.7865 -1.6
      vertex -63.8817 36.7865 -1.6
      vertex -67.1587 28.8749 -1.6
    endloop
  endfacet
  facet normal 0 0 -1
    outer loop
      vertex -64.5 38 -1.6
      vertex -66.0569 47.9256 -1.6
      vertex -65.9119 48.3719 -1.6
    endloop
  endfacet
  facet normal 0 0 -1
    outer loop
      vertex -63.8817 36.7865 -1.6
      vertex -69.1183 36.7865 -1.6
      vertex -64.2135 37.1183 -1.6
    endloop
  endfacet
  facet normal 0 0 -1
    outer loop
      vertex -68.5734 38.4635 -1.6
      vertex -64.5 38 -1.6
      vertex -68.5 38 -1.6
    endloop
  endfacet
  facet normal 0 -0 -1
    outer loop
      vertex -68.7865 37.1183 -1.6
      vertex -64.2135 37.1183 -1.6
      vertex -69.1183 36.7865 -1.6
    endloop
  endfacet
  facet normal 0 0 -1
    outer loop
      vertex -64.5 38 -1.6
      vertex -66.3327 47.5459 -1.6
      vertex -66.0569 47.9256 -1.6
    endloop
  endfacet
  facet normal 0 0 -1
    outer loop
      vertex -64.2135 37.1183 -1.6
      vertex -68.7865 37.1183 -1.6
      vertex -64.4266 37.5365 -1.6
    endloop
  endfacet
  facet normal 0 0 -1
    outer loop
      vertex -68.7865 38.8817 -1.6
      vertex -64.5 38 -1.6
      vertex -68.5734 38.4635 -1.6
    endloop
  endfacet
  facet normal 0 0 -1
    outer loop
      vertex -70.8616 32.1085 -1.6
      vertex -67.1587 28.8749 -1.6
      vertex -67.6281 28.8749 -1.6
    endloop
  endfacet
  facet normal 0 0 -1
    outer loop
      vertex -64.5 38 -1.6
      vertex -66.7124 47.2701 -1.6
      vertex -66.3327 47.5459 -1.6
    endloop
  endfacet
  facet normal 0 0 -1
    outer loop
      vertex -70.8616 32.1085 -1.6
      vertex -67.6281 28.8749 -1.6
      vertex -68.0744 28.7299 -1.6
    endloop
  endfacet
  facet normal 0 0 -1
    outer loop
      vertex -69.1183 39.2135 -1.6
      vertex -64.5 38 -1.6
      vertex -68.7865 38.8817 -1.6
    endloop
  endfacet
  facet normal 0 0 -1
    outer loop
      vertex -71.0066 31.6622 -1.6
      vertex -68.0744 28.7299 -1.6
      vertex -68.4541 28.4541 -1.6
    endloop
  endfacet
  facet normal 0 0 -1
    outer loop
      vertex -64.5 38 -1.6
      vertex -67.1587 47.1251 -1.6
      vertex -66.7124 47.2701 -1.6
    endloop
  endfacet
  facet normal 0 0 -1
    outer loop
      vertex -64.5 38 -1.6
      vertex -69.1183 39.2135 -1.6
      vertex -67.1587 47.1251 -1.6
    endloop
  endfacet
  facet normal -0 0 -1
    outer loop
      vertex -64.5 38 -1.6
      vertex -68.5734 37.5365 -1.6
      vertex -68.5 38 -1.6
    endloop
  endfacet
  facet normal 0 0 -1
    outer loop
      vertex -71.2825 31.2825 -1.6
      vertex -68.4541 28.4541 -1.6
      vertex -68.7299 28.0744 -1.6
    endloop
  endfacet
  facet normal 0 0 -1
    outer loop
      vertex -64.4266 37.5365 -1.6
      vertex -68.5734 37.5365 -1.6
      vertex -64.5 38 -1.6
    endloop
  endfacet
  facet normal 0 0 -1
    outer loop
      vertex -71.6622 31.0066 -1.6
      vertex -68.7299 28.0744 -1.6
      vertex -68.8749 27.6281 -1.6
    endloop
  endfacet
  facet normal 0 -0 -1
    outer loop
      vertex -68.5734 37.5365 -1.6
      vertex -64.4266 37.5365 -1.6
      vertex -68.7865 37.1183 -1.6
    endloop
  endfacet
  facet normal 0 0 -1
    outer loop
      vertex 93.6269 19.7269 -1.6
      vertex 82.3731 19.7269 -1.6
      vertex 82.4 20 -1.6
    endloop
  endfacet
  facet normal 0 0 -1
    outer loop
      vertex 83.1797 -41.111 -1.6
      vertex 82.2934 19.4642 -1.6
      vertex 82.3731 19.7269 -1.6
    endloop
  endfacet
  facet normal 0 0 -1
    outer loop
      vertex 83.1797 -41.111 -1.6
      vertex 77.9616 -0.390181 -1.6
      vertex 82.2934 19.4642 -1.6
    endloop
  endfacet
  facet normal 0 0 -1
    outer loop
      vertex 66.8889 -1.66294 -1.6
      vertex 82.5328 -42.3212 -1.6
      vertex 82.1345 -43.6344 -1.6
    endloop
  endfacet
  facet normal 0 0 -1
    outer loop
      vertex -2.54493 -12.9722 -1.6
      vertex 82.1345 -43.6344 -1.6
      vertex 82 -45 -1.6
    endloop
  endfacet
  facet normal 0 -0 -1
    outer loop
      vertex 78 0 -1.6
      vertex 82.2934 19.4642 -1.6
      vertex 77.9616 -0.390181 -1.6
    endloop
  endfacet
  facet normal -0 0 -1
    outer loop
      vertex 4 -2 -1.6
      vertex -2.25 -12 -1.6
      vertex -2.25 -2 -1.6
    endloop
  endfacet
  facet normal 0 0 -1
    outer loop
      vertex -5.61679 -1.3303 -1.6
      vertex -5.66294 -1.11114 -1.6
      vertex -5.56405 -1.23164 -1.6
    endloop
  endfacet
  facet normal 0 0 -1
    outer loop
      vertex -5.71637 -1.65859 -1.6
      vertex -5.66294 -1.11114 -1.6
      vertex -5.61679 -1.3303 -1.6
    endloop
  endfacet
  facet normal 0 0 -1
    outer loop
      vertex -5.84776 -0.765367 -1.6
      vertex -5.71637 -1.65859 -1.6
      vertex -5.75 -2 -1.6
    endloop
  endfacet
  facet normal 0 0 -1
    outer loop
      vertex -5.71637 -1.65859 -1.6
      vertex -5.84776 -0.765367 -1.6
      vertex -5.66294 -1.11114 -1.6
    endloop
  endfacet
  facet normal 0 0 -1
    outer loop
      vertex -70.8616 43.4222 -1.6
      vertex -67.1587 47.1251 -1.6
      vertex -69.1183 39.2135 -1.6
    endloop
  endfacet
  facet normal -0 0 -1
    outer loop
      vertex -67.1587 47.1251 -1.6
      vertex -70.8616 43.4222 -1.6
      vertex -67.6281 47.1251 -1.6
    endloop
  endfacet
  facet normal 0 0 -1
    outer loop
      vertex -70.8616 43.8915 -1.6
      vertex -67.6281 47.1251 -1.6
      vertex -70.8616 43.4222 -1.6
    endloop
  endfacet
  facet normal -0 0 -1
    outer loop
      vertex -67.6281 47.1251 -1.6
      vertex -70.8616 43.8915 -1.6
      vertex -68.0744 47.2701 -1.6
    endloop
  endfacet
  facet normal 0 0 -1
    outer loop
      vertex -71.2825 44.7175 -1.6
      vertex -68.4541 47.5459 -1.6
      vertex -71.0066 44.3378 -1.6
    endloop
  endfacet
  facet normal 0 0 -1
    outer loop
      vertex -71.0066 44.3378 -1.6
      vertex -68.0744 47.2701 -1.6
      vertex -70.8616 43.8915 -1.6
    endloop
  endfacet
  facet normal 0 0 -1
    outer loop
      vertex 99.5706 -52.3494 -1.6
      vertex 95.4672 -42.3212 -1.6
      vertex 96.2934 19.4642 -1.6
    endloop
  endfacet
  facet normal 0 0 -1
    outer loop
      vertex 96.2934 19.4642 -1.6
      vertex 95.4672 -42.3212 -1.6
      vertex 96.1641 19.2222 -1.6
    endloop
  endfacet
  facet normal 0 0 -1
    outer loop
      vertex 94.8203 -41.111 -1.6
      vertex 96.1641 19.2222 -1.6
      vertex 95.4672 -42.3212 -1.6
    endloop
  endfacet
  facet normal 0 0 -1
    outer loop
      vertex 96.1641 19.2222 -1.6
      vertex 94.8203 -41.111 -1.6
      vertex 95.99 19.01 -1.6
    endloop
  endfacet
  facet normal 0 0 -1
    outer loop
      vertex 93.9497 -40.0503 -1.6
      vertex 95.99 19.01 -1.6
      vertex 94.8203 -41.111 -1.6
    endloop
  endfacet
  facet normal 0 0 -1
    outer loop
      vertex 95.99 19.01 -1.6
      vertex 93.9497 -40.0503 -1.6
      vertex 95.7778 18.8359 -1.6
    endloop
  endfacet
  facet normal 0 0 -1
    outer loop
      vertex 92.889 -39.1797 -1.6
      vertex 95.7778 18.8359 -1.6
      vertex 93.9497 -40.0503 -1.6
    endloop
  endfacet
  facet normal 0 0 -1
    outer loop
      vertex 95.7778 18.8359 -1.6
      vertex 92.889 -39.1797 -1.6
      vertex 95.5358 18.7066 -1.6
    endloop
  endfacet
  facet normal 0 0 -1
    outer loop
      vertex 91.6788 -38.5328 -1.6
      vertex 95.5358 18.7066 -1.6
      vertex 92.889 -39.1797 -1.6
    endloop
  endfacet
  facet normal 0 0 -1
    outer loop
      vertex 95.5358 18.7066 -1.6
      vertex 91.6788 -38.5328 -1.6
      vertex 95.2731 18.6269 -1.6
    endloop
  endfacet
  facet normal 0 0 -1
    outer loop
      vertex 90.3656 -38.1345 -1.6
      vertex 95.2731 18.6269 -1.6
      vertex 91.6788 -38.5328 -1.6
    endloop
  endfacet
  facet normal 0 0 -1
    outer loop
      vertex 95.2731 18.6269 -1.6
      vertex 90.3656 -38.1345 -1.6
      vertex 95 18.6 -1.6
    endloop
  endfacet
  facet normal 0 0 -1
    outer loop
      vertex 89 -38 -1.6
      vertex 95 18.6 -1.6
      vertex 90.3656 -38.1345 -1.6
    endloop
  endfacet
  facet normal -0 0 -1
    outer loop
      vertex 95 18.6 -1.6
      vertex 89 -38 -1.6
      vertex 94.7269 18.6269 -1.6
    endloop
  endfacet
  facet normal -0 0 -1
    outer loop
      vertex 94.7269 18.6269 -1.6
      vertex 89 -38 -1.6
      vertex 94.4642 18.7066 -1.6
    endloop
  endfacet
  facet normal 0 0 -1
    outer loop
      vertex 82.3731 19.7269 -1.6
      vertex 94.4642 18.7066 -1.6
      vertex 89 -38 -1.6
    endloop
  endfacet
  facet normal 0 0 -1
    outer loop
      vertex 82.3731 19.7269 -1.6
      vertex 94.2222 18.8359 -1.6
      vertex 94.4642 18.7066 -1.6
    endloop
  endfacet
  facet normal 0 0 -1
    outer loop
      vertex 82.3731 19.7269 -1.6
      vertex 93.8359 19.2222 -1.6
      vertex 94.01 19.01 -1.6
    endloop
  endfacet
  facet normal 0 0 -1
    outer loop
      vertex 82.3731 19.7269 -1.6
      vertex 94.01 19.01 -1.6
      vertex 94.2222 18.8359 -1.6
    endloop
  endfacet
  facet normal 0 0 -1
    outer loop
      vertex 105 -60 -1.6
      vertex 96.3731 19.7269 -1.6
      vertex 105 60 -1.6
    endloop
  endfacet
  facet normal 0 0 -1
    outer loop
      vertex 105 60 -1.6
      vertex 99.6673 52.6683 -1.6
      vertex 99.7 53 -1.6
    endloop
  endfacet
  facet normal 0 0 -1
    outer loop
      vertex 96.3731 19.7269 -1.6
      vertex 99.6673 -52.6683 -1.6
      vertex 99.5706 -52.3494 -1.6
    endloop
  endfacet
  facet normal 0 0 -1
    outer loop
      vertex 96.4 24 -1.6
      vertex 105 60 -1.6
      vertex 96.4 20 -1.6
    endloop
  endfacet
  facet normal 0 0 -1
    outer loop
      vertex 95.8655 -43.6344 -1.6
      vertex 99.5706 -52.3494 -1.6
      vertex 99.4135 -52.0555 -1.6
    endloop
  endfacet
  facet normal 0 0 -1
    outer loop
      vertex 96.3731 24.2731 -1.6
      vertex 105 60 -1.6
      vertex 96.4 24 -1.6
    endloop
  endfacet
  facet normal 0 0 -1
    outer loop
      vertex 95.8655 -43.6344 -1.6
      vertex 99.2021 -51.7979 -1.6
      vertex 96 -45 -1.6
    endloop
  endfacet
  facet normal 0 0 -1
    outer loop
      vertex 105 60 -1.6
      vertex 99.5706 52.3494 -1.6
      vertex 99.6673 52.6683 -1.6
    endloop
  endfacet
  facet normal 0 0 -1
    outer loop
      vertex 96 -45 -1.6
      vertex 99.2021 -51.7979 -1.6
      vertex 98.9445 -51.5865 -1.6
    endloop
  endfacet
  facet normal 0 0 -1
    outer loop
      vertex 105 60 -1.6
      vertex 96.3731 24.2731 -1.6
      vertex 99.5706 52.3494 -1.6
    endloop
  endfacet
  facet normal 0 0 -1
    outer loop
      vertex 95.8655 -46.3656 -1.6
      vertex 98.9445 -51.5865 -1.6
      vertex 98.6506 -51.4294 -1.6
    endloop
  endfacet
  facet normal 0 0 -1
    outer loop
      vertex 99.5706 52.3494 -1.6
      vertex 96.3731 24.2731 -1.6
      vertex 99.4135 52.0555 -1.6
    endloop
  endfacet
  facet normal 0 0 -1
    outer loop
      vertex 95.8655 -46.3656 -1.6
      vertex 98.6506 -51.4294 -1.6
      vertex 98.3316 -51.3327 -1.6
    endloop
  endfacet
  facet normal 0 0 -1
    outer loop
      vertex 96.2934 24.5358 -1.6
      vertex 99.4135 52.0555 -1.6
      vertex 96.3731 24.2731 -1.6
    endloop
  endfacet
  facet normal 0 0 -1
    outer loop
      vertex 95.4672 -47.6788 -1.6
      vertex 98.3316 -51.3327 -1.6
      vertex 98 -51.3 -1.6
    endloop
  endfacet
  facet normal 0 0 -1
    outer loop
      vertex 99.4135 52.0555 -1.6
      vertex 96.2934 24.5358 -1.6
      vertex 99.2021 51.7979 -1.6
    endloop
  endfacet
  facet normal 0 0 -1
    outer loop
      vertex 95.4672 -47.6788 -1.6
      vertex 98 -51.3 -1.6
      vertex 97.6684 -51.3327 -1.6
    endloop
  endfacet
  facet normal 0 0 -1
    outer loop
      vertex 96.1641 24.7778 -1.6
      vertex 99.2021 51.7979 -1.6
      vertex 96.2934 24.5358 -1.6
    endloop
  endfacet
  facet normal 0 0 -1
    outer loop
      vertex 94.8203 -48.889 -1.6
      vertex 97.6684 -51.3327 -1.6
      vertex 97.3494 -51.4294 -1.6
    endloop
  endfacet
  facet normal 0 0 -1
    outer loop
      vertex 99.2021 51.7979 -1.6
      vertex 96.1641 24.7778 -1.6
      vertex 98.9445 51.5865 -1.6
    endloop
  endfacet
  facet normal 0 0 -1
    outer loop
      vertex 94.8203 -48.889 -1.6
      vertex 97.3494 -51.4294 -1.6
      vertex 97.0555 -51.5865 -1.6
    endloop
  endfacet
  facet normal 0 0 -1
    outer loop
      vertex 95.99 24.9899 -1.6
      vertex 98.9445 51.5865 -1.6
      vertex 96.1641 24.7778 -1.6
    endloop
  endfacet
  facet normal 0 0 -1
    outer loop
      vertex 94.8203 -48.889 -1.6
      vertex 97.0555 -51.5865 -1.6
      vertex 96.7979 -51.7979 -1.6
    endloop
  endfacet
  facet normal 0 0 -1
    outer loop
      vertex 98.9445 51.5865 -1.6
      vertex 95.99 24.9899 -1.6
      vertex 98.6506 51.4294 -1.6
    endloop
  endfacet
  facet normal 0 0 -1
    outer loop
      vertex 93.9497 -49.9497 -1.6
      vertex 96.7979 -51.7979 -1.6
      vertex 96.5865 -52.0555 -1.6
    endloop
  endfacet
  facet normal 0 0 -1
    outer loop
      vertex 95.7778 25.1641 -1.6
      vertex 98.6506 51.4294 -1.6
      vertex 95.99 24.9899 -1.6
    endloop
  endfacet
  facet normal 0 0 -1
    outer loop
      vertex 93.9497 -49.9497 -1.6
      vertex 96.5865 -52.0555 -1.6
      vertex 96.4294 -52.3494 -1.6
    endloop
  endfacet
  facet normal 0 0 -1
    outer loop
      vertex 98.6506 51.4294 -1.6
      vertex 95.7778 25.1641 -1.6
      vertex 98.3316 51.3327 -1.6
    endloop
  endfacet
  facet normal 0 0 -1
    outer loop
      vertex 95.5358 25.2934 -1.6
      vertex 98.3316 51.3327 -1.6
      vertex 95.7778 25.1641 -1.6
    endloop
  endfacet
  facet normal 0 0 -1
    outer loop
      vertex 99.2021 -51.7979 -1.6
      vertex 95.8655 -43.6344 -1.6
      vertex 99.4135 -52.0555 -1.6
    endloop
  endfacet
  facet normal 0 0 -1
    outer loop
      vertex 92.889 -50.8203 -1.6
      vertex 96.4294 -52.3494 -1.6
      vertex 96.3327 -52.6683 -1.6
    endloop
  endfacet
  facet normal 0 0 -1
    outer loop
      vertex 92.889 -50.8203 -1.6
      vertex 96.3327 -52.6683 -1.6
      vertex 96.3 -53 -1.6
    endloop
  endfacet
  facet normal 0 0 -1
    outer loop
      vertex 105 60 -1.6
      vertex 96.3731 19.7269 -1.6
      vertex 96.4 20 -1.6
    endloop
  endfacet
  facet normal 0 0 -1
    outer loop
      vertex 99.6673 -52.6683 -1.6
      vertex 105 -60 -1.6
      vertex 99.7 -53 -1.6
    endloop
  endfacet
  facet normal 0 0 -1
    outer loop
      vertex 105 -60 -1.6
      vertex 99.6673 -53.3317 -1.6
      vertex 99.7 -53 -1.6
    endloop
  endfacet
  facet normal 0 0 -1
    outer loop
      vertex 105 -60 -1.6
      vertex 99.5706 -53.6506 -1.6
      vertex 99.6673 -53.3317 -1.6
    endloop
  endfacet
  facet normal 0 0 -1
    outer loop
      vertex 105 -60 -1.6
      vertex 99.4135 -53.9445 -1.6
      vertex 99.5706 -53.6506 -1.6
    endloop
  endfacet
  facet normal 0 0 -1
    outer loop
      vertex 105 -60 -1.6
      vertex 99.2021 -54.2021 -1.6
      vertex 99.4135 -53.9445 -1.6
    endloop
  endfacet
  facet normal 0 0 -1
    outer loop
      vertex 105 -60 -1.6
      vertex 98.9445 -54.4135 -1.6
      vertex 99.2021 -54.2021 -1.6
    endloop
  endfacet
  facet normal 0 0 -1
    outer loop
      vertex 105 -60 -1.6
      vertex 98.6506 -54.5706 -1.6
      vertex 98.9445 -54.4135 -1.6
    endloop
  endfacet
  facet normal 0 0 -1
    outer loop
      vertex 105 -60 -1.6
      vertex 98.3316 -54.6673 -1.6
      vertex 98.6506 -54.5706 -1.6
    endloop
  endfacet
  facet normal 0 0 -1
    outer loop
      vertex 105 -60 -1.6
      vertex 98 -54.7 -1.6
      vertex 98.3316 -54.6673 -1.6
    endloop
  endfacet
  facet normal 0 0 -1
    outer loop
      vertex 105 -60 -1.6
      vertex 97.6684 -54.6673 -1.6
      vertex 98 -54.7 -1.6
    endloop
  endfacet
  facet normal 0 0 -1
    outer loop
      vertex 105 -60 -1.6
      vertex 97.3494 -54.5706 -1.6
      vertex 97.6684 -54.6673 -1.6
    endloop
  endfacet
  facet normal 0 0 -1
    outer loop
      vertex 87.6344 -51.8655 -1.6
      vertex 97.3494 -54.5706 -1.6
      vertex 105 -60 -1.6
    endloop
  endfacet
  facet normal 0 0 -1
    outer loop
      vertex 99.5706 -52.3494 -1.6
      vertex 96.2934 19.4642 -1.6
      vertex 96.3731 19.7269 -1.6
    endloop
  endfacet
  facet normal 0 0 -1
    outer loop
      vertex 95.4672 -42.3212 -1.6
      vertex 99.5706 -52.3494 -1.6
      vertex 95.8655 -43.6344 -1.6
    endloop
  endfacet
  facet normal 0 0 -1
    outer loop
      vertex 98.9445 -51.5865 -1.6
      vertex 95.8655 -46.3656 -1.6
      vertex 96 -45 -1.6
    endloop
  endfacet
  facet normal 0 0 -1
    outer loop
      vertex 98.3316 -51.3327 -1.6
      vertex 95.4672 -47.6788 -1.6
      vertex 95.8655 -46.3656 -1.6
    endloop
  endfacet
  facet normal 0 0 -1
    outer loop
      vertex 92.889 -50.8203 -1.6
      vertex 96.3 -53 -1.6
      vertex 96.3327 -53.3317 -1.6
    endloop
  endfacet
  facet normal 0 0 -1
    outer loop
      vertex 97.6684 -51.3327 -1.6
      vertex 94.8203 -48.889 -1.6
      vertex 95.4672 -47.6788 -1.6
    endloop
  endfacet
  facet normal 0 0 -1
    outer loop
      vertex 91.6788 -51.4672 -1.6
      vertex 96.3327 -53.3317 -1.6
      vertex 96.4294 -53.6506 -1.6
    endloop
  endfacet
  facet normal 0 0 -1
    outer loop
      vertex 96.7979 -51.7979 -1.6
      vertex 93.9497 -49.9497 -1.6
      vertex 94.8203 -48.889 -1.6
    endloop
  endfacet
  facet normal 0 0 -1
    outer loop
      vertex 91.6788 -51.4672 -1.6
      vertex 96.4294 -53.6506 -1.6
      vertex 96.5865 -53.9445 -1.6
    endloop
  endfacet
  facet normal 0 0 -1
    outer loop
      vertex 96.4294 -52.3494 -1.6
      vertex 92.889 -50.8203 -1.6
      vertex 93.9497 -49.9497 -1.6
    endloop
  endfacet
  facet normal 0 0 -1
    outer loop
      vertex 90.3656 -51.8655 -1.6
      vertex 96.5865 -53.9445 -1.6
      vertex 96.7979 -54.2021 -1.6
    endloop
  endfacet
  facet normal 0 0 -1
    outer loop
      vertex 96.3327 -53.3317 -1.6
      vertex 91.6788 -51.4672 -1.6
      vertex 92.889 -50.8203 -1.6
    endloop
  endfacet
  facet normal 0 0 -1
    outer loop
      vertex 89 -52 -1.6
      vertex 96.7979 -54.2021 -1.6
      vertex 97.0555 -54.4135 -1.6
    endloop
  endfacet
  facet normal -0 -0 -1
    outer loop
      vertex 89 -52 -1.6
      vertex 97.3494 -54.5706 -1.6
      vertex 87.6344 -51.8655 -1.6
    endloop
  endfacet
  facet normal 0 0 -1
    outer loop
      vertex 96.5865 -53.9445 -1.6
      vertex 90.3656 -51.8655 -1.6
      vertex 91.6788 -51.4672 -1.6
    endloop
  endfacet
  facet normal 0 0 -1
    outer loop
      vertex 96.7979 -54.2021 -1.6
      vertex 89 -52 -1.6
      vertex 90.3656 -51.8655 -1.6
    endloop
  endfacet
  facet normal 0 0 -1
    outer loop
      vertex 97.3494 -54.5706 -1.6
      vertex 89 -52 -1.6
      vertex 97.0555 -54.4135 -1.6
    endloop
  endfacet
  facet normal 0 0 -1
    outer loop
      vertex 105 -60 -1.6
      vertex 86.3212 -51.4672 -1.6
      vertex 87.6344 -51.8655 -1.6
    endloop
  endfacet
  facet normal 0 0 -1
    outer loop
      vertex 82.2934 19.4642 -1.6
      vertex 78 0 -1.6
      vertex 82.1641 19.2222 -1.6
    endloop
  endfacet
  facet normal 0 0 -1
    outer loop
      vertex 77.9616 0.390181 -1.6
      vertex 82.1641 19.2222 -1.6
      vertex 78 0 -1.6
    endloop
  endfacet
  facet normal 0 0 -1
    outer loop
      vertex 77.8478 0.765367 -1.6
      vertex 81.99 19.01 -1.6
      vertex 77.9616 0.390181 -1.6
    endloop
  endfacet
  facet normal 0 0 -1
    outer loop
      vertex 81.99 19.01 -1.6
      vertex 77.8478 0.765367 -1.6
      vertex 81.7778 18.8359 -1.6
    endloop
  endfacet
  facet normal 0 0 -1
    outer loop
      vertex 77.6629 1.11114 -1.6
      vertex 81.7778 18.8359 -1.6
      vertex 77.8478 0.765367 -1.6
    endloop
  endfacet
  facet normal 0 0 -1
    outer loop
      vertex 81.7778 18.8359 -1.6
      vertex 77.6629 1.11114 -1.6
      vertex 81.5358 18.7066 -1.6
    endloop
  endfacet
  facet normal 0 0 -1
    outer loop
      vertex 77.4142 1.41421 -1.6
      vertex 81.5358 18.7066 -1.6
      vertex 77.6629 1.11114 -1.6
    endloop
  endfacet
  facet normal 0 0 -1
    outer loop
      vertex 81.5358 18.7066 -1.6
      vertex 77.4142 1.41421 -1.6
      vertex 81.2731 18.6269 -1.6
    endloop
  endfacet
  facet normal 0 0 -1
    outer loop
      vertex 77.1111 1.66294 -1.6
      vertex 81.2731 18.6269 -1.6
      vertex 77.4142 1.41421 -1.6
    endloop
  endfacet
  facet normal 0 0 -1
    outer loop
      vertex 81.2731 18.6269 -1.6
      vertex 77.1111 1.66294 -1.6
      vertex 81 18.6 -1.6
    endloop
  endfacet
  facet normal 0 0 -1
    outer loop
      vertex 76.7654 1.84776 -1.6
      vertex 81 18.6 -1.6
      vertex 77.1111 1.66294 -1.6
    endloop
  endfacet
  facet normal -0 0 -1
    outer loop
      vertex 81 18.6 -1.6
      vertex 76.7654 1.84776 -1.6
      vertex 80.7269 18.6269 -1.6
    endloop
  endfacet
  facet normal -0 0 -1
    outer loop
      vertex 80.7269 18.6269 -1.6
      vertex 76.3902 1.96157 -1.6
      vertex 80.4642 18.7066 -1.6
    endloop
  endfacet
  facet normal 0 0 -1
    outer loop
      vertex 76.3902 1.96157 -1.6
      vertex 80.7269 18.6269 -1.6
      vertex 76.7654 1.84776 -1.6
    endloop
  endfacet
  facet normal 0 0 -1
    outer loop
      vertex 82.1641 19.2222 -1.6
      vertex 77.9616 0.390181 -1.6
      vertex 81.99 19.01 -1.6
    endloop
  endfacet
  facet normal 0 0 -1
    outer loop
      vertex 83.1797 -41.111 -1.6
      vertex 77.8478 -0.765367 -1.6
      vertex 77.9616 -0.390181 -1.6
    endloop
  endfacet
  facet normal 0 0 -1
    outer loop
      vertex 83.1797 -41.111 -1.6
      vertex 77.6629 -1.11114 -1.6
      vertex 77.8478 -0.765367 -1.6
    endloop
  endfacet
  facet normal 0 0 -1
    outer loop
      vertex -12.1522 -28.7654 -1.6
      vertex 82 -45 -1.6
      vertex 82.1345 -46.3656 -1.6
    endloop
  endfacet
  facet normal 0 0 -1
    outer loop
      vertex 83.1797 -41.111 -1.6
      vertex 77.4142 -1.41421 -1.6
      vertex 77.6629 -1.11114 -1.6
    endloop
  endfacet
  facet normal 0 0 -1
    outer loop
      vertex 83.1797 -41.111 -1.6
      vertex 77.1111 -1.66294 -1.6
      vertex 77.4142 -1.41421 -1.6
    endloop
  endfacet
  facet normal 0 0 -1
    outer loop
      vertex 83.1797 -41.111 -1.6
      vertex 76.7654 -1.84776 -1.6
      vertex 77.1111 -1.66294 -1.6
    endloop
  endfacet
  facet normal 0 0 -1
    outer loop
      vertex 83.1797 -41.111 -1.6
      vertex 76.3902 -1.96157 -1.6
      vertex 76.7654 -1.84776 -1.6
    endloop
  endfacet
  facet normal 0 0 -1
    outer loop
      vertex 83.1797 -41.111 -1.6
      vertex 76 -2 -1.6
      vertex 76.3902 -1.96157 -1.6
    endloop
  endfacet
  facet normal 0 0 -1
    outer loop
      vertex 83.1797 -41.111 -1.6
      vertex 68 -2 -1.6
      vertex 76 -2 -1.6
    endloop
  endfacet
  facet normal 0 0 -1
    outer loop
      vertex -12.3371 -29.1111 -1.6
      vertex 82.1345 -46.3656 -1.6
      vertex 82.5328 -47.6788 -1.6
    endloop
  endfacet
  facet normal 0 0 -1
    outer loop
      vertex 83.1797 -41.111 -1.6
      vertex 67.6098 -1.96157 -1.6
      vertex 68 -2 -1.6
    endloop
  endfacet
  facet normal 0 0 -1
    outer loop
      vertex 83.1797 -41.111 -1.6
      vertex 67.2346 -1.84776 -1.6
      vertex 67.6098 -1.96157 -1.6
    endloop
  endfacet
  facet normal 0 0 -1
    outer loop
      vertex 82.5328 -42.3212 -1.6
      vertex 66.8889 -1.66294 -1.6
      vertex 67.2346 -1.84776 -1.6
    endloop
  endfacet
  facet normal 0 0 -1
    outer loop
      vertex 82.1345 -43.6344 -1.6
      vertex 66.5858 -1.41421 -1.6
      vertex 66.8889 -1.66294 -1.6
    endloop
  endfacet
  facet normal 0 0 -1
    outer loop
      vertex 82.1345 -43.6344 -1.6
      vertex -2.54493 -12.9722 -1.6
      vertex 66.5858 -1.41421 -1.6
    endloop
  endfacet
  facet normal 0 -0 -1
    outer loop
      vertex -2.38321 -12.6697 -1.6
      vertex 66.5858 -1.41421 -1.6
      vertex -2.54493 -12.9722 -1.6
    endloop
  endfacet
  facet normal 0 0 -1
    outer loop
      vertex 66.0384 -0.390181 -1.6
      vertex 6 0 -1.6
      vertex 66 0 -1.6
    endloop
  endfacet
  facet normal 0 0 -1
    outer loop
      vertex 5.96157 -0.390181 -1.6
      vertex 66.0384 -0.390181 -1.6
      vertex 66.1522 -0.765367 -1.6
    endloop
  endfacet
  facet normal 0 -0 -1
    outer loop
      vertex 5.41421 -1.41421 -1.6
      vertex 66.5858 -1.41421 -1.6
      vertex -2.38321 -12.6697 -1.6
    endloop
  endfacet
  facet normal 0 0 -1
    outer loop
      vertex -12.5858 -29.4142 -1.6
      vertex 82.5328 -47.6788 -1.6
      vertex 83.1797 -48.889 -1.6
    endloop
  endfacet
  facet normal 0 0 -1
    outer loop
      vertex -12.8889 -29.6629 -1.6
      vertex 83.1797 -48.889 -1.6
      vertex 84.0503 -49.9497 -1.6
    endloop
  endfacet
  facet normal 0 0 -1
    outer loop
      vertex -13.6098 -29.9616 -1.6
      vertex 84.0503 -49.9497 -1.6
      vertex 85.111 -50.8203 -1.6
    endloop
  endfacet
  facet normal 0 0 -1
    outer loop
      vertex 66.0384 -0.390181 -1.6
      vertex 5.96157 -0.390181 -1.6
      vertex 6 0 -1.6
    endloop
  endfacet
  facet normal 0 0 -1
    outer loop
      vertex 66.1522 -0.765367 -1.6
      vertex 5.84776 -0.765367 -1.6
      vertex 5.96157 -0.390181 -1.6
    endloop
  endfacet
  facet normal -0 0 -1
    outer loop
      vertex 66.1522 -0.765367 -1.6
      vertex 5.66294 -1.11114 -1.6
      vertex 5.84776 -0.765367 -1.6
    endloop
  endfacet
  facet normal 0 0 -1
    outer loop
      vertex 66.3371 -1.11114 -1.6
      vertex 5.66294 -1.11114 -1.6
      vertex 66.1522 -0.765367 -1.6
    endloop
  endfacet
  facet normal 0 -0 -1
    outer loop
      vertex 5.66294 -1.11114 -1.6
      vertex 66.3371 -1.11114 -1.6
      vertex 5.41421 -1.41421 -1.6
    endloop
  endfacet
  facet normal 0 0 -1
    outer loop
      vertex 5.41421 -1.41421 -1.6
      vertex -2.38321 -12.6697 -1.6
      vertex 5.11114 -1.66294 -1.6
    endloop
  endfacet
  facet normal 0 -0 -1
    outer loop
      vertex -2.28363 -12.3414 -1.6
      vertex 5.11114 -1.66294 -1.6
      vertex -2.38321 -12.6697 -1.6
    endloop
  endfacet
  facet normal 0 0 -1
    outer loop
      vertex 5.11114 -1.66294 -1.6
      vertex -2.28363 -12.3414 -1.6
      vertex 4.76537 -1.84776 -1.6
    endloop
  endfacet
  facet normal 0 -0 -1
    outer loop
      vertex -2.25 -12 -1.6
      vertex 4.76537 -1.84776 -1.6
      vertex -2.28363 -12.3414 -1.6
    endloop
  endfacet
  facet normal 0 0 -1
    outer loop
      vertex -14 -30 -1.6
      vertex 85.111 -50.8203 -1.6
      vertex 86.3212 -51.4672 -1.6
    endloop
  endfacet
  facet normal 0 0 -1
    outer loop
      vertex -105 -60 -1.6
      vertex 86.3212 -51.4672 -1.6
      vertex 105 -60 -1.6
    endloop
  endfacet
  facet normal 0 0 -1
    outer loop
      vertex 4.39018 -1.96157 -1.6
      vertex -2.25 -12 -1.6
      vertex 4 -2 -1.6
    endloop
  endfacet
  facet normal 0 0 -1
    outer loop
      vertex 4.76537 -1.84776 -1.6
      vertex -2.25 -12 -1.6
      vertex 4.39018 -1.96157 -1.6
    endloop
  endfacet
  facet normal 0 0 -1
    outer loop
      vertex 66.5858 -1.41421 -1.6
      vertex 5.41421 -1.41421 -1.6
      vertex 66.3371 -1.11114 -1.6
    endloop
  endfacet
  facet normal 0 0 -1
    outer loop
      vertex 82 -45 -1.6
      vertex -2.76256 -13.2374 -1.6
      vertex -2.54493 -12.9722 -1.6
    endloop
  endfacet
  facet normal 0 0 -1
    outer loop
      vertex 82 -45 -1.6
      vertex -12.1522 -28.7654 -1.6
      vertex -2.76256 -13.2374 -1.6
    endloop
  endfacet
  facet normal 0 -0 -1
    outer loop
      vertex -12.0384 -28.3902 -1.6
      vertex -2.76256 -13.2374 -1.6
      vertex -12.1522 -28.7654 -1.6
    endloop
  endfacet
  facet normal 0 0 -1
    outer loop
      vertex -2.76256 -13.2374 -1.6
      vertex -12.0384 -28.3902 -1.6
      vertex -3.02775 -13.4551 -1.6
    endloop
  endfacet
  facet normal 0 -0 -1
    outer loop
      vertex -12 -28 -1.6
      vertex -3.02775 -13.4551 -1.6
      vertex -12.0384 -28.3902 -1.6
    endloop
  endfacet
  facet normal 0 0 -1
    outer loop
      vertex -3.02775 -13.4551 -1.6
      vertex -12 -28 -1.6
      vertex -3.3303 -13.6168 -1.6
    endloop
  endfacet
  facet normal 0 0 -1
    outer loop
      vertex -12.0384 -27.6098 -1.6
      vertex -3.3303 -13.6168 -1.6
      vertex -12 -28 -1.6
    endloop
  endfacet
  facet normal 0 0 -1
    outer loop
      vertex -22.3902 -26.0384 -1.6
      vertex -5.75 -2 -1.6
      vertex -5.75 -12 -1.6
    endloop
  endfacet
  facet normal 0 -0 -1
    outer loop
      vertex -5.96157 -0.390181 -1.6
      vertex -5.75 -2 -1.6
      vertex -22.3902 -26.0384 -1.6
    endloop
  endfacet
  facet normal 0 0 -1
    outer loop
      vertex -5.75 -2 -1.6
      vertex -5.96157 -0.390181 -1.6
      vertex -5.84776 -0.765367 -1.6
    endloop
  endfacet
  facet normal 0 0 -1
    outer loop
      vertex -13.2346 -26.1522 -1.6
      vertex -4.97225 -13.4551 -1.6
      vertex -12.8889 -26.3371 -1.6
    endloop
  endfacet
  facet normal -0 0 -1
    outer loop
      vertex -4.6697 -13.6168 -1.6
      vertex -12.8889 -26.3371 -1.6
      vertex -4.97225 -13.4551 -1.6
    endloop
  endfacet
  facet normal 0 0 -1
    outer loop
      vertex -12.8889 -26.3371 -1.6
      vertex -4.6697 -13.6168 -1.6
      vertex -12.5858 -26.5858 -1.6
    endloop
  endfacet
  facet normal -0 0 -1
    outer loop
      vertex -4.34141 -13.7164 -1.6
      vertex -12.5858 -26.5858 -1.6
      vertex -4.6697 -13.6168 -1.6
    endloop
  endfacet
  facet normal 0 0 -1
    outer loop
      vertex -12.5858 -26.5858 -1.6
      vertex -4.34141 -13.7164 -1.6
      vertex -12.3371 -26.8889 -1.6
    endloop
  endfacet
  facet normal -0 0 -1
    outer loop
      vertex -4 -13.75 -1.6
      vertex -12.3371 -26.8889 -1.6
      vertex -4.34141 -13.7164 -1.6
    endloop
  endfacet
  facet normal 0 0 -1
    outer loop
      vertex -12.3371 -26.8889 -1.6
      vertex -4 -13.75 -1.6
      vertex -12.1522 -27.2346 -1.6
    endloop
  endfacet
  facet normal 0 0 -1
    outer loop
      vertex -3.3303 -13.6168 -1.6
      vertex -12.0384 -27.6098 -1.6
      vertex -3.65859 -13.7164 -1.6
    endloop
  endfacet
  facet normal 0 0 -1
    outer loop
      vertex -3.65859 -13.7164 -1.6
      vertex -12.1522 -27.2346 -1.6
      vertex -4 -13.75 -1.6
    endloop
  endfacet
  facet normal 0 0 -1
    outer loop
      vertex -12.1522 -27.2346 -1.6
      vertex -3.65859 -13.7164 -1.6
      vertex -12.0384 -27.6098 -1.6
    endloop
  endfacet
  facet normal 0 0 -1
    outer loop
      vertex 82.1345 -46.3656 -1.6
      vertex -12.3371 -29.1111 -1.6
      vertex -12.1522 -28.7654 -1.6
    endloop
  endfacet
  facet normal 0 0 -1
    outer loop
      vertex 82.5328 -47.6788 -1.6
      vertex -12.5858 -29.4142 -1.6
      vertex -12.3371 -29.1111 -1.6
    endloop
  endfacet
  facet normal 0 0 -1
    outer loop
      vertex 83.1797 -48.889 -1.6
      vertex -12.8889 -29.6629 -1.6
      vertex -12.5858 -29.4142 -1.6
    endloop
  endfacet
  facet normal 0 0 -1
    outer loop
      vertex 84.0503 -49.9497 -1.6
      vertex -13.2346 -29.8478 -1.6
      vertex -12.8889 -29.6629 -1.6
    endloop
  endfacet
  facet normal 0 0 -1
    outer loop
      vertex 84.0503 -49.9497 -1.6
      vertex -13.6098 -29.9616 -1.6
      vertex -13.2346 -29.8478 -1.6
    endloop
  endfacet
  facet normal 0 0 -1
    outer loop
      vertex 85.111 -50.8203 -1.6
      vertex -14 -30 -1.6
      vertex -13.6098 -29.9616 -1.6
    endloop
  endfacet
  facet normal -0 0 -1
    outer loop
      vertex 86.3212 -51.4672 -1.6
      vertex -105 -60 -1.6
      vertex -14 -30 -1.6
    endloop
  endfacet
  facet normal 0 -0 -1
    outer loop
      vertex -97.0555 -54.4135 -1.6
      vertex -14 -30 -1.6
      vertex -105 -60 -1.6
    endloop
  endfacet
  facet normal 0 0 -1
    outer loop
      vertex -77.1522 -18.7654 -1.6
      vertex -24 -28 -1.6
      vertex -23.9616 -28.3902 -1.6
    endloop
  endfacet
  facet normal 0 0 -1
    outer loop
      vertex -77.3371 -19.1111 -1.6
      vertex -23.9616 -28.3902 -1.6
      vertex -23.8478 -28.7654 -1.6
    endloop
  endfacet
  facet normal 0 0 -1
    outer loop
      vertex -77.5858 -19.4142 -1.6
      vertex -23.8478 -28.7654 -1.6
      vertex -23.6629 -29.1111 -1.6
    endloop
  endfacet
  facet normal 0 0 -1
    outer loop
      vertex -24 -28 -1.6
      vertex -61.5734 37.5365 -1.6
      vertex -61.5 38 -1.6
    endloop
  endfacet
  facet normal 0 0 -1
    outer loop
      vertex -24 -28 -1.6
      vertex -61.7865 37.1183 -1.6
      vertex -61.5734 37.5365 -1.6
    endloop
  endfacet
  facet normal 0 0 -1
    outer loop
      vertex -24 -28 -1.6
      vertex -65.9119 27.1587 -1.6
      vertex -61.7865 37.1183 -1.6
    endloop
  endfacet
  facet normal 0 0 -1
    outer loop
      vertex -61.7865 37.1183 -1.6
      vertex -65.9119 27.1587 -1.6
      vertex -62.1183 36.7865 -1.6
    endloop
  endfacet
  facet normal 0 0 -1
    outer loop
      vertex -65.9119 27.6281 -1.6
      vertex -62.1183 36.7865 -1.6
      vertex -65.9119 27.1587 -1.6
    endloop
  endfacet
  facet normal 0 0 -1
    outer loop
      vertex -62.1183 36.7865 -1.6
      vertex -65.9119 27.6281 -1.6
      vertex -62.5365 36.5734 -1.6
    endloop
  endfacet
  facet normal 0 0 -1
    outer loop
      vertex -66.0569 28.0744 -1.6
      vertex -62.5365 36.5734 -1.6
      vertex -65.9119 27.6281 -1.6
    endloop
  endfacet
  facet normal 0 0 -1
    outer loop
      vertex -62.5365 36.5734 -1.6
      vertex -66.0569 28.0744 -1.6
      vertex -63 36.5 -1.6
    endloop
  endfacet
  facet normal 0 0 -1
    outer loop
      vertex -66.7124 28.7299 -1.6
      vertex -63.4635 36.5734 -1.6
      vertex -66.3327 28.4541 -1.6
    endloop
  endfacet
  facet normal -0 0 -1
    outer loop
      vertex -63 36.5 -1.6
      vertex -66.3327 28.4541 -1.6
      vertex -63.4635 36.5734 -1.6
    endloop
  endfacet
  facet normal 0 0 -1
    outer loop
      vertex -66.3327 28.4541 -1.6
      vertex -63 36.5 -1.6
      vertex -66.0569 28.0744 -1.6
    endloop
  endfacet
  facet normal 0 0 -1
    outer loop
      vertex -24 -28 -1.6
      vertex -66.0569 26.7124 -1.6
      vertex -65.9119 27.1587 -1.6
    endloop
  endfacet
  facet normal 0 0 -1
    outer loop
      vertex -24 -28 -1.6
      vertex -66.3327 26.3327 -1.6
      vertex -66.0569 26.7124 -1.6
    endloop
  endfacet
  facet normal 0 0 -1
    outer loop
      vertex -24 -28 -1.6
      vertex -66.7124 26.0569 -1.6
      vertex -66.3327 26.3327 -1.6
    endloop
  endfacet
  facet normal 0 0 -1
    outer loop
      vertex -77.0384 -17.6098 -1.6
      vertex -24 -28 -1.6
      vertex -77 -18 -1.6
    endloop
  endfacet
  facet normal 0 0 -1
    outer loop
      vertex -77.1522 -17.2346 -1.6
      vertex -24 -28 -1.6
      vertex -77.0384 -17.6098 -1.6
    endloop
  endfacet
  facet normal 0 0 -1
    outer loop
      vertex -24 -28 -1.6
      vertex -77.1522 -17.2346 -1.6
      vertex -66.7124 26.0569 -1.6
    endloop
  endfacet
  facet normal -0 0 -1
    outer loop
      vertex -67.1587 25.9119 -1.6
      vertex -76.7865 22.1183 -1.6
      vertex -67.6281 25.9119 -1.6
    endloop
  endfacet
  facet normal 0 0 -1
    outer loop
      vertex -72.1085 30.8616 -1.6
      vertex -68.8749 27.6281 -1.6
      vertex -68.8749 27.1587 -1.6
    endloop
  endfacet
  facet normal 0 0 -1
    outer loop
      vertex -70.8616 32.5778 -1.6
      vertex -67.1587 28.8749 -1.6
      vertex -70.8616 32.1085 -1.6
    endloop
  endfacet
  facet normal 0 0 -1
    outer loop
      vertex -67.1587 28.8749 -1.6
      vertex -70.8616 32.5778 -1.6
      vertex -69.1183 36.7865 -1.6
    endloop
  endfacet
  facet normal 0 0 -1
    outer loop
      vertex -69.1183 36.7865 -1.6
      vertex -70.8616 32.5778 -1.6
      vertex -69.5365 36.5734 -1.6
    endloop
  endfacet
  facet normal 0 0 -1
    outer loop
      vertex -71.0066 33.0241 -1.6
      vertex -69.5365 36.5734 -1.6
      vertex -70.8616 32.5778 -1.6
    endloop
  endfacet
  facet normal 0 0 -1
    outer loop
      vertex -76.5734 23.4635 -1.6
      vertex -68.7299 26.7124 -1.6
      vertex -76.5 23 -1.6
    endloop
  endfacet
  facet normal 0 0 -1
    outer loop
      vertex -68.0744 28.7299 -1.6
      vertex -71.0066 31.6622 -1.6
      vertex -70.8616 32.1085 -1.6
    endloop
  endfacet
  facet normal 0 0 -1
    outer loop
      vertex -68.4541 28.4541 -1.6
      vertex -71.2825 31.2825 -1.6
      vertex -71.0066 31.6622 -1.6
    endloop
  endfacet
  facet normal 0 0 -1
    outer loop
      vertex -68.7299 28.0744 -1.6
      vertex -71.6622 31.0066 -1.6
      vertex -71.2825 31.2825 -1.6
    endloop
  endfacet
  facet normal 0 0 -1
    outer loop
      vertex -68.8749 27.6281 -1.6
      vertex -72.1085 30.8616 -1.6
      vertex -71.6622 31.0066 -1.6
    endloop
  endfacet
  facet normal 0 0 -1
    outer loop
      vertex -76.5 23 -1.6
      vertex -68.7299 26.7124 -1.6
      vertex -68.4541 26.3327 -1.6
    endloop
  endfacet
  facet normal 0 0 -1
    outer loop
      vertex -68.8749 27.1587 -1.6
      vertex -72.5778 30.8616 -1.6
      vertex -72.1085 30.8616 -1.6
    endloop
  endfacet
  facet normal -0 0 -1
    outer loop
      vertex -67.6281 25.9119 -1.6
      vertex -76.7865 22.1183 -1.6
      vertex -68.0744 26.0569 -1.6
    endloop
  endfacet
  facet normal 0 -0 -1
    outer loop
      vertex -76.5 23 -1.6
      vertex -68.4541 26.3327 -1.6
      vertex -76.5734 22.5365 -1.6
    endloop
  endfacet
  facet normal 0 0 -1
    outer loop
      vertex -96.3 -53 -1.6
      vertex -23.6629 -29.1111 -1.6
      vertex -23.4142 -29.4142 -1.6
    endloop
  endfacet
  facet normal -0 0 -1
    outer loop
      vertex -68.7299 26.7124 -1.6
      vertex -76.5734 23.4635 -1.6
      vertex -68.8749 27.1587 -1.6
    endloop
  endfacet
  facet normal -0 0 -1
    outer loop
      vertex -73.6797 31.6622 -1.6
      vertex -76.5734 30.4635 -1.6
      vertex -73.8247 32.1085 -1.6
    endloop
  endfacet
  facet normal 0 0 -1
    outer loop
      vertex -76.3371 39.1111 -1.6
      vertex -73.0241 42.3203 -1.6
      vertex -76.1522 38.7654 -1.6
    endloop
  endfacet
  facet normal -0 0 -1
    outer loop
      vertex -73.0241 42.3203 -1.6
      vertex -76.3371 39.1111 -1.6
      vertex -73.4038 42.5962 -1.6
    endloop
  endfacet
  facet normal -0 0 -1
    outer loop
      vertex -73.4038 31.2825 -1.6
      vertex -76.5 30 -1.6
      vertex -73.6797 31.6622 -1.6
    endloop
  endfacet
  facet normal -0 0 -1
    outer loop
      vertex -71.5 38 -1.6
      vertex -76.0384 37.6098 -1.6
      vertex -76 38 -1.6
    endloop
  endfacet
  facet normal 0 0 -1
    outer loop
      vertex -71.4266 37.5365 -1.6
      vertex -76.0384 37.6098 -1.6
      vertex -71.5 38 -1.6
    endloop
  endfacet
  facet normal 0 0 -1
    outer loop
      vertex -73.0241 33.6797 -1.6
      vertex -76.3371 36.8889 -1.6
      vertex -76.1522 37.2346 -1.6
    endloop
  endfacet
  facet normal 0 0 -1
    outer loop
      vertex -76.5734 30.4635 -1.6
      vertex -73.6797 31.6622 -1.6
      vertex -76.5 30 -1.6
    endloop
  endfacet
  facet normal -0 0 -1
    outer loop
      vertex -73.0241 31.0066 -1.6
      vertex -76.5 30 -1.6
      vertex -73.4038 31.2825 -1.6
    endloop
  endfacet
  facet normal 0 0 -1
    outer loop
      vertex -76.7865 23.8817 -1.6
      vertex -68.8749 27.1587 -1.6
      vertex -76.5734 23.4635 -1.6
    endloop
  endfacet
  facet normal -0 0 -1
    outer loop
      vertex -72.5778 30.8616 -1.6
      vertex -76.5 30 -1.6
      vertex -73.0241 31.0066 -1.6
    endloop
  endfacet
  facet normal -0 0 -1
    outer loop
      vertex -68.0744 26.0569 -1.6
      vertex -76.5734 22.5365 -1.6
      vertex -68.4541 26.3327 -1.6
    endloop
  endfacet
  facet normal 0 -0 -1
    outer loop
      vertex -76.5734 22.5365 -1.6
      vertex -68.0744 26.0569 -1.6
      vertex -76.7865 22.1183 -1.6
    endloop
  endfacet
  facet normal 0 0 -1
    outer loop
      vertex -96.3327 -53.3317 -1.6
      vertex -23.4142 -29.4142 -1.6
      vertex -23.1111 -29.6629 -1.6
    endloop
  endfacet
  facet normal 0 0 -1
    outer loop
      vertex -96.4294 -53.6506 -1.6
      vertex -23.1111 -29.6629 -1.6
      vertex -22.7654 -29.8478 -1.6
    endloop
  endfacet
  facet normal 0 0 -1
    outer loop
      vertex -96.5865 -53.9445 -1.6
      vertex -22.7654 -29.8478 -1.6
      vertex -22.3902 -29.9616 -1.6
    endloop
  endfacet
  facet normal -0 0 -1
    outer loop
      vertex -14 -30 -1.6
      vertex -97.0555 -54.4135 -1.6
      vertex -22 -30 -1.6
    endloop
  endfacet
  facet normal 0 0 -1
    outer loop
      vertex -24 -28 -1.6
      vertex -77.0384 -18.3902 -1.6
      vertex -77 -18 -1.6
    endloop
  endfacet
  facet normal 0 0 -1
    outer loop
      vertex -24 -28 -1.6
      vertex -77.1522 -18.7654 -1.6
      vertex -77.0384 -18.3902 -1.6
    endloop
  endfacet
  facet normal 0 0 -1
    outer loop
      vertex -23.9616 -28.3902 -1.6
      vertex -77.3371 -19.1111 -1.6
      vertex -77.1522 -18.7654 -1.6
    endloop
  endfacet
  facet normal 0 0 -1
    outer loop
      vertex -23.8478 -28.7654 -1.6
      vertex -77.5858 -19.4142 -1.6
      vertex -77.3371 -19.1111 -1.6
    endloop
  endfacet
  facet normal 0 0 -1
    outer loop
      vertex -23.1111 -29.6629 -1.6
      vertex -96.4294 -53.6506 -1.6
      vertex -96.3327 -53.3317 -1.6
    endloop
  endfacet
  facet normal 0 0 -1
    outer loop
      vertex -23.4142 -29.4142 -1.6
      vertex -96.3327 -53.3317 -1.6
      vertex -96.3 -53 -1.6
    endloop
  endfacet
  facet normal 0 0 -1
    outer loop
      vertex -23.6629 -29.1111 -1.6
      vertex -77.8889 -19.6629 -1.6
      vertex -77.5858 -19.4142 -1.6
    endloop
  endfacet
  facet normal -0 0 -1
    outer loop
      vertex -23.6629 -29.1111 -1.6
      vertex -96.3 -53 -1.6
      vertex -77.8889 -19.6629 -1.6
    endloop
  endfacet
  facet normal 0 0 -1
    outer loop
      vertex -96.3327 -52.6683 -1.6
      vertex -78.2346 -19.8478 -1.6
      vertex -96.3 -53 -1.6
    endloop
  endfacet
  facet normal 0 0 -1
    outer loop
      vertex -96.4294 -52.3494 -1.6
      vertex -78.6098 -19.9616 -1.6
      vertex -96.3327 -52.6683 -1.6
    endloop
  endfacet
  facet normal 0 0 -1
    outer loop
      vertex -89.5865 12.9445 -1.6
      vertex -87.5459 26.3327 -1.6
      vertex -89.4294 12.6506 -1.6
    endloop
  endfacet
  facet normal 0 0 -1
    outer loop
      vertex -87.7654 -16.1522 -1.6
      vertex -89.3327 -12.3317 -1.6
      vertex -89.3 -12 -1.6
    endloop
  endfacet
  facet normal 0 0 -1
    outer loop
      vertex -87.7654 -16.1522 -1.6
      vertex -89.4294 -12.6506 -1.6
      vertex -89.3327 -12.3317 -1.6
    endloop
  endfacet
  facet normal 0 0 -1
    outer loop
      vertex -87.7654 -16.1522 -1.6
      vertex -89.5865 -12.9445 -1.6
      vertex -89.4294 -12.6506 -1.6
    endloop
  endfacet
  facet normal 0 0 -1
    outer loop
      vertex -91 -13.7 -1.6
      vertex -89 -18 -1.6
      vertex -88.9616 -18.3902 -1.6
    endloop
  endfacet
  facet normal 0 0 -1
    outer loop
      vertex -87.7654 -16.1522 -1.6
      vertex -89.7979 -13.2021 -1.6
      vertex -89.5865 -12.9445 -1.6
    endloop
  endfacet
  facet normal 0 0 -1
    outer loop
      vertex -88.1111 -16.3371 -1.6
      vertex -90.0555 -13.4135 -1.6
      vertex -89.7979 -13.2021 -1.6
    endloop
  endfacet
  facet normal 0 0 -1
    outer loop
      vertex -88.1111 -16.3371 -1.6
      vertex -90.3494 -13.5706 -1.6
      vertex -90.0555 -13.4135 -1.6
    endloop
  endfacet
  facet normal 0 0 -1
    outer loop
      vertex -88.4142 -16.5858 -1.6
      vertex -90.6684 -13.6673 -1.6
      vertex -90.3494 -13.5706 -1.6
    endloop
  endfacet
  facet normal 0 0 -1
    outer loop
      vertex -91 -13.7 -1.6
      vertex -88.9616 -18.3902 -1.6
      vertex -88.8478 -18.7654 -1.6
    endloop
  endfacet
  facet normal 0 0 -1
    outer loop
      vertex -88.6629 -16.8889 -1.6
      vertex -91 -13.7 -1.6
      vertex -90.6684 -13.6673 -1.6
    endloop
  endfacet
  facet normal 0 0 -1
    outer loop
      vertex -97.3494 -51.4294 -1.6
      vertex -87.3902 -19.9616 -1.6
      vertex -97.0555 -51.5865 -1.6
    endloop
  endfacet
  facet normal -0 0 -1
    outer loop
      vertex -87 -20 -1.6
      vertex -97.0555 -51.5865 -1.6
      vertex -87.3902 -19.9616 -1.6
    endloop
  endfacet
  facet normal 0 0 -1
    outer loop
      vertex -97.0555 -51.5865 -1.6
      vertex -87 -20 -1.6
      vertex -96.7979 -51.7979 -1.6
    endloop
  endfacet
  facet normal -0 0 -1
    outer loop
      vertex -79 -20 -1.6
      vertex -96.7979 -51.7979 -1.6
      vertex -87 -20 -1.6
    endloop
  endfacet
  facet normal 0 0 -1
    outer loop
      vertex -96.7979 -51.7979 -1.6
      vertex -79 -20 -1.6
      vertex -96.5865 -52.0555 -1.6
    endloop
  endfacet
  facet normal 0 0 -1
    outer loop
      vertex -96.5865 -52.0555 -1.6
      vertex -79 -20 -1.6
      vertex -96.4294 -52.3494 -1.6
    endloop
  endfacet
  facet normal 0 0 -1
    outer loop
      vertex -78.6098 -19.9616 -1.6
      vertex -96.4294 -52.3494 -1.6
      vertex -79 -20 -1.6
    endloop
  endfacet
  facet normal 0 0 -1
    outer loop
      vertex -78.2346 -19.8478 -1.6
      vertex -96.3327 -52.6683 -1.6
      vertex -78.6098 -19.9616 -1.6
    endloop
  endfacet
  facet normal 0 0 -1
    outer loop
      vertex -77.8889 -19.6629 -1.6
      vertex -96.3 -53 -1.6
      vertex -78.2346 -19.8478 -1.6
    endloop
  endfacet
  facet normal 0 0 -1
    outer loop
      vertex -22.7654 -29.8478 -1.6
      vertex -96.5865 -53.9445 -1.6
      vertex -96.4294 -53.6506 -1.6
    endloop
  endfacet
  facet normal 0 0 -1
    outer loop
      vertex -22.3902 -29.9616 -1.6
      vertex -96.7979 -54.2021 -1.6
      vertex -96.5865 -53.9445 -1.6
    endloop
  endfacet
  facet normal -0 0 -1
    outer loop
      vertex -22 -30 -1.6
      vertex -96.7979 -54.2021 -1.6
      vertex -22.3902 -29.9616 -1.6
    endloop
  endfacet
  facet normal 0 -0 -1
    outer loop
      vertex -96.7979 -54.2021 -1.6
      vertex -22 -30 -1.6
      vertex -97.0555 -54.4135 -1.6
    endloop
  endfacet
  facet normal 0 0 -1
    outer loop
      vertex -97.0555 -54.4135 -1.6
      vertex -105 -60 -1.6
      vertex -97.3494 -54.5706 -1.6
    endloop
  endfacet
  facet normal 0 0 -1
    outer loop
      vertex -97.3494 -54.5706 -1.6
      vertex -105 -60 -1.6
      vertex -97.6684 -54.6673 -1.6
    endloop
  endfacet
  facet normal 0 0 -1
    outer loop
      vertex -99.5706 52.3494 -1.6
      vertex -105 60 -1.6
      vertex -99.6673 52.6683 -1.6
    endloop
  endfacet
  facet normal -0 0 -1
    outer loop
      vertex -99.6673 -53.3317 -1.6
      vertex -105 -60 -1.6
      vertex -99.7 -53 -1.6
    endloop
  endfacet
  facet normal -0 0 -1
    outer loop
      vertex -99.5706 -53.6506 -1.6
      vertex -105 -60 -1.6
      vertex -99.6673 -53.3317 -1.6
    endloop
  endfacet
  facet normal -0 0 -1
    outer loop
      vertex -99.4135 -53.9445 -1.6
      vertex -105 -60 -1.6
      vertex -99.5706 -53.6506 -1.6
    endloop
  endfacet
  facet normal -0 0 -1
    outer loop
      vertex -99.2021 -54.2021 -1.6
      vertex -105 -60 -1.6
      vertex -99.4135 -53.9445 -1.6
    endloop
  endfacet
  facet normal -0 0 -1
    outer loop
      vertex -98.9445 -54.4135 -1.6
      vertex -105 -60 -1.6
      vertex -99.2021 -54.2021 -1.6
    endloop
  endfacet
  facet normal -0 0 -1
    outer loop
      vertex -98.6506 -54.5706 -1.6
      vertex -105 -60 -1.6
      vertex -98.9445 -54.4135 -1.6
    endloop
  endfacet
  facet normal -0 0 -1
    outer loop
      vertex -98.3316 -54.6673 -1.6
      vertex -105 -60 -1.6
      vertex -98.6506 -54.5706 -1.6
    endloop
  endfacet
  facet normal -0 0 -1
    outer loop
      vertex -98 -54.7 -1.6
      vertex -105 -60 -1.6
      vertex -98.3316 -54.6673 -1.6
    endloop
  endfacet
  facet normal 0 0 -1
    outer loop
      vertex -97.6684 -54.6673 -1.6
      vertex -105 -60 -1.6
      vertex -98 -54.7 -1.6
    endloop
  endfacet
  facet normal 0 0 -1
    outer loop
      vertex 96.3731 19.7269 -1.6
      vertex 105 -60 -1.6
      vertex 99.6673 -52.6683 -1.6
    endloop
  endfacet
  facet normal 0 0 -1
    outer loop
      vertex 99.6673 53.3317 -1.6
      vertex 105 60 -1.6
      vertex 99.7 53 -1.6
    endloop
  endfacet
  facet normal 0 0 -1
    outer loop
      vertex 99.5706 53.6506 -1.6
      vertex 105 60 -1.6
      vertex 99.6673 53.3317 -1.6
    endloop
  endfacet
  facet normal 0 0 -1
    outer loop
      vertex 99.4135 53.9445 -1.6
      vertex 105 60 -1.6
      vertex 99.5706 53.6506 -1.6
    endloop
  endfacet
  facet normal 0 0 -1
    outer loop
      vertex 99.2021 54.2021 -1.6
      vertex 105 60 -1.6
      vertex 99.4135 53.9445 -1.6
    endloop
  endfacet
  facet normal 0 0 -1
    outer loop
      vertex 98.9445 54.4135 -1.6
      vertex 105 60 -1.6
      vertex 99.2021 54.2021 -1.6
    endloop
  endfacet
  facet normal 0 0 -1
    outer loop
      vertex 98.6506 54.5706 -1.6
      vertex 105 60 -1.6
      vertex 98.9445 54.4135 -1.6
    endloop
  endfacet
  facet normal 0 0 -1
    outer loop
      vertex 98.3316 54.6673 -1.6
      vertex 105 60 -1.6
      vertex 98.6506 54.5706 -1.6
    endloop
  endfacet
  facet normal 0 0 -1
    outer loop
      vertex 98 54.7 -1.6
      vertex 105 60 -1.6
      vertex 98.3316 54.6673 -1.6
    endloop
  endfacet
  facet normal 0 0 -1
    outer loop
      vertex 97.6684 54.6673 -1.6
      vertex 105 60 -1.6
      vertex 98 54.7 -1.6
    endloop
  endfacet
  facet normal 0 0 -1
    outer loop
      vertex 97.3494 54.5706 -1.6
      vertex 105 60 -1.6
      vertex 97.6684 54.6673 -1.6
    endloop
  endfacet
  facet normal 0 0 -1
    outer loop
      vertex 97.0555 54.4135 -1.6
      vertex 105 60 -1.6
      vertex 97.3494 54.5706 -1.6
    endloop
  endfacet
  facet normal 0 0 -1
    outer loop
      vertex 94.7269 25.3731 -1.6
      vertex 97.3494 51.4294 -1.6
      vertex 95 25.4 -1.6
    endloop
  endfacet
  facet normal -0 0 -1
    outer loop
      vertex 97.3494 51.4294 -1.6
      vertex 94.7269 25.3731 -1.6
      vertex 97.0555 51.5865 -1.6
    endloop
  endfacet
  facet normal 0 0 -1
    outer loop
      vertex 94.4642 25.2934 -1.6
      vertex 97.0555 51.5865 -1.6
      vertex 94.7269 25.3731 -1.6
    endloop
  endfacet
  facet normal 0 0 -1
    outer loop
      vertex 81.5358 25.2934 -1.6
      vertex 97.0555 51.5865 -1.6
      vertex 94.4642 25.2934 -1.6
    endloop
  endfacet
  facet normal -0 0 -1
    outer loop
      vertex 97.0555 51.5865 -1.6
      vertex 81.5358 25.2934 -1.6
      vertex 96.7979 51.7979 -1.6
    endloop
  endfacet
  facet normal 0 0 -1
    outer loop
      vertex 81.2731 25.3731 -1.6
      vertex 96.7979 51.7979 -1.6
      vertex 81.5358 25.2934 -1.6
    endloop
  endfacet
  facet normal -0 0 -1
    outer loop
      vertex 96.7979 51.7979 -1.6
      vertex 81.2731 25.3731 -1.6
      vertex 96.5865 52.0555 -1.6
    endloop
  endfacet
  facet normal 0 0 -1
    outer loop
      vertex 81 25.4 -1.6
      vertex 96.5865 52.0555 -1.6
      vertex 81.2731 25.3731 -1.6
    endloop
  endfacet
  facet normal 0 0 -1
    outer loop
      vertex 81.5358 25.2934 -1.6
      vertex 94.4642 25.2934 -1.6
      vertex 94.2222 25.1641 -1.6
    endloop
  endfacet
  facet normal 0 0 -1
    outer loop
      vertex 81.7778 25.1641 -1.6
      vertex 94.2222 25.1641 -1.6
      vertex 94.01 24.9899 -1.6
    endloop
  endfacet
  facet normal 0 0 -1
    outer loop
      vertex 81.99 24.9899 -1.6
      vertex 94.01 24.9899 -1.6
      vertex 93.8359 24.7778 -1.6
    endloop
  endfacet
  facet normal 0 0 -1
    outer loop
      vertex 82.1641 24.7778 -1.6
      vertex 93.8359 24.7778 -1.6
      vertex 93.7066 24.5358 -1.6
    endloop
  endfacet
  facet normal 0 0 -1
    outer loop
      vertex 82.2934 24.5358 -1.6
      vertex 93.7066 24.5358 -1.6
      vertex 93.6269 24.2731 -1.6
    endloop
  endfacet
  facet normal 0 0 -1
    outer loop
      vertex 82.3731 24.2731 -1.6
      vertex 93.6269 24.2731 -1.6
      vertex 93.6 24 -1.6
    endloop
  endfacet
  facet normal 0 0 -1
    outer loop
      vertex 82.3731 19.7269 -1.6
      vertex 93.7066 19.4642 -1.6
      vertex 93.8359 19.2222 -1.6
    endloop
  endfacet
  facet normal 0 0 -1
    outer loop
      vertex 82.3731 19.7269 -1.6
      vertex 93.6269 19.7269 -1.6
      vertex 93.7066 19.4642 -1.6
    endloop
  endfacet
  facet normal 0 0 -1
    outer loop
      vertex 93.6269 19.7269 -1.6
      vertex 82.4 20 -1.6
      vertex 93.6 20 -1.6
    endloop
  endfacet
  facet normal 0 0 -1
    outer loop
      vertex 82.3731 19.7269 -1.6
      vertex 89 -38 -1.6
      vertex 87.6344 -38.1345 -1.6
    endloop
  endfacet
  facet normal 0 0 -1
    outer loop
      vertex 93.6 20 -1.6
      vertex 82.4 20 -1.6
      vertex 93.6 24 -1.6
    endloop
  endfacet
  facet normal 0 0 -1
    outer loop
      vertex 82.3731 19.7269 -1.6
      vertex 87.6344 -38.1345 -1.6
      vertex 86.3212 -38.5328 -1.6
    endloop
  endfacet
  facet normal 0 0 -1
    outer loop
      vertex 82.4 24 -1.6
      vertex 93.6 24 -1.6
      vertex 82.4 20 -1.6
    endloop
  endfacet
  facet normal 0 0 -1
    outer loop
      vertex 82.3731 19.7269 -1.6
      vertex 86.3212 -38.5328 -1.6
      vertex 85.111 -39.1797 -1.6
    endloop
  endfacet
  facet normal 0 0 -1
    outer loop
      vertex 82.3731 19.7269 -1.6
      vertex 85.111 -39.1797 -1.6
      vertex 84.0503 -40.0503 -1.6
    endloop
  endfacet
  facet normal 0 0 -1
    outer loop
      vertex 82.3731 19.7269 -1.6
      vertex 84.0503 -40.0503 -1.6
      vertex 83.1797 -41.111 -1.6
    endloop
  endfacet
  facet normal 0 0 -1
    outer loop
      vertex 67.2346 -1.84776 -1.6
      vertex 83.1797 -41.111 -1.6
      vertex 82.5328 -42.3212 -1.6
    endloop
  endfacet
  facet normal 0 0 -1
    outer loop
      vertex 82.3731 24.2731 -1.6
      vertex 93.6 24 -1.6
      vertex 82.4 24 -1.6
    endloop
  endfacet
  facet normal 0 0 -1
    outer loop
      vertex 93.6269 24.2731 -1.6
      vertex 82.3731 24.2731 -1.6
      vertex 82.2934 24.5358 -1.6
    endloop
  endfacet
  facet normal 0 0 -1
    outer loop
      vertex 93.7066 24.5358 -1.6
      vertex 82.2934 24.5358 -1.6
      vertex 82.1641 24.7778 -1.6
    endloop
  endfacet
  facet normal 0 0 -1
    outer loop
      vertex 93.8359 24.7778 -1.6
      vertex 82.1641 24.7778 -1.6
      vertex 81.99 24.9899 -1.6
    endloop
  endfacet
  facet normal 0 0 -1
    outer loop
      vertex 94.01 24.9899 -1.6
      vertex 81.99 24.9899 -1.6
      vertex 81.7778 25.1641 -1.6
    endloop
  endfacet
  facet normal 0 0 -1
    outer loop
      vertex 94.2222 25.1641 -1.6
      vertex 81.7778 25.1641 -1.6
      vertex 81.5358 25.2934 -1.6
    endloop
  endfacet
  facet normal -0 0 -1
    outer loop
      vertex 96.5865 52.0555 -1.6
      vertex 81 25.4 -1.6
      vertex 96.4294 52.3494 -1.6
    endloop
  endfacet
  facet normal 0 0 -1
    outer loop
      vertex 80.7269 25.3731 -1.6
      vertex 96.4294 52.3494 -1.6
      vertex 81 25.4 -1.6
    endloop
  endfacet
  facet normal -0 0 -1
    outer loop
      vertex 96.4294 52.3494 -1.6
      vertex 80.7269 25.3731 -1.6
      vertex 96.3327 52.6683 -1.6
    endloop
  endfacet
  facet normal 0 0 -1
    outer loop
      vertex 80.4642 25.2934 -1.6
      vertex 96.3327 52.6683 -1.6
      vertex 80.7269 25.3731 -1.6
    endloop
  endfacet
  facet normal -0 0 -1
    outer loop
      vertex 96.3327 52.6683 -1.6
      vertex 80.4642 25.2934 -1.6
      vertex 96.3 53 -1.6
    endloop
  endfacet
  facet normal 0 0 -1
    outer loop
      vertex 80.2222 25.1641 -1.6
      vertex 96.3 53 -1.6
      vertex 80.4642 25.2934 -1.6
    endloop
  endfacet
  facet normal -0 0 -1
    outer loop
      vertex 96.3 53 -1.6
      vertex 80.2222 25.1641 -1.6
      vertex 96.3327 53.3317 -1.6
    endloop
  endfacet
  facet normal 0 0 -1
    outer loop
      vertex 80.01 24.9899 -1.6
      vertex 96.3327 53.3317 -1.6
      vertex 80.2222 25.1641 -1.6
    endloop
  endfacet
  facet normal -0 0 -1
    outer loop
      vertex 96.3327 53.3317 -1.6
      vertex 80.01 24.9899 -1.6
      vertex 96.4294 53.6506 -1.6
    endloop
  endfacet
  facet normal 0 0 -1
    outer loop
      vertex 4.39018 1.96157 -1.6
      vertex 96.4294 53.6506 -1.6
      vertex 80.01 24.9899 -1.6
    endloop
  endfacet
  facet normal 0 0 -1
    outer loop
      vertex 4.39018 1.96157 -1.6
      vertex 80.01 24.9899 -1.6
      vertex 79.8359 24.7778 -1.6
    endloop
  endfacet
  facet normal 0 0 -1
    outer loop
      vertex 76 2 -1.6
      vertex 80.4642 18.7066 -1.6
      vertex 76.3902 1.96157 -1.6
    endloop
  endfacet
  facet normal -0 0 -1
    outer loop
      vertex 80.4642 18.7066 -1.6
      vertex 76 2 -1.6
      vertex 80.2222 18.8359 -1.6
    endloop
  endfacet
  facet normal -0 0 -1
    outer loop
      vertex 80.2222 18.8359 -1.6
      vertex 76 2 -1.6
      vertex 80.01 19.01 -1.6
    endloop
  endfacet
  facet normal 0 0 -1
    outer loop
      vertex 68 2 -1.6
      vertex 80.01 19.01 -1.6
      vertex 76 2 -1.6
    endloop
  endfacet
  facet normal -0 0 -1
    outer loop
      vertex 80.01 19.01 -1.6
      vertex 68 2 -1.6
      vertex 79.8359 19.2222 -1.6
    endloop
  endfacet
  facet normal -0 0 -1
    outer loop
      vertex 79.8359 19.2222 -1.6
      vertex 68 2 -1.6
      vertex 79.7066 19.4642 -1.6
    endloop
  endfacet
  facet normal -0 0 -1
    outer loop
      vertex 79.7066 19.4642 -1.6
      vertex 68 2 -1.6
      vertex 79.6269 19.7269 -1.6
    endloop
  endfacet
  facet normal 0 0 -1
    outer loop
      vertex 67.6098 1.96157 -1.6
      vertex 79.6269 19.7269 -1.6
      vertex 68 2 -1.6
    endloop
  endfacet
  facet normal -0 0 -1
    outer loop
      vertex 79.6269 19.7269 -1.6
      vertex 67.6098 1.96157 -1.6
      vertex 79.6 20 -1.6
    endloop
  endfacet
  facet normal 0 0 -1
    outer loop
      vertex 67.2346 1.84776 -1.6
      vertex 79.6 20 -1.6
      vertex 67.6098 1.96157 -1.6
    endloop
  endfacet
  facet normal -0 0 -1
    outer loop
      vertex 79.6 20 -1.6
      vertex 67.2346 1.84776 -1.6
      vertex 79.6 24 -1.6
    endloop
  endfacet
  facet normal 0 0 -1
    outer loop
      vertex 66.8889 1.66294 -1.6
      vertex 79.6 24 -1.6
      vertex 67.2346 1.84776 -1.6
    endloop
  endfacet
  facet normal -0 0 -1
    outer loop
      vertex 79.6 24 -1.6
      vertex 66.8889 1.66294 -1.6
      vertex 79.6269 24.2731 -1.6
    endloop
  endfacet
  facet normal 0 0 -1
    outer loop
      vertex 66.5858 1.41421 -1.6
      vertex 79.6269 24.2731 -1.6
      vertex 66.8889 1.66294 -1.6
    endloop
  endfacet
  facet normal 0 0 -1
    outer loop
      vertex 5.41421 1.41421 -1.6
      vertex 79.6269 24.2731 -1.6
      vertex 66.5858 1.41421 -1.6
    endloop
  endfacet
  facet normal -0 0 -1
    outer loop
      vertex 79.6269 24.2731 -1.6
      vertex 5.41421 1.41421 -1.6
      vertex 79.7066 24.5358 -1.6
    endloop
  endfacet
  facet normal 0 0 -1
    outer loop
      vertex 5.41421 1.41421 -1.6
      vertex 66.5858 1.41421 -1.6
      vertex 66.3371 1.11114 -1.6
    endloop
  endfacet
  facet normal 0 0 -1
    outer loop
      vertex 6 0 -1.6
      vertex 66.0384 0.390181 -1.6
      vertex 66 0 -1.6
    endloop
  endfacet
  facet normal 0 0 -1
    outer loop
      vertex 5.96157 0.390181 -1.6
      vertex 66.0384 0.390181 -1.6
      vertex 6 0 -1.6
    endloop
  endfacet
  facet normal 0 0 -1
    outer loop
      vertex 66.0384 0.390181 -1.6
      vertex 5.96157 0.390181 -1.6
      vertex 66.1522 0.765367 -1.6
    endloop
  endfacet
  facet normal 0 0 -1
    outer loop
      vertex 5.84776 0.765367 -1.6
      vertex 66.1522 0.765367 -1.6
      vertex 5.96157 0.390181 -1.6
    endloop
  endfacet
  facet normal 0 0 -1
    outer loop
      vertex 66.1522 0.765367 -1.6
      vertex 5.84776 0.765367 -1.6
      vertex 66.3371 1.11114 -1.6
    endloop
  endfacet
  facet normal 0 0 -1
    outer loop
      vertex 5.66294 1.11114 -1.6
      vertex 66.3371 1.11114 -1.6
      vertex 5.84776 0.765367 -1.6
    endloop
  endfacet
  facet normal 0 0 -1
    outer loop
      vertex 5.41421 1.41421 -1.6
      vertex 66.3371 1.11114 -1.6
      vertex 5.66294 1.11114 -1.6
    endloop
  endfacet
  facet normal 0 0 -1
    outer loop
      vertex 5.11114 1.66294 -1.6
      vertex 79.7066 24.5358 -1.6
      vertex 5.41421 1.41421 -1.6
    endloop
  endfacet
  facet normal -0 0 -1
    outer loop
      vertex 79.7066 24.5358 -1.6
      vertex 5.11114 1.66294 -1.6
      vertex 79.8359 24.7778 -1.6
    endloop
  endfacet
  facet normal 0 0 -1
    outer loop
      vertex 4.76537 1.84776 -1.6
      vertex 79.8359 24.7778 -1.6
      vertex 5.11114 1.66294 -1.6
    endloop
  endfacet
  facet normal 0 0 -1
    outer loop
      vertex 4.39018 1.96157 -1.6
      vertex 79.8359 24.7778 -1.6
      vertex 4.76537 1.84776 -1.6
    endloop
  endfacet
  facet normal 0 0 -1
    outer loop
      vertex -66.0569 49.2876 -1.6
      vertex 96.4294 53.6506 -1.6
      vertex 4.39018 1.96157 -1.6
    endloop
  endfacet
  facet normal -0 0 -1
    outer loop
      vertex 96.4294 53.6506 -1.6
      vertex -66.0569 49.2876 -1.6
      vertex 96.5865 53.9445 -1.6
    endloop
  endfacet
  facet normal 0 0 -1
    outer loop
      vertex -66.3327 49.6673 -1.6
      vertex 96.5865 53.9445 -1.6
      vertex -66.0569 49.2876 -1.6
    endloop
  endfacet
  facet normal -0 0 -1
    outer loop
      vertex 96.5865 53.9445 -1.6
      vertex -66.3327 49.6673 -1.6
      vertex 96.7979 54.2021 -1.6
    endloop
  endfacet
  facet normal 0 0 -1
    outer loop
      vertex -66.0569 49.2876 -1.6
      vertex 4.39018 1.96157 -1.6
      vertex 4 2 -1.6
    endloop
  endfacet
  facet normal 0 0 -1
    outer loop
      vertex -66.0569 49.2876 -1.6
      vertex 4 2 -1.6
      vertex -4 2 -1.6
    endloop
  endfacet
  facet normal 0 0 -1
    outer loop
      vertex -61.5734 38.4635 -1.6
      vertex -4 2 -1.6
      vertex -4.39018 1.96157 -1.6
    endloop
  endfacet
  facet normal 0 0 -1
    outer loop
      vertex -61.5 38 -1.6
      vertex -4.39018 1.96157 -1.6
      vertex -4.76537 1.84776 -1.6
    endloop
  endfacet
  facet normal -0 0 -1
    outer loop
      vertex -4.97225 -13.4551 -1.6
      vertex -13.2346 -26.1522 -1.6
      vertex -5.23744 -13.2374 -1.6
    endloop
  endfacet
  facet normal 0 0 -1
    outer loop
      vertex -13.6098 -26.0384 -1.6
      vertex -5.23744 -13.2374 -1.6
      vertex -13.2346 -26.1522 -1.6
    endloop
  endfacet
  facet normal -0 0 -1
    outer loop
      vertex -5.23744 -13.2374 -1.6
      vertex -13.6098 -26.0384 -1.6
      vertex -5.45507 -12.9722 -1.6
    endloop
  endfacet
  facet normal 0 0 -1
    outer loop
      vertex -14 -26 -1.6
      vertex -5.45507 -12.9722 -1.6
      vertex -13.6098 -26.0384 -1.6
    endloop
  endfacet
  facet normal -0 0 -1
    outer loop
      vertex -5.45507 -12.9722 -1.6
      vertex -14 -26 -1.6
      vertex -5.61679 -12.6697 -1.6
    endloop
  endfacet
  facet normal -0 0 -1
    outer loop
      vertex -5.61679 -12.6697 -1.6
      vertex -14 -26 -1.6
      vertex -5.71637 -12.3414 -1.6
    endloop
  endfacet
  facet normal 0 0 -1
    outer loop
      vertex -22 -26 -1.6
      vertex -5.71637 -12.3414 -1.6
      vertex -14 -26 -1.6
    endloop
  endfacet
  facet normal -0 0 -1
    outer loop
      vertex -5.71637 -12.3414 -1.6
      vertex -22 -26 -1.6
      vertex -5.75 -12 -1.6
    endloop
  endfacet
  facet normal 0 0 -1
    outer loop
      vertex -22.3902 -26.0384 -1.6
      vertex -5.75 -12 -1.6
      vertex -22 -26 -1.6
    endloop
  endfacet
  facet normal 0 0 -1
    outer loop
      vertex -22.7654 -26.1522 -1.6
      vertex -5.96157 -0.390181 -1.6
      vertex -22.3902 -26.0384 -1.6
    endloop
  endfacet
  facet normal -0 0 -1
    outer loop
      vertex -5.96157 -0.390181 -1.6
      vertex -22.7654 -26.1522 -1.6
      vertex -6 0 -1.6
    endloop
  endfacet
  facet normal 0 0 -1
    outer loop
      vertex -23.1111 -26.3371 -1.6
      vertex -6 0 -1.6
      vertex -22.7654 -26.1522 -1.6
    endloop
  endfacet
  facet normal -0 0 -1
    outer loop
      vertex -6 0 -1.6
      vertex -23.1111 -26.3371 -1.6
      vertex -5.96157 0.390181 -1.6
    endloop
  endfacet
  facet normal 0 0 -1
    outer loop
      vertex -61.5 38 -1.6
      vertex -5.96157 0.390181 -1.6
      vertex -23.1111 -26.3371 -1.6
    endloop
  endfacet
  facet normal 0 0 -1
    outer loop
      vertex -5.96157 0.390181 -1.6
      vertex -61.5 38 -1.6
      vertex -5.84776 0.765367 -1.6
    endloop
  endfacet
  facet normal 0 0 -1
    outer loop
      vertex -61.5 38 -1.6
      vertex -23.1111 -26.3371 -1.6
      vertex -23.4142 -26.5858 -1.6
    endloop
  endfacet
  facet normal 0 0 -1
    outer loop
      vertex -61.5 38 -1.6
      vertex -23.4142 -26.5858 -1.6
      vertex -23.6629 -26.8889 -1.6
    endloop
  endfacet
  facet normal 0 0 -1
    outer loop
      vertex -61.5 38 -1.6
      vertex -23.9616 -27.6098 -1.6
      vertex -24 -28 -1.6
    endloop
  endfacet
  facet normal 0 0 -1
    outer loop
      vertex -61.5 38 -1.6
      vertex -23.8478 -27.2346 -1.6
      vertex -23.9616 -27.6098 -1.6
    endloop
  endfacet
  facet normal 0 0 -1
    outer loop
      vertex -61.5 38 -1.6
      vertex -23.6629 -26.8889 -1.6
      vertex -23.8478 -27.2346 -1.6
    endloop
  endfacet
  facet normal 0 0 -1
    outer loop
      vertex -5.84776 0.765367 -1.6
      vertex -61.5 38 -1.6
      vertex -5.66294 1.11114 -1.6
    endloop
  endfacet
  facet normal 0 0 -1
    outer loop
      vertex -61.5 38 -1.6
      vertex -5.41421 1.41421 -1.6
      vertex -5.66294 1.11114 -1.6
    endloop
  endfacet
  facet normal 0 0 -1
    outer loop
      vertex -61.5 38 -1.6
      vertex -5.11114 1.66294 -1.6
      vertex -5.41421 1.41421 -1.6
    endloop
  endfacet
  facet normal 0 0 -1
    outer loop
      vertex -61.5 38 -1.6
      vertex -4.76537 1.84776 -1.6
      vertex -5.11114 1.66294 -1.6
    endloop
  endfacet
  facet normal 0 0 -1
    outer loop
      vertex -4.39018 1.96157 -1.6
      vertex -61.5 38 -1.6
      vertex -61.5734 38.4635 -1.6
    endloop
  endfacet
  facet normal 0 0 -1
    outer loop
      vertex -4 2 -1.6
      vertex -61.5734 38.4635 -1.6
      vertex -66.0569 49.2876 -1.6
    endloop
  endfacet
  facet normal 0 0 -1
    outer loop
      vertex -66.0569 49.2876 -1.6
      vertex -61.5734 38.4635 -1.6
      vertex -61.7865 38.8817 -1.6
    endloop
  endfacet
  facet normal 0 0 -1
    outer loop
      vertex -65.9119 48.8413 -1.6
      vertex -61.7865 38.8817 -1.6
      vertex -62.1183 39.2135 -1.6
    endloop
  endfacet
  facet normal 0 0 -1
    outer loop
      vertex -65.9119 48.3719 -1.6
      vertex -62.1183 39.2135 -1.6
      vertex -62.5365 39.4266 -1.6
    endloop
  endfacet
  facet normal 0 0 -1
    outer loop
      vertex -65.9119 48.3719 -1.6
      vertex -62.5365 39.4266 -1.6
      vertex -63 39.5 -1.6
    endloop
  endfacet
  facet normal -0 0 -1
    outer loop
      vertex -63.4635 36.5734 -1.6
      vertex -66.7124 28.7299 -1.6
      vertex -63.8817 36.7865 -1.6
    endloop
  endfacet
  facet normal 0 0 -1
    outer loop
      vertex -67.1587 28.8749 -1.6
      vertex -63.8817 36.7865 -1.6
      vertex -66.7124 28.7299 -1.6
    endloop
  endfacet
  facet normal 0 0 -1
    outer loop
      vertex -65.9119 48.3719 -1.6
      vertex -64.4266 38.4635 -1.6
      vertex -64.5 38 -1.6
    endloop
  endfacet
  facet normal 0 0 -1
    outer loop
      vertex -65.9119 48.3719 -1.6
      vertex -64.2135 38.8817 -1.6
      vertex -64.4266 38.4635 -1.6
    endloop
  endfacet
  facet normal 0 0 -1
    outer loop
      vertex -65.9119 48.3719 -1.6
      vertex -63.8817 39.2135 -1.6
      vertex -64.2135 38.8817 -1.6
    endloop
  endfacet
  facet normal 0 0 -1
    outer loop
      vertex -65.9119 48.3719 -1.6
      vertex -63.4635 39.4266 -1.6
      vertex -63.8817 39.2135 -1.6
    endloop
  endfacet
  facet normal 0 0 -1
    outer loop
      vertex -65.9119 48.3719 -1.6
      vertex -63 39.5 -1.6
      vertex -63.4635 39.4266 -1.6
    endloop
  endfacet
  facet normal 0 0 -1
    outer loop
      vertex -62.1183 39.2135 -1.6
      vertex -65.9119 48.3719 -1.6
      vertex -65.9119 48.8413 -1.6
    endloop
  endfacet
  facet normal 0 0 -1
    outer loop
      vertex -66.0569 49.2876 -1.6
      vertex -61.7865 38.8817 -1.6
      vertex -65.9119 48.8413 -1.6
    endloop
  endfacet
  facet normal -0 0 -1
    outer loop
      vertex 96.7979 54.2021 -1.6
      vertex -66.3327 49.6673 -1.6
      vertex 97.0555 54.4135 -1.6
    endloop
  endfacet
  facet normal 0 0 -1
    outer loop
      vertex -66.7124 49.9431 -1.6
      vertex 97.0555 54.4135 -1.6
      vertex -66.3327 49.6673 -1.6
    endloop
  endfacet
  facet normal -0 0 -1
    outer loop
      vertex 97.0555 54.4135 -1.6
      vertex -66.7124 49.9431 -1.6
      vertex 105 60 -1.6
    endloop
  endfacet
  facet normal 0 0 -1
    outer loop
      vertex -77.5365 54.4266 -1.6
      vertex -66.7124 49.9431 -1.6
      vertex -67.1587 50.0881 -1.6
    endloop
  endfacet
  facet normal 0 0 -1
    outer loop
      vertex -77.1183 54.2135 -1.6
      vertex -67.1587 50.0881 -1.6
      vertex -67.6281 50.0881 -1.6
    endloop
  endfacet
  facet normal 0 0 -1
    outer loop
      vertex -70.8616 43.4222 -1.6
      vertex -69.1183 39.2135 -1.6
      vertex -69.5365 39.4266 -1.6
    endloop
  endfacet
  facet normal 0 0 -1
    outer loop
      vertex -70.8616 43.4222 -1.6
      vertex -69.5365 39.4266 -1.6
      vertex -70 39.5 -1.6
    endloop
  endfacet
  facet normal 0 0 -1
    outer loop
      vertex -70.8616 43.4222 -1.6
      vertex -70 39.5 -1.6
      vertex -70.4635 39.4266 -1.6
    endloop
  endfacet
  facet normal -0 0 -1
    outer loop
      vertex -68.0744 47.2701 -1.6
      vertex -71.0066 44.3378 -1.6
      vertex -68.4541 47.5459 -1.6
    endloop
  endfacet
  facet normal -0 0 -1
    outer loop
      vertex -68.4541 47.5459 -1.6
      vertex -71.2825 44.7175 -1.6
      vertex -68.7299 47.9256 -1.6
    endloop
  endfacet
  facet normal 0 0 -1
    outer loop
      vertex -71.6622 44.9934 -1.6
      vertex -68.7299 47.9256 -1.6
      vertex -71.2825 44.7175 -1.6
    endloop
  endfacet
  facet normal -0 0 -1
    outer loop
      vertex -68.7299 47.9256 -1.6
      vertex -71.6622 44.9934 -1.6
      vertex -68.8749 48.3719 -1.6
    endloop
  endfacet
  facet normal 0 0 -1
    outer loop
      vertex -72.1085 45.1384 -1.6
      vertex -68.8749 48.3719 -1.6
      vertex -71.6622 44.9934 -1.6
    endloop
  endfacet
  facet normal -0 0 -1
    outer loop
      vertex -68.8749 48.3719 -1.6
      vertex -72.1085 45.1384 -1.6
      vertex -68.8749 48.8413 -1.6
    endloop
  endfacet
  facet normal 0 0 -1
    outer loop
      vertex -72.5778 45.1384 -1.6
      vertex -68.8749 48.8413 -1.6
      vertex -72.1085 45.1384 -1.6
    endloop
  endfacet
  facet normal 0 0 -1
    outer loop
      vertex -76.7865 46.8817 -1.6
      vertex -72.5778 45.1384 -1.6
      vertex -76.5734 46.4635 -1.6
    endloop
  endfacet
  facet normal 0 0 -1
    outer loop
      vertex -68.8749 48.8413 -1.6
      vertex -76.5 53 -1.6
      vertex -68.7299 49.2876 -1.6
    endloop
  endfacet
  facet normal 0 0 -1
    outer loop
      vertex -76.5734 46.4635 -1.6
      vertex -73.0241 44.9934 -1.6
      vertex -76.5 46 -1.6
    endloop
  endfacet
  facet normal 0 0 -1
    outer loop
      vertex -76.5 46 -1.6
      vertex -73.0241 44.9934 -1.6
      vertex -73.4038 44.7175 -1.6
    endloop
  endfacet
  facet normal 0 0 -1
    outer loop
      vertex -76.5858 39.4142 -1.6
      vertex -73.4038 42.5962 -1.6
      vertex -76.3371 39.1111 -1.6
    endloop
  endfacet
  facet normal 0 0 -1
    outer loop
      vertex -76.8889 39.6629 -1.6
      vertex -73.4038 42.5962 -1.6
      vertex -76.5858 39.4142 -1.6
    endloop
  endfacet
  facet normal -0 0 -1
    outer loop
      vertex -73.4038 42.5962 -1.6
      vertex -76.8889 39.6629 -1.6
      vertex -73.6797 42.9759 -1.6
    endloop
  endfacet
  facet normal 0 0 -1
    outer loop
      vertex -76.5734 45.5365 -1.6
      vertex -73.8247 43.8915 -1.6
      vertex -73.8247 43.4222 -1.6
    endloop
  endfacet
  facet normal 0 0 -1
    outer loop
      vertex -76.5734 45.5365 -1.6
      vertex -73.6797 44.3378 -1.6
      vertex -73.8247 43.8915 -1.6
    endloop
  endfacet
  facet normal 0 0 -1
    outer loop
      vertex -76.5 46 -1.6
      vertex -73.4038 44.7175 -1.6
      vertex -73.6797 44.3378 -1.6
    endloop
  endfacet
  facet normal 0 0 -1
    outer loop
      vertex -73.0241 44.9934 -1.6
      vertex -76.5734 46.4635 -1.6
      vertex -72.5778 45.1384 -1.6
    endloop
  endfacet
  facet normal 0 0 -1
    outer loop
      vertex -68.7299 49.2876 -1.6
      vertex -76.5 53 -1.6
      vertex -68.4541 49.6673 -1.6
    endloop
  endfacet
  facet normal 0 0 -1
    outer loop
      vertex -68.4541 49.6673 -1.6
      vertex -76.5 53 -1.6
      vertex -68.0744 49.9431 -1.6
    endloop
  endfacet
  facet normal 0 0 -1
    outer loop
      vertex -76.5734 53.4635 -1.6
      vertex -68.0744 49.9431 -1.6
      vertex -76.5 53 -1.6
    endloop
  endfacet
  facet normal 0 0 -1
    outer loop
      vertex -68.0744 49.9431 -1.6
      vertex -76.5734 53.4635 -1.6
      vertex -67.6281 50.0881 -1.6
    endloop
  endfacet
  facet normal 0 0 -1
    outer loop
      vertex -76.7865 53.8817 -1.6
      vertex -67.6281 50.0881 -1.6
      vertex -76.5734 53.4635 -1.6
    endloop
  endfacet
  facet normal 0 0 -1
    outer loop
      vertex -77.1183 54.2135 -1.6
      vertex -67.6281 50.0881 -1.6
      vertex -76.7865 53.8817 -1.6
    endloop
  endfacet
  facet normal 0 0 -1
    outer loop
      vertex -67.1587 50.0881 -1.6
      vertex -77.1183 54.2135 -1.6
      vertex -77.5365 54.4266 -1.6
    endloop
  endfacet
  facet normal 0 0 -1
    outer loop
      vertex -66.7124 49.9431 -1.6
      vertex -77.5365 54.4266 -1.6
      vertex 105 60 -1.6
    endloop
  endfacet
  facet normal 0 0 -1
    outer loop
      vertex -105 60 -1.6
      vertex -77.5365 54.4266 -1.6
      vertex -78 54.5 -1.6
    endloop
  endfacet
  facet normal 0 0 -1
    outer loop
      vertex -82.1753 43.4222 -1.6
      vertex -79.6629 39.1111 -1.6
      vertex -79.8478 38.7654 -1.6
    endloop
  endfacet
  facet normal 0 0 -1
    outer loop
      vertex -82.1753 43.4222 -1.6
      vertex -79.8478 38.7654 -1.6
      vertex -79.9616 38.3902 -1.6
    endloop
  endfacet
  facet normal 0 0 -1
    outer loop
      vertex -82.1753 43.4222 -1.6
      vertex -79.9616 38.3902 -1.6
      vertex -80 38 -1.6
    endloop
  endfacet
  facet normal 0 0 -1
    outer loop
      vertex -82.9759 33.6797 -1.6
      vertex -79.6629 36.8889 -1.6
      vertex -82.5962 33.4038 -1.6
    endloop
  endfacet
  facet normal -0 0 -1
    outer loop
      vertex -79.6629 36.8889 -1.6
      vertex -82.9759 33.6797 -1.6
      vertex -79.8478 37.2346 -1.6
    endloop
  endfacet
  facet normal 0 0 -1
    outer loop
      vertex -82.3203 44.3378 -1.6
      vertex -79.4266 45.5365 -1.6
      vertex -82.1753 43.8915 -1.6
    endloop
  endfacet
  facet normal -0 0 -1
    outer loop
      vertex -79.4266 45.5365 -1.6
      vertex -82.3203 44.3378 -1.6
      vertex -79.5 46 -1.6
    endloop
  endfacet
  facet normal 0 0 -1
    outer loop
      vertex -82.5962 44.7175 -1.6
      vertex -79.5 46 -1.6
      vertex -82.3203 44.3378 -1.6
    endloop
  endfacet
  facet normal 0 0 -1
    outer loop
      vertex -82.9759 44.9934 -1.6
      vertex -79.5 46 -1.6
      vertex -82.5962 44.7175 -1.6
    endloop
  endfacet
  facet normal 0 0 -1
    outer loop
      vertex -79.4266 46.4635 -1.6
      vertex -82.9759 44.9934 -1.6
      vertex -83.4222 45.1384 -1.6
    endloop
  endfacet
  facet normal -0 0 -1
    outer loop
      vertex -79.2135 52.1183 -1.6
      vertex -87.1251 48.8413 -1.6
      vertex -79.4266 52.5365 -1.6
    endloop
  endfacet
  facet normal 0 0 -1
    outer loop
      vertex -87.2701 49.2876 -1.6
      vertex -79.4266 52.5365 -1.6
      vertex -87.1251 48.8413 -1.6
    endloop
  endfacet
  facet normal 0 0 -1
    outer loop
      vertex -87.1251 48.8413 -1.6
      vertex -83.4222 45.1384 -1.6
      vertex -83.8915 45.1384 -1.6
    endloop
  endfacet
  facet normal -0 0 -1
    outer loop
      vertex -79.4266 52.5365 -1.6
      vertex -87.2701 49.2876 -1.6
      vertex -79.5 53 -1.6
    endloop
  endfacet
  facet normal 0 0 -1
    outer loop
      vertex -87.1251 48.3719 -1.6
      vertex -83.8915 45.1384 -1.6
      vertex -84.3378 44.9934 -1.6
    endloop
  endfacet
  facet normal 0 0 -1
    outer loop
      vertex -87.1251 48.3719 -1.6
      vertex -84.3378 44.9934 -1.6
      vertex -84.7175 44.7175 -1.6
    endloop
  endfacet
  facet normal 0 0 -1
    outer loop
      vertex -87.1251 48.3719 -1.6
      vertex -84.7175 44.7175 -1.6
      vertex -84.9934 44.3378 -1.6
    endloop
  endfacet
  facet normal -0 0 -1
    outer loop
      vertex -84.9934 42.9759 -1.6
      vertex -86.4635 39.4266 -1.6
      vertex -85.1384 43.4222 -1.6
    endloop
  endfacet
  facet normal 0 0 -1
    outer loop
      vertex -86.8817 39.2135 -1.6
      vertex -85.1384 43.4222 -1.6
      vertex -86.4635 39.4266 -1.6
    endloop
  endfacet
  facet normal -0 0 -1
    outer loop
      vertex -85.1384 43.4222 -1.6
      vertex -86.8817 39.2135 -1.6
      vertex -85.1384 43.8915 -1.6
    endloop
  endfacet
  facet normal 0 0 -1
    outer loop
      vertex -87.1251 48.3719 -1.6
      vertex -85.1384 43.8915 -1.6
      vertex -86.8817 39.2135 -1.6
    endloop
  endfacet
  facet normal 0 0 -1
    outer loop
      vertex -85.1384 43.8915 -1.6
      vertex -87.1251 48.3719 -1.6
      vertex -84.9934 44.3378 -1.6
    endloop
  endfacet
  facet normal 0 0 -1
    outer loop
      vertex -83.8915 45.1384 -1.6
      vertex -87.1251 48.3719 -1.6
      vertex -87.1251 48.8413 -1.6
    endloop
  endfacet
  facet normal 0 0 -1
    outer loop
      vertex -87.5459 49.6673 -1.6
      vertex -79.5 53 -1.6
      vertex -87.2701 49.2876 -1.6
    endloop
  endfacet
  facet normal -0 0 -1
    outer loop
      vertex -79.5 53 -1.6
      vertex -87.5459 49.6673 -1.6
      vertex -79.4266 53.4635 -1.6
    endloop
  endfacet
  facet normal 0 0 -1
    outer loop
      vertex -87.9256 49.9431 -1.6
      vertex -79.4266 53.4635 -1.6
      vertex -87.5459 49.6673 -1.6
    endloop
  endfacet
  facet normal -0 0 -1
    outer loop
      vertex -79.4266 53.4635 -1.6
      vertex -87.9256 49.9431 -1.6
      vertex -79.2135 53.8817 -1.6
    endloop
  endfacet
  facet normal 0 0 -1
    outer loop
      vertex -88.3719 50.0881 -1.6
      vertex -79.2135 53.8817 -1.6
      vertex -87.9256 49.9431 -1.6
    endloop
  endfacet
  facet normal 0 0 -1
    outer loop
      vertex -96.7979 54.2021 -1.6
      vertex -79.2135 53.8817 -1.6
      vertex -88.3719 50.0881 -1.6
    endloop
  endfacet
  facet normal 0 0 -1
    outer loop
      vertex -79.2135 53.8817 -1.6
      vertex -96.7979 54.2021 -1.6
      vertex -78.8817 54.2135 -1.6
    endloop
  endfacet
  facet normal 0 0 -1
    outer loop
      vertex -96.5865 53.9445 -1.6
      vertex -88.3719 50.0881 -1.6
      vertex -88.8413 50.0881 -1.6
    endloop
  endfacet
  facet normal 0 0 -1
    outer loop
      vertex -96.4294 53.6506 -1.6
      vertex -88.8413 50.0881 -1.6
      vertex -89.2876 49.9431 -1.6
    endloop
  endfacet
  facet normal -0 0 -1
    outer loop
      vertex -89.6673 26.3327 -1.6
      vertex -97 13.7 -1.6
      vertex -89.9431 26.7124 -1.6
    endloop
  endfacet
  facet normal 0 0 -1
    outer loop
      vertex -97.3316 13.6673 -1.6
      vertex -89.9431 26.7124 -1.6
      vertex -97 13.7 -1.6
    endloop
  endfacet
  facet normal 0 0 -1
    outer loop
      vertex -91.5734 38.4635 -1.6
      vertex -90.0881 48.3719 -1.6
      vertex -91.5 38 -1.6
    endloop
  endfacet
  facet normal 0 0 -1
    outer loop
      vertex -91.7865 38.8817 -1.6
      vertex -90.0881 48.3719 -1.6
      vertex -91.5734 38.4635 -1.6
    endloop
  endfacet
  facet normal 0 0 -1
    outer loop
      vertex -92.1183 39.2135 -1.6
      vertex -90.0881 48.3719 -1.6
      vertex -91.7865 38.8817 -1.6
    endloop
  endfacet
  facet normal 0 0 -1
    outer loop
      vertex -92.5365 39.4266 -1.6
      vertex -90.0881 48.3719 -1.6
      vertex -92.1183 39.2135 -1.6
    endloop
  endfacet
  facet normal 0 0 -1
    outer loop
      vertex -93 39.5 -1.6
      vertex -90.0881 48.3719 -1.6
      vertex -92.5365 39.4266 -1.6
    endloop
  endfacet
  facet normal 0 0 -1
    outer loop
      vertex -93.4635 39.4266 -1.6
      vertex -90.0881 48.3719 -1.6
      vertex -93 39.5 -1.6
    endloop
  endfacet
  facet normal 0 0 -1
    outer loop
      vertex -96.3327 52.6683 -1.6
      vertex -90.0881 48.3719 -1.6
      vertex -93.4635 39.4266 -1.6
    endloop
  endfacet
  facet normal 0 0 -1
    outer loop
      vertex -96.3327 52.6683 -1.6
      vertex -90.0881 48.8413 -1.6
      vertex -90.0881 48.3719 -1.6
    endloop
  endfacet
  facet normal 0 0 -1
    outer loop
      vertex -96.3327 52.6683 -1.6
      vertex -93.4635 39.4266 -1.6
      vertex -93.8817 39.2135 -1.6
    endloop
  endfacet
  facet normal 0 0 -1
    outer loop
      vertex -96.3327 52.6683 -1.6
      vertex -93.8817 39.2135 -1.6
      vertex -94.2135 38.8817 -1.6
    endloop
  endfacet
  facet normal 0 0 -1
    outer loop
      vertex -96.3327 52.6683 -1.6
      vertex -94.2135 38.8817 -1.6
      vertex -94.4266 38.4635 -1.6
    endloop
  endfacet
  facet normal 0 0 -1
    outer loop
      vertex -99.2021 51.7979 -1.6
      vertex -94.4266 38.4635 -1.6
      vertex -94.5 38 -1.6
    endloop
  endfacet
  facet normal 0 0 -1
    outer loop
      vertex -96.3327 52.6683 -1.6
      vertex -89.9431 49.2876 -1.6
      vertex -90.0881 48.8413 -1.6
    endloop
  endfacet
  facet normal 0 0 -1
    outer loop
      vertex -96.3327 52.6683 -1.6
      vertex -89.6673 49.6673 -1.6
      vertex -89.9431 49.2876 -1.6
    endloop
  endfacet
  facet normal 0 0 -1
    outer loop
      vertex -96.3 53 -1.6
      vertex -89.2876 49.9431 -1.6
      vertex -89.6673 49.6673 -1.6
    endloop
  endfacet
  facet normal 0 0 -1
    outer loop
      vertex -96.3327 53.3317 -1.6
      vertex -89.2876 49.9431 -1.6
      vertex -96.3 53 -1.6
    endloop
  endfacet
  facet normal 0 0 -1
    outer loop
      vertex -96.4294 53.6506 -1.6
      vertex -89.2876 49.9431 -1.6
      vertex -96.3327 53.3317 -1.6
    endloop
  endfacet
  facet normal 0 0 -1
    outer loop
      vertex -88.8413 50.0881 -1.6
      vertex -96.4294 53.6506 -1.6
      vertex -96.5865 53.9445 -1.6
    endloop
  endfacet
  facet normal 0 0 -1
    outer loop
      vertex -88.3719 50.0881 -1.6
      vertex -96.5865 53.9445 -1.6
      vertex -96.7979 54.2021 -1.6
    endloop
  endfacet
  facet normal 0 0 -1
    outer loop
      vertex -97.0555 54.4135 -1.6
      vertex -78.8817 54.2135 -1.6
      vertex -96.7979 54.2021 -1.6
    endloop
  endfacet
  facet normal 0 0 -1
    outer loop
      vertex -78.8817 54.2135 -1.6
      vertex -97.0555 54.4135 -1.6
      vertex -78.4635 54.4266 -1.6
    endloop
  endfacet
  facet normal 0 0 -1
    outer loop
      vertex -97.3494 54.5706 -1.6
      vertex -78.4635 54.4266 -1.6
      vertex -97.0555 54.4135 -1.6
    endloop
  endfacet
  facet normal 0 0 -1
    outer loop
      vertex -105 60 -1.6
      vertex -78.4635 54.4266 -1.6
      vertex -97.3494 54.5706 -1.6
    endloop
  endfacet
  facet normal 0 0 -1
    outer loop
      vertex -78.4635 54.4266 -1.6
      vertex -105 60 -1.6
      vertex -78 54.5 -1.6
    endloop
  endfacet
  facet normal 0 0 -1
    outer loop
      vertex -105 60 -1.6
      vertex -97.3494 54.5706 -1.6
      vertex -97.6684 54.6673 -1.6
    endloop
  endfacet
  facet normal 0 0 -1
    outer loop
      vertex -105 60 -1.6
      vertex -97.6684 54.6673 -1.6
      vertex -98 54.7 -1.6
    endloop
  endfacet
  facet normal 0 0 -1
    outer loop
      vertex -77.5365 54.4266 -1.6
      vertex -105 60 -1.6
      vertex 105 60 -1.6
    endloop
  endfacet
  facet normal 0 0 -1
    outer loop
      vertex -98.3316 54.6673 -1.6
      vertex -105 60 -1.6
      vertex -98 54.7 -1.6
    endloop
  endfacet
  facet normal 0 0 -1
    outer loop
      vertex -98.6506 54.5706 -1.6
      vertex -105 60 -1.6
      vertex -98.3316 54.6673 -1.6
    endloop
  endfacet
  facet normal 0 0 -1
    outer loop
      vertex -98.9445 54.4135 -1.6
      vertex -105 60 -1.6
      vertex -98.6506 54.5706 -1.6
    endloop
  endfacet
  facet normal 0 0 -1
    outer loop
      vertex -99.2021 54.2021 -1.6
      vertex -105 60 -1.6
      vertex -98.9445 54.4135 -1.6
    endloop
  endfacet
  facet normal 0 0 -1
    outer loop
      vertex -99.4135 53.9445 -1.6
      vertex -105 60 -1.6
      vertex -99.2021 54.2021 -1.6
    endloop
  endfacet
  facet normal 0 0 -1
    outer loop
      vertex -99.5706 53.6506 -1.6
      vertex -105 60 -1.6
      vertex -99.4135 53.9445 -1.6
    endloop
  endfacet
  facet normal 0 0 -1
    outer loop
      vertex -99.6673 53.3317 -1.6
      vertex -105 60 -1.6
      vertex -99.5706 53.6506 -1.6
    endloop
  endfacet
  facet normal 0 0 -1
    outer loop
      vertex -99.7 53 -1.6
      vertex -105 60 -1.6
      vertex -99.6673 53.3317 -1.6
    endloop
  endfacet
  facet normal 0 0 -1
    outer loop
      vertex -99.6673 52.6683 -1.6
      vertex -105 60 -1.6
      vertex -99.7 53 -1.6
    endloop
  endfacet
  facet normal 0 0 -1
    outer loop
      vertex 98.3316 51.3327 -1.6
      vertex 95.5358 25.2934 -1.6
      vertex 98 51.3 -1.6
    endloop
  endfacet
  facet normal 0 0 -1
    outer loop
      vertex 95.2731 25.3731 -1.6
      vertex 98 51.3 -1.6
      vertex 95.5358 25.2934 -1.6
    endloop
  endfacet
  facet normal -0 0 -1
    outer loop
      vertex 98 51.3 -1.6
      vertex 95.2731 25.3731 -1.6
      vertex 97.6684 51.3327 -1.6
    endloop
  endfacet
  facet normal 0 0 -1
    outer loop
      vertex 95 25.4 -1.6
      vertex 97.6684 51.3327 -1.6
      vertex 95.2731 25.3731 -1.6
    endloop
  endfacet
  facet normal -0 0 -1
    outer loop
      vertex 97.6684 51.3327 -1.6
      vertex 95 25.4 -1.6
      vertex 97.3494 51.4294 -1.6
    endloop
  endfacet
  facet normal 0 1 0
    outer loop
      vertex 105 60 1.6
      vertex -68.4496 60 1.25
      vertex -68.4496 60 1.6
    endloop
  endfacet
  facet normal 0 1 0
    outer loop
      vertex -105 60 -1.6
      vertex -68.4496 60 1.25
      vertex 105 60 -1.6
    endloop
  endfacet
  facet normal 0 1 -0
    outer loop
      vertex 105 60 -1.6
      vertex -68.4496 60 1.25
      vertex 105 60 1.6
    endloop
  endfacet
  facet normal 0 1 -0
    outer loop
      vertex -87.5504 60 1.25
      vertex -105 60 1.6
      vertex -87.5504 60 1.6
    endloop
  endfacet
  facet normal 0 1 0
    outer loop
      vertex -87.5504 60 1.25
      vertex -105 60 -1.6
      vertex -105 60 1.6
    endloop
  endfacet
  facet normal 0 1 0
    outer loop
      vertex -68.4496 60 1.25
      vertex -105 60 -1.6
      vertex -87.5504 60 1.25
    endloop
  endfacet
  facet normal -0.156411 -0.987692 0
    outer loop
      vertex -70 39.5 -1.6
      vertex -69.5365 39.4266 1.6
      vertex -70 39.5 1.6
    endloop
  endfacet
  facet normal -0.156411 -0.987692 -0
    outer loop
      vertex -69.5365 39.4266 1.6
      vertex -70 39.5 -1.6
      vertex -69.5365 39.4266 -1.6
    endloop
  endfacet
  facet normal -0.890992 -0.454018 0
    outer loop
      vertex -68.5734 38.4635 -1.6
      vertex -68.7865 38.8817 1.6
      vertex -68.7865 38.8817 -1.6
    endloop
  endfacet
  facet normal -0.890992 -0.454018 0
    outer loop
      vertex -68.7865 38.8817 1.6
      vertex -68.5734 38.4635 -1.6
      vertex -68.5734 38.4635 1.6
    endloop
  endfacet
  facet normal -0.987692 -0.156411 0
    outer loop
      vertex -68.5 38 -1.6
      vertex -68.5734 38.4635 1.6
      vertex -68.5734 38.4635 -1.6
    endloop
  endfacet
  facet normal -0.987692 -0.156411 0
    outer loop
      vertex -68.5734 38.4635 1.6
      vertex -68.5 38 -1.6
      vertex -68.5 38 1.6
    endloop
  endfacet
  facet normal -0.707107 -0.707107 0
    outer loop
      vertex -68.7865 38.8817 -1.6
      vertex -69.1183 39.2135 1.6
      vertex -69.1183 39.2135 -1.6
    endloop
  endfacet
  facet normal -0.707107 -0.707107 0
    outer loop
      vertex -69.1183 39.2135 1.6
      vertex -68.7865 38.8817 -1.6
      vertex -68.7865 38.8817 1.6
    endloop
  endfacet
  facet normal -0.707107 0.707107 0
    outer loop
      vertex -69.1183 36.7865 -1.6
      vertex -68.7865 37.1183 1.6
      vertex -68.7865 37.1183 -1.6
    endloop
  endfacet
  facet normal -0.707107 0.707107 0
    outer loop
      vertex -68.7865 37.1183 1.6
      vertex -69.1183 36.7865 -1.6
      vertex -69.1183 36.7865 1.6
    endloop
  endfacet
  facet normal -0.454018 0.890992 0
    outer loop
      vertex -69.1183 36.7865 -1.6
      vertex -69.5365 36.5734 1.6
      vertex -69.1183 36.7865 1.6
    endloop
  endfacet
  facet normal -0.454018 0.890992 0
    outer loop
      vertex -69.5365 36.5734 1.6
      vertex -69.1183 36.7865 -1.6
      vertex -69.5365 36.5734 -1.6
    endloop
  endfacet
  facet normal 0.707107 -0.707107 0
    outer loop
      vertex -71.2135 38.8817 1.6
      vertex -70.8817 39.2135 -1.6
      vertex -70.8817 39.2135 1.6
    endloop
  endfacet
  facet normal 0.707107 -0.707107 0
    outer loop
      vertex -70.8817 39.2135 -1.6
      vertex -71.2135 38.8817 1.6
      vertex -71.2135 38.8817 -1.6
    endloop
  endfacet
  facet normal -0.454018 -0.890992 0
    outer loop
      vertex -69.5365 39.4266 -1.6
      vertex -69.1183 39.2135 1.6
      vertex -69.5365 39.4266 1.6
    endloop
  endfacet
  facet normal -0.454018 -0.890992 -0
    outer loop
      vertex -69.1183 39.2135 1.6
      vertex -69.5365 39.4266 -1.6
      vertex -69.1183 39.2135 -1.6
    endloop
  endfacet
  facet normal -0.890992 0.454018 0
    outer loop
      vertex -68.7865 37.1183 -1.6
      vertex -68.5734 37.5365 1.6
      vertex -68.5734 37.5365 -1.6
    endloop
  endfacet
  facet normal -0.890992 0.454018 0
    outer loop
      vertex -68.5734 37.5365 1.6
      vertex -68.7865 37.1183 -1.6
      vertex -68.7865 37.1183 1.6
    endloop
  endfacet
  facet normal 0.890992 -0.454018 0
    outer loop
      vertex -71.4266 38.4635 1.6
      vertex -71.2135 38.8817 -1.6
      vertex -71.2135 38.8817 1.6
    endloop
  endfacet
  facet normal 0.890992 -0.454018 0
    outer loop
      vertex -71.2135 38.8817 -1.6
      vertex -71.4266 38.4635 1.6
      vertex -71.4266 38.4635 -1.6
    endloop
  endfacet
  facet normal 0.454018 0.890992 -0
    outer loop
      vertex -70.4635 36.5734 -1.6
      vertex -70.8817 36.7865 1.6
      vertex -70.4635 36.5734 1.6
    endloop
  endfacet
  facet normal 0.454018 0.890992 0
    outer loop
      vertex -70.8817 36.7865 1.6
      vertex -70.4635 36.5734 -1.6
      vertex -70.8817 36.7865 -1.6
    endloop
  endfacet
  facet normal 0.156411 -0.987692 0
    outer loop
      vertex -70.4635 39.4266 -1.6
      vertex -70 39.5 1.6
      vertex -70.4635 39.4266 1.6
    endloop
  endfacet
  facet normal 0.156411 -0.987692 0
    outer loop
      vertex -70 39.5 1.6
      vertex -70.4635 39.4266 -1.6
      vertex -70 39.5 -1.6
    endloop
  endfacet
  facet normal -0.987692 0.156411 0
    outer loop
      vertex -68.5734 37.5365 -1.6
      vertex -68.5 38 1.6
      vertex -68.5 38 -1.6
    endloop
  endfacet
  facet normal -0.987692 0.156411 0
    outer loop
      vertex -68.5 38 1.6
      vertex -68.5734 37.5365 -1.6
      vertex -68.5734 37.5365 1.6
    endloop
  endfacet
  facet normal 0.707107 0.707107 0
    outer loop
      vertex -70.8817 36.7865 1.6
      vertex -71.2135 37.1183 -1.6
      vertex -71.2135 37.1183 1.6
    endloop
  endfacet
  facet normal 0.707107 0.707107 0
    outer loop
      vertex -71.2135 37.1183 -1.6
      vertex -70.8817 36.7865 1.6
      vertex -70.8817 36.7865 -1.6
    endloop
  endfacet
  facet normal 0.454018 -0.890992 0
    outer loop
      vertex -70.8817 39.2135 -1.6
      vertex -70.4635 39.4266 1.6
      vertex -70.8817 39.2135 1.6
    endloop
  endfacet
  facet normal 0.454018 -0.890992 0
    outer loop
      vertex -70.4635 39.4266 1.6
      vertex -70.8817 39.2135 -1.6
      vertex -70.4635 39.4266 -1.6
    endloop
  endfacet
  facet normal 0.156411 0.987692 -0
    outer loop
      vertex -70 36.5 -1.6
      vertex -70.4635 36.5734 1.6
      vertex -70 36.5 1.6
    endloop
  endfacet
  facet normal 0.156411 0.987692 0
    outer loop
      vertex -70.4635 36.5734 1.6
      vertex -70 36.5 -1.6
      vertex -70.4635 36.5734 -1.6
    endloop
  endfacet
  facet normal -0.156411 0.987692 0
    outer loop
      vertex -69.5365 36.5734 -1.6
      vertex -70 36.5 1.6
      vertex -69.5365 36.5734 1.6
    endloop
  endfacet
  facet normal -0.156411 0.987692 0
    outer loop
      vertex -70 36.5 1.6
      vertex -69.5365 36.5734 -1.6
      vertex -70 36.5 -1.6
    endloop
  endfacet
  facet normal 0.890992 0.454018 0
    outer loop
      vertex -71.2135 37.1183 1.6
      vertex -71.4266 37.5365 -1.6
      vertex -71.4266 37.5365 1.6
    endloop
  endfacet
  facet normal 0.890992 0.454018 0
    outer loop
      vertex -71.4266 37.5365 -1.6
      vertex -71.2135 37.1183 1.6
      vertex -71.2135 37.1183 -1.6
    endloop
  endfacet
  facet normal 0.987692 -0.156411 0
    outer loop
      vertex -71.5 38 1.6
      vertex -71.4266 38.4635 -1.6
      vertex -71.4266 38.4635 1.6
    endloop
  endfacet
  facet normal 0.987692 -0.156411 0
    outer loop
      vertex -71.4266 38.4635 -1.6
      vertex -71.5 38 1.6
      vertex -71.5 38 -1.6
    endloop
  endfacet
  facet normal 0.987692 0.156411 0
    outer loop
      vertex -71.4266 37.5365 1.6
      vertex -71.5 38 -1.6
      vertex -71.5 38 1.6
    endloop
  endfacet
  facet normal 0.987692 0.156411 0
    outer loop
      vertex -71.5 38 -1.6
      vertex -71.4266 37.5365 1.6
      vertex -71.4266 37.5365 -1.6
    endloop
  endfacet
  facet normal -0.308995 -0.951064 0
    outer loop
      vertex -72.1085 45.1384 -1.6
      vertex -71.6622 44.9934 1.6
      vertex -72.1085 45.1384 1.6
    endloop
  endfacet
  facet normal -0.308995 -0.951064 -0
    outer loop
      vertex -71.6622 44.9934 1.6
      vertex -72.1085 45.1384 -1.6
      vertex -71.6622 44.9934 -1.6
    endloop
  endfacet
  facet normal -0.58783 -0.808985 0
    outer loop
      vertex -71.6622 44.9934 -1.6
      vertex -71.2825 44.7175 1.6
      vertex -71.6622 44.9934 1.6
    endloop
  endfacet
  facet normal -0.58783 -0.808985 -0
    outer loop
      vertex -71.2825 44.7175 1.6
      vertex -71.6622 44.9934 -1.6
      vertex -71.2825 44.7175 -1.6
    endloop
  endfacet
  facet normal 0 -1 0
    outer loop
      vertex -72.5778 45.1384 -1.6
      vertex -72.1085 45.1384 1.6
      vertex -72.5778 45.1384 1.6
    endloop
  endfacet
  facet normal 0 -1 -0
    outer loop
      vertex -72.1085 45.1384 1.6
      vertex -72.5778 45.1384 -1.6
      vertex -72.1085 45.1384 -1.6
    endloop
  endfacet
  facet normal 0.808985 0.58783 0
    outer loop
      vertex -73.4038 42.5962 1.6
      vertex -73.6797 42.9759 -1.6
      vertex -73.6797 42.9759 1.6
    endloop
  endfacet
  facet normal 0.808985 0.58783 0
    outer loop
      vertex -73.6797 42.9759 -1.6
      vertex -73.4038 42.5962 1.6
      vertex -73.4038 42.5962 -1.6
    endloop
  endfacet
  facet normal 0.58783 -0.808985 0
    outer loop
      vertex -73.4038 44.7175 -1.6
      vertex -73.0241 44.9934 1.6
      vertex -73.4038 44.7175 1.6
    endloop
  endfacet
  facet normal 0.58783 -0.808985 0
    outer loop
      vertex -73.0241 44.9934 1.6
      vertex -73.4038 44.7175 -1.6
      vertex -73.0241 44.9934 -1.6
    endloop
  endfacet
  facet normal 0.951064 0.308995 0
    outer loop
      vertex -73.6797 42.9759 1.6
      vertex -73.8247 43.4222 -1.6
      vertex -73.8247 43.4222 1.6
    endloop
  endfacet
  facet normal 0.951064 0.308995 0
    outer loop
      vertex -73.8247 43.4222 -1.6
      vertex -73.6797 42.9759 1.6
      vertex -73.6797 42.9759 -1.6
    endloop
  endfacet
  facet normal -0.808985 0.58783 0
    outer loop
      vertex -71.2825 42.5962 -1.6
      vertex -71.0066 42.9759 1.6
      vertex -71.0066 42.9759 -1.6
    endloop
  endfacet
  facet normal -0.808985 0.58783 0
    outer loop
      vertex -71.0066 42.9759 1.6
      vertex -71.2825 42.5962 -1.6
      vertex -71.2825 42.5962 1.6
    endloop
  endfacet
  facet normal -0.951064 0.308995 0
    outer loop
      vertex -71.0066 42.9759 -1.6
      vertex -70.8616 43.4222 1.6
      vertex -70.8616 43.4222 -1.6
    endloop
  endfacet
  facet normal -0.951064 0.308995 0
    outer loop
      vertex -70.8616 43.4222 1.6
      vertex -71.0066 42.9759 -1.6
      vertex -71.0066 42.9759 1.6
    endloop
  endfacet
  facet normal 0.308995 -0.951064 0
    outer loop
      vertex -73.0241 44.9934 -1.6
      vertex -72.5778 45.1384 1.6
      vertex -73.0241 44.9934 1.6
    endloop
  endfacet
  facet normal 0.308995 -0.951064 0
    outer loop
      vertex -72.5778 45.1384 1.6
      vertex -73.0241 44.9934 -1.6
      vertex -72.5778 45.1384 -1.6
    endloop
  endfacet
  facet normal -0.58783 0.808985 0
    outer loop
      vertex -71.2825 42.5962 -1.6
      vertex -71.6622 42.3203 1.6
      vertex -71.2825 42.5962 1.6
    endloop
  endfacet
  facet normal -0.58783 0.808985 0
    outer loop
      vertex -71.6622 42.3203 1.6
      vertex -71.2825 42.5962 -1.6
      vertex -71.6622 42.3203 -1.6
    endloop
  endfacet
  facet normal 0.951064 -0.308995 0
    outer loop
      vertex -73.8247 43.8915 1.6
      vertex -73.6797 44.3378 -1.6
      vertex -73.6797 44.3378 1.6
    endloop
  endfacet
  facet normal 0.951064 -0.308995 0
    outer loop
      vertex -73.6797 44.3378 -1.6
      vertex -73.8247 43.8915 1.6
      vertex -73.8247 43.8915 -1.6
    endloop
  endfacet
  facet normal 1 -0 0
    outer loop
      vertex -73.8247 43.4222 1.6
      vertex -73.8247 43.8915 -1.6
      vertex -73.8247 43.8915 1.6
    endloop
  endfacet
  facet normal 1 0 0
    outer loop
      vertex -73.8247 43.8915 -1.6
      vertex -73.8247 43.4222 1.6
      vertex -73.8247 43.4222 -1.6
    endloop
  endfacet
  facet normal -1 0 0
    outer loop
      vertex -70.8616 43.4222 -1.6
      vertex -70.8616 43.8915 1.6
      vertex -70.8616 43.8915 -1.6
    endloop
  endfacet
  facet normal -1 -0 0
    outer loop
      vertex -70.8616 43.8915 1.6
      vertex -70.8616 43.4222 -1.6
      vertex -70.8616 43.4222 1.6
    endloop
  endfacet
  facet normal 0.308995 0.951064 -0
    outer loop
      vertex -72.5778 42.1753 -1.6
      vertex -73.0241 42.3203 1.6
      vertex -72.5778 42.1753 1.6
    endloop
  endfacet
  facet normal 0.308995 0.951064 0
    outer loop
      vertex -73.0241 42.3203 1.6
      vertex -72.5778 42.1753 -1.6
      vertex -73.0241 42.3203 -1.6
    endloop
  endfacet
  facet normal 0.808985 -0.58783 0
    outer loop
      vertex -73.6797 44.3378 1.6
      vertex -73.4038 44.7175 -1.6
      vertex -73.4038 44.7175 1.6
    endloop
  endfacet
  facet normal 0.808985 -0.58783 0
    outer loop
      vertex -73.4038 44.7175 -1.6
      vertex -73.6797 44.3378 1.6
      vertex -73.6797 44.3378 -1.6
    endloop
  endfacet
  facet normal 0 1 -0
    outer loop
      vertex -72.1085 42.1753 -1.6
      vertex -72.5778 42.1753 1.6
      vertex -72.1085 42.1753 1.6
    endloop
  endfacet
  facet normal 0 1 0
    outer loop
      vertex -72.5778 42.1753 1.6
      vertex -72.1085 42.1753 -1.6
      vertex -72.5778 42.1753 -1.6
    endloop
  endfacet
  facet normal 0.58783 0.808985 -0
    outer loop
      vertex -73.0241 42.3203 -1.6
      vertex -73.4038 42.5962 1.6
      vertex -73.0241 42.3203 1.6
    endloop
  endfacet
  facet normal 0.58783 0.808985 0
    outer loop
      vertex -73.4038 42.5962 1.6
      vertex -73.0241 42.3203 -1.6
      vertex -73.4038 42.5962 -1.6
    endloop
  endfacet
  facet normal -0.308995 0.951064 0
    outer loop
      vertex -71.6622 42.3203 -1.6
      vertex -72.1085 42.1753 1.6
      vertex -71.6622 42.3203 1.6
    endloop
  endfacet
  facet normal -0.308995 0.951064 0
    outer loop
      vertex -72.1085 42.1753 1.6
      vertex -71.6622 42.3203 -1.6
      vertex -72.1085 42.1753 -1.6
    endloop
  endfacet
  facet normal -0.951064 -0.308995 0
    outer loop
      vertex -70.8616 43.8915 -1.6
      vertex -71.0066 44.3378 1.6
      vertex -71.0066 44.3378 -1.6
    endloop
  endfacet
  facet normal -0.951064 -0.308995 0
    outer loop
      vertex -71.0066 44.3378 1.6
      vertex -70.8616 43.8915 -1.6
      vertex -70.8616 43.8915 1.6
    endloop
  endfacet
  facet normal -0.808985 -0.58783 0
    outer loop
      vertex -71.0066 44.3378 -1.6
      vertex -71.2825 44.7175 1.6
      vertex -71.2825 44.7175 -1.6
    endloop
  endfacet
  facet normal -0.808985 -0.58783 0
    outer loop
      vertex -71.2825 44.7175 1.6
      vertex -71.0066 44.3378 -1.6
      vertex -71.0066 44.3378 1.6
    endloop
  endfacet
  facet normal 0.707107 0.707107 -0
    outer loop
      vertex -78.8817 44.7865 -1.6
      vertex -79.2135 45.1183 1.6
      vertex -78.8817 44.7865 1.6
    endloop
  endfacet
  facet normal 0.707107 0.707107 0
    outer loop
      vertex -79.2135 45.1183 1.6
      vertex -78.8817 44.7865 -1.6
      vertex -79.2135 45.1183 -1.6
    endloop
  endfacet
  facet normal 0.987692 -0.156411 0
    outer loop
      vertex -79.5 46 1.6
      vertex -79.4266 46.4635 -1.6
      vertex -79.4266 46.4635 1.6
    endloop
  endfacet
  facet normal 0.987692 -0.156411 0
    outer loop
      vertex -79.4266 46.4635 -1.6
      vertex -79.5 46 1.6
      vertex -79.5 46 -1.6
    endloop
  endfacet
  facet normal 0.454018 -0.890992 0
    outer loop
      vertex -78.8817 47.2135 -1.6
      vertex -78.4635 47.4266 1.6
      vertex -78.8817 47.2135 1.6
    endloop
  endfacet
  facet normal 0.454018 -0.890992 0
    outer loop
      vertex -78.4635 47.4266 1.6
      vertex -78.8817 47.2135 -1.6
      vertex -78.4635 47.4266 -1.6
    endloop
  endfacet
  facet normal 0.156411 -0.987692 0
    outer loop
      vertex -78.4635 47.4266 -1.6
      vertex -78 47.5 1.6
      vertex -78.4635 47.4266 1.6
    endloop
  endfacet
  facet normal 0.156411 -0.987692 0
    outer loop
      vertex -78 47.5 1.6
      vertex -78.4635 47.4266 -1.6
      vertex -78 47.5 -1.6
    endloop
  endfacet
  facet normal 0.707107 -0.707107 0
    outer loop
      vertex -79.2135 46.8817 1.6
      vertex -78.8817 47.2135 -1.6
      vertex -78.8817 47.2135 1.6
    endloop
  endfacet
  facet normal 0.707107 -0.707107 0
    outer loop
      vertex -78.8817 47.2135 -1.6
      vertex -79.2135 46.8817 1.6
      vertex -79.2135 46.8817 -1.6
    endloop
  endfacet
  facet normal -0.890992 -0.454018 0
    outer loop
      vertex -76.5734 46.4635 -1.6
      vertex -76.7865 46.8817 1.6
      vertex -76.7865 46.8817 -1.6
    endloop
  endfacet
  facet normal -0.890992 -0.454018 0
    outer loop
      vertex -76.7865 46.8817 1.6
      vertex -76.5734 46.4635 -1.6
      vertex -76.5734 46.4635 1.6
    endloop
  endfacet
  facet normal 0.890992 -0.454018 0
    outer loop
      vertex -79.4266 46.4635 1.6
      vertex -79.2135 46.8817 -1.6
      vertex -79.2135 46.8817 1.6
    endloop
  endfacet
  facet normal 0.890992 -0.454018 0
    outer loop
      vertex -79.2135 46.8817 -1.6
      vertex -79.4266 46.4635 1.6
      vertex -79.4266 46.4635 -1.6
    endloop
  endfacet
  facet normal -0.454018 -0.890992 0
    outer loop
      vertex -77.5365 47.4266 -1.6
      vertex -77.1183 47.2135 1.6
      vertex -77.5365 47.4266 1.6
    endloop
  endfacet
  facet normal -0.454018 -0.890992 -0
    outer loop
      vertex -77.1183 47.2135 1.6
      vertex -77.5365 47.4266 -1.6
      vertex -77.1183 47.2135 -1.6
    endloop
  endfacet
  facet normal -0.707107 -0.707107 0
    outer loop
      vertex -76.7865 46.8817 -1.6
      vertex -77.1183 47.2135 1.6
      vertex -77.1183 47.2135 -1.6
    endloop
  endfacet
  facet normal -0.707107 -0.707107 0
    outer loop
      vertex -77.1183 47.2135 1.6
      vertex -76.7865 46.8817 -1.6
      vertex -76.7865 46.8817 1.6
    endloop
  endfacet
  facet normal 0.454018 0.890992 -0
    outer loop
      vertex -78.4635 44.5734 -1.6
      vertex -78.8817 44.7865 1.6
      vertex -78.4635 44.5734 1.6
    endloop
  endfacet
  facet normal 0.454018 0.890992 0
    outer loop
      vertex -78.8817 44.7865 1.6
      vertex -78.4635 44.5734 -1.6
      vertex -78.8817 44.7865 -1.6
    endloop
  endfacet
  facet normal 0.987692 0.156411 0
    outer loop
      vertex -79.4266 45.5365 1.6
      vertex -79.5 46 -1.6
      vertex -79.5 46 1.6
    endloop
  endfacet
  facet normal 0.987692 0.156411 0
    outer loop
      vertex -79.5 46 -1.6
      vertex -79.4266 45.5365 1.6
      vertex -79.4266 45.5365 -1.6
    endloop
  endfacet
  facet normal -0.890992 0.454018 0
    outer loop
      vertex -76.7865 45.1183 -1.6
      vertex -76.5734 45.5365 1.6
      vertex -76.5734 45.5365 -1.6
    endloop
  endfacet
  facet normal -0.890992 0.454018 0
    outer loop
      vertex -76.5734 45.5365 1.6
      vertex -76.7865 45.1183 -1.6
      vertex -76.7865 45.1183 1.6
    endloop
  endfacet
  facet normal -0.707107 0.707107 0
    outer loop
      vertex -76.7865 45.1183 -1.6
      vertex -77.1183 44.7865 1.6
      vertex -76.7865 45.1183 1.6
    endloop
  endfacet
  facet normal -0.707107 0.707107 0
    outer loop
      vertex -77.1183 44.7865 1.6
      vertex -76.7865 45.1183 -1.6
      vertex -77.1183 44.7865 -1.6
    endloop
  endfacet
  facet normal 0.890992 0.454018 0
    outer loop
      vertex -79.2135 45.1183 1.6
      vertex -79.4266 45.5365 -1.6
      vertex -79.4266 45.5365 1.6
    endloop
  endfacet
  facet normal 0.890992 0.454018 0
    outer loop
      vertex -79.4266 45.5365 -1.6
      vertex -79.2135 45.1183 1.6
      vertex -79.2135 45.1183 -1.6
    endloop
  endfacet
  facet normal 0.156411 0.987692 -0
    outer loop
      vertex -78 44.5 -1.6
      vertex -78.4635 44.5734 1.6
      vertex -78 44.5 1.6
    endloop
  endfacet
  facet normal 0.156411 0.987692 0
    outer loop
      vertex -78.4635 44.5734 1.6
      vertex -78 44.5 -1.6
      vertex -78.4635 44.5734 -1.6
    endloop
  endfacet
  facet normal -0.987692 0.156411 0
    outer loop
      vertex -76.5734 45.5365 -1.6
      vertex -76.5 46 1.6
      vertex -76.5 46 -1.6
    endloop
  endfacet
  facet normal -0.987692 0.156411 0
    outer loop
      vertex -76.5 46 1.6
      vertex -76.5734 45.5365 -1.6
      vertex -76.5734 45.5365 1.6
    endloop
  endfacet
  facet normal -0.987692 -0.156411 0
    outer loop
      vertex -76.5 46 -1.6
      vertex -76.5734 46.4635 1.6
      vertex -76.5734 46.4635 -1.6
    endloop
  endfacet
  facet normal -0.987692 -0.156411 0
    outer loop
      vertex -76.5734 46.4635 1.6
      vertex -76.5 46 -1.6
      vertex -76.5 46 1.6
    endloop
  endfacet
  facet normal -0.454018 0.890992 0
    outer loop
      vertex -77.1183 44.7865 -1.6
      vertex -77.5365 44.5734 1.6
      vertex -77.1183 44.7865 1.6
    endloop
  endfacet
  facet normal -0.454018 0.890992 0
    outer loop
      vertex -77.5365 44.5734 1.6
      vertex -77.1183 44.7865 -1.6
      vertex -77.5365 44.5734 -1.6
    endloop
  endfacet
  facet normal -0.156411 -0.987692 0
    outer loop
      vertex -78 47.5 -1.6
      vertex -77.5365 47.4266 1.6
      vertex -78 47.5 1.6
    endloop
  endfacet
  facet normal -0.156411 -0.987692 -0
    outer loop
      vertex -77.5365 47.4266 1.6
      vertex -78 47.5 -1.6
      vertex -77.5365 47.4266 -1.6
    endloop
  endfacet
  facet normal -0.156411 0.987692 0
    outer loop
      vertex -77.5365 44.5734 -1.6
      vertex -78 44.5 1.6
      vertex -77.5365 44.5734 1.6
    endloop
  endfacet
  facet normal -0.156411 0.987692 0
    outer loop
      vertex -78 44.5 1.6
      vertex -77.5365 44.5734 -1.6
      vertex -78 44.5 -1.6
    endloop
  endfacet
  facet normal 0.951064 -0.308995 0
    outer loop
      vertex -85.1384 43.8915 1.6
      vertex -84.9934 44.3378 -1.6
      vertex -84.9934 44.3378 1.6
    endloop
  endfacet
  facet normal 0.951064 -0.308995 0
    outer loop
      vertex -84.9934 44.3378 -1.6
      vertex -85.1384 43.8915 1.6
      vertex -85.1384 43.8915 -1.6
    endloop
  endfacet
  facet normal 0.808985 -0.58783 0
    outer loop
      vertex -84.9934 44.3378 1.6
      vertex -84.7175 44.7175 -1.6
      vertex -84.7175 44.7175 1.6
    endloop
  endfacet
  facet normal 0.808985 -0.58783 0
    outer loop
      vertex -84.7175 44.7175 -1.6
      vertex -84.9934 44.3378 1.6
      vertex -84.9934 44.3378 -1.6
    endloop
  endfacet
  facet normal 1 -0 0
    outer loop
      vertex -85.1384 43.4222 1.6
      vertex -85.1384 43.8915 -1.6
      vertex -85.1384 43.8915 1.6
    endloop
  endfacet
  facet normal 1 0 0
    outer loop
      vertex -85.1384 43.8915 -1.6
      vertex -85.1384 43.4222 1.6
      vertex -85.1384 43.4222 -1.6
    endloop
  endfacet
  facet normal -0.58783 0.808985 0
    outer loop
      vertex -82.5962 42.5962 -1.6
      vertex -82.9759 42.3203 1.6
      vertex -82.5962 42.5962 1.6
    endloop
  endfacet
  facet normal -0.58783 0.808985 0
    outer loop
      vertex -82.9759 42.3203 1.6
      vertex -82.5962 42.5962 -1.6
      vertex -82.9759 42.3203 -1.6
    endloop
  endfacet
  facet normal -0.308995 -0.951064 0
    outer loop
      vertex -83.4222 45.1384 -1.6
      vertex -82.9759 44.9934 1.6
      vertex -83.4222 45.1384 1.6
    endloop
  endfacet
  facet normal -0.308995 -0.951064 -0
    outer loop
      vertex -82.9759 44.9934 1.6
      vertex -83.4222 45.1384 -1.6
      vertex -82.9759 44.9934 -1.6
    endloop
  endfacet
  facet normal -0.308995 0.951064 0
    outer loop
      vertex -82.9759 42.3203 -1.6
      vertex -83.4222 42.1753 1.6
      vertex -82.9759 42.3203 1.6
    endloop
  endfacet
  facet normal -0.308995 0.951064 0
    outer loop
      vertex -83.4222 42.1753 1.6
      vertex -82.9759 42.3203 -1.6
      vertex -83.4222 42.1753 -1.6
    endloop
  endfacet
  facet normal 0.951064 0.308995 0
    outer loop
      vertex -84.9934 42.9759 1.6
      vertex -85.1384 43.4222 -1.6
      vertex -85.1384 43.4222 1.6
    endloop
  endfacet
  facet normal 0.951064 0.308995 0
    outer loop
      vertex -85.1384 43.4222 -1.6
      vertex -84.9934 42.9759 1.6
      vertex -84.9934 42.9759 -1.6
    endloop
  endfacet
  facet normal 0.808985 0.58783 0
    outer loop
      vertex -84.7175 42.5962 1.6
      vertex -84.9934 42.9759 -1.6
      vertex -84.9934 42.9759 1.6
    endloop
  endfacet
  facet normal 0.808985 0.58783 0
    outer loop
      vertex -84.9934 42.9759 -1.6
      vertex -84.7175 42.5962 1.6
      vertex -84.7175 42.5962 -1.6
    endloop
  endfacet
  facet normal -0.808985 -0.58783 0
    outer loop
      vertex -82.3203 44.3378 -1.6
      vertex -82.5962 44.7175 1.6
      vertex -82.5962 44.7175 -1.6
    endloop
  endfacet
  facet normal -0.808985 -0.58783 0
    outer loop
      vertex -82.5962 44.7175 1.6
      vertex -82.3203 44.3378 -1.6
      vertex -82.3203 44.3378 1.6
    endloop
  endfacet
  facet normal 0.308995 0.951064 -0
    outer loop
      vertex -83.8915 42.1753 -1.6
      vertex -84.3378 42.3203 1.6
      vertex -83.8915 42.1753 1.6
    endloop
  endfacet
  facet normal 0.308995 0.951064 0
    outer loop
      vertex -84.3378 42.3203 1.6
      vertex -83.8915 42.1753 -1.6
      vertex -84.3378 42.3203 -1.6
    endloop
  endfacet
  facet normal 0 -1 0
    outer loop
      vertex -83.8915 45.1384 -1.6
      vertex -83.4222 45.1384 1.6
      vertex -83.8915 45.1384 1.6
    endloop
  endfacet
  facet normal 0 -1 -0
    outer loop
      vertex -83.4222 45.1384 1.6
      vertex -83.8915 45.1384 -1.6
      vertex -83.4222 45.1384 -1.6
    endloop
  endfacet
  facet normal -0.951064 0.308995 0
    outer loop
      vertex -82.3203 42.9759 -1.6
      vertex -82.1753 43.4222 1.6
      vertex -82.1753 43.4222 -1.6
    endloop
  endfacet
  facet normal -0.951064 0.308995 0
    outer loop
      vertex -82.1753 43.4222 1.6
      vertex -82.3203 42.9759 -1.6
      vertex -82.3203 42.9759 1.6
    endloop
  endfacet
  facet normal 0.58783 0.808985 -0
    outer loop
      vertex -84.3378 42.3203 -1.6
      vertex -84.7175 42.5962 1.6
      vertex -84.3378 42.3203 1.6
    endloop
  endfacet
  facet normal 0.58783 0.808985 0
    outer loop
      vertex -84.7175 42.5962 1.6
      vertex -84.3378 42.3203 -1.6
      vertex -84.7175 42.5962 -1.6
    endloop
  endfacet
  facet normal -0.951064 -0.308995 0
    outer loop
      vertex -82.1753 43.8915 -1.6
      vertex -82.3203 44.3378 1.6
      vertex -82.3203 44.3378 -1.6
    endloop
  endfacet
  facet normal -0.951064 -0.308995 0
    outer loop
      vertex -82.3203 44.3378 1.6
      vertex -82.1753 43.8915 -1.6
      vertex -82.1753 43.8915 1.6
    endloop
  endfacet
  facet normal -1 0 0
    outer loop
      vertex -82.1753 43.4222 -1.6
      vertex -82.1753 43.8915 1.6
      vertex -82.1753 43.8915 -1.6
    endloop
  endfacet
  facet normal -1 -0 0
    outer loop
      vertex -82.1753 43.8915 1.6
      vertex -82.1753 43.4222 -1.6
      vertex -82.1753 43.4222 1.6
    endloop
  endfacet
  facet normal -0.58783 -0.808985 0
    outer loop
      vertex -82.9759 44.9934 -1.6
      vertex -82.5962 44.7175 1.6
      vertex -82.9759 44.9934 1.6
    endloop
  endfacet
  facet normal -0.58783 -0.808985 -0
    outer loop
      vertex -82.5962 44.7175 1.6
      vertex -82.9759 44.9934 -1.6
      vertex -82.5962 44.7175 -1.6
    endloop
  endfacet
  facet normal -0.808985 0.58783 0
    outer loop
      vertex -82.5962 42.5962 -1.6
      vertex -82.3203 42.9759 1.6
      vertex -82.3203 42.9759 -1.6
    endloop
  endfacet
  facet normal -0.808985 0.58783 0
    outer loop
      vertex -82.3203 42.9759 1.6
      vertex -82.5962 42.5962 -1.6
      vertex -82.5962 42.5962 1.6
    endloop
  endfacet
  facet normal 0.308995 -0.951064 0
    outer loop
      vertex -84.3378 44.9934 -1.6
      vertex -83.8915 45.1384 1.6
      vertex -84.3378 44.9934 1.6
    endloop
  endfacet
  facet normal 0.308995 -0.951064 0
    outer loop
      vertex -83.8915 45.1384 1.6
      vertex -84.3378 44.9934 -1.6
      vertex -83.8915 45.1384 -1.6
    endloop
  endfacet
  facet normal 0.58783 -0.808985 0
    outer loop
      vertex -84.7175 44.7175 -1.6
      vertex -84.3378 44.9934 1.6
      vertex -84.7175 44.7175 1.6
    endloop
  endfacet
  facet normal 0.58783 -0.808985 0
    outer loop
      vertex -84.3378 44.9934 1.6
      vertex -84.7175 44.7175 -1.6
      vertex -84.3378 44.9934 -1.6
    endloop
  endfacet
  facet normal 0 1 -0
    outer loop
      vertex -83.4222 42.1753 -1.6
      vertex -83.8915 42.1753 1.6
      vertex -83.4222 42.1753 1.6
    endloop
  endfacet
  facet normal 0 1 0
    outer loop
      vertex -83.8915 42.1753 1.6
      vertex -83.4222 42.1753 -1.6
      vertex -83.8915 42.1753 -1.6
    endloop
  endfacet
  facet normal -0.707107 0.707107 0
    outer loop
      vertex -85.1183 36.7865 -1.6
      vertex -84.7865 37.1183 1.6
      vertex -84.7865 37.1183 -1.6
    endloop
  endfacet
  facet normal -0.707107 0.707107 0
    outer loop
      vertex -84.7865 37.1183 1.6
      vertex -85.1183 36.7865 -1.6
      vertex -85.1183 36.7865 1.6
    endloop
  endfacet
  facet normal 0.707107 0.707107 0
    outer loop
      vertex -86.8817 36.7865 1.6
      vertex -87.2135 37.1183 -1.6
      vertex -87.2135 37.1183 1.6
    endloop
  endfacet
  facet normal 0.707107 0.707107 0
    outer loop
      vertex -87.2135 37.1183 -1.6
      vertex -86.8817 36.7865 1.6
      vertex -86.8817 36.7865 -1.6
    endloop
  endfacet
  facet normal 0.454018 -0.890992 0
    outer loop
      vertex -86.8817 39.2135 -1.6
      vertex -86.4635 39.4266 1.6
      vertex -86.8817 39.2135 1.6
    endloop
  endfacet
  facet normal 0.454018 -0.890992 0
    outer loop
      vertex -86.4635 39.4266 1.6
      vertex -86.8817 39.2135 -1.6
      vertex -86.4635 39.4266 -1.6
    endloop
  endfacet
  facet normal 0.987692 0.156411 0
    outer loop
      vertex -87.4266 37.5365 1.6
      vertex -87.5 38 -1.6
      vertex -87.5 38 1.6
    endloop
  endfacet
  facet normal 0.987692 0.156411 0
    outer loop
      vertex -87.5 38 -1.6
      vertex -87.4266 37.5365 1.6
      vertex -87.4266 37.5365 -1.6
    endloop
  endfacet
  facet normal 0.156411 0.987692 -0
    outer loop
      vertex -86 36.5 -1.6
      vertex -86.4635 36.5734 1.6
      vertex -86 36.5 1.6
    endloop
  endfacet
  facet normal 0.156411 0.987692 0
    outer loop
      vertex -86.4635 36.5734 1.6
      vertex -86 36.5 -1.6
      vertex -86.4635 36.5734 -1.6
    endloop
  endfacet
  facet normal -0.454018 -0.890992 0
    outer loop
      vertex -85.5365 39.4266 -1.6
      vertex -85.1183 39.2135 1.6
      vertex -85.5365 39.4266 1.6
    endloop
  endfacet
  facet normal -0.454018 -0.890992 -0
    outer loop
      vertex -85.1183 39.2135 1.6
      vertex -85.5365 39.4266 -1.6
      vertex -85.1183 39.2135 -1.6
    endloop
  endfacet
  facet normal 0.890992 -0.454018 0
    outer loop
      vertex -87.4266 38.4635 1.6
      vertex -87.2135 38.8817 -1.6
      vertex -87.2135 38.8817 1.6
    endloop
  endfacet
  facet normal 0.890992 -0.454018 0
    outer loop
      vertex -87.2135 38.8817 -1.6
      vertex -87.4266 38.4635 1.6
      vertex -87.4266 38.4635 -1.6
    endloop
  endfacet
  facet normal 0.890992 0.454018 0
    outer loop
      vertex -87.2135 37.1183 1.6
      vertex -87.4266 37.5365 -1.6
      vertex -87.4266 37.5365 1.6
    endloop
  endfacet
  facet normal 0.890992 0.454018 0
    outer loop
      vertex -87.4266 37.5365 -1.6
      vertex -87.2135 37.1183 1.6
      vertex -87.2135 37.1183 -1.6
    endloop
  endfacet
  facet normal 0.707107 -0.707107 0
    outer loop
      vertex -87.2135 38.8817 1.6
      vertex -86.8817 39.2135 -1.6
      vertex -86.8817 39.2135 1.6
    endloop
  endfacet
  facet normal 0.707107 -0.707107 0
    outer loop
      vertex -86.8817 39.2135 -1.6
      vertex -87.2135 38.8817 1.6
      vertex -87.2135 38.8817 -1.6
    endloop
  endfacet
  facet normal -0.890992 0.454018 0
    outer loop
      vertex -84.7865 37.1183 -1.6
      vertex -84.5734 37.5365 1.6
      vertex -84.5734 37.5365 -1.6
    endloop
  endfacet
  facet normal -0.890992 0.454018 0
    outer loop
      vertex -84.5734 37.5365 1.6
      vertex -84.7865 37.1183 -1.6
      vertex -84.7865 37.1183 1.6
    endloop
  endfacet
  facet normal -0.156411 0.987692 0
    outer loop
      vertex -85.5365 36.5734 -1.6
      vertex -86 36.5 1.6
      vertex -85.5365 36.5734 1.6
    endloop
  endfacet
  facet normal -0.156411 0.987692 0
    outer loop
      vertex -86 36.5 1.6
      vertex -85.5365 36.5734 -1.6
      vertex -86 36.5 -1.6
    endloop
  endfacet
  facet normal -0.454018 0.890992 0
    outer loop
      vertex -85.1183 36.7865 -1.6
      vertex -85.5365 36.5734 1.6
      vertex -85.1183 36.7865 1.6
    endloop
  endfacet
  facet normal -0.454018 0.890992 0
    outer loop
      vertex -85.5365 36.5734 1.6
      vertex -85.1183 36.7865 -1.6
      vertex -85.5365 36.5734 -1.6
    endloop
  endfacet
  facet normal -0.987692 0.156411 0
    outer loop
      vertex -84.5734 37.5365 -1.6
      vertex -84.5 38 1.6
      vertex -84.5 38 -1.6
    endloop
  endfacet
  facet normal -0.987692 0.156411 0
    outer loop
      vertex -84.5 38 1.6
      vertex -84.5734 37.5365 -1.6
      vertex -84.5734 37.5365 1.6
    endloop
  endfacet
  facet normal -0.156411 -0.987692 0
    outer loop
      vertex -86 39.5 -1.6
      vertex -85.5365 39.4266 1.6
      vertex -86 39.5 1.6
    endloop
  endfacet
  facet normal -0.156411 -0.987692 -0
    outer loop
      vertex -85.5365 39.4266 1.6
      vertex -86 39.5 -1.6
      vertex -85.5365 39.4266 -1.6
    endloop
  endfacet
  facet normal 0.156411 -0.987692 0
    outer loop
      vertex -86.4635 39.4266 -1.6
      vertex -86 39.5 1.6
      vertex -86.4635 39.4266 1.6
    endloop
  endfacet
  facet normal 0.156411 -0.987692 0
    outer loop
      vertex -86 39.5 1.6
      vertex -86.4635 39.4266 -1.6
      vertex -86 39.5 -1.6
    endloop
  endfacet
  facet normal -0.707107 -0.707107 0
    outer loop
      vertex -84.7865 38.8817 -1.6
      vertex -85.1183 39.2135 1.6
      vertex -85.1183 39.2135 -1.6
    endloop
  endfacet
  facet normal -0.707107 -0.707107 0
    outer loop
      vertex -85.1183 39.2135 1.6
      vertex -84.7865 38.8817 -1.6
      vertex -84.7865 38.8817 1.6
    endloop
  endfacet
  facet normal 0.454018 0.890992 -0
    outer loop
      vertex -86.4635 36.5734 -1.6
      vertex -86.8817 36.7865 1.6
      vertex -86.4635 36.5734 1.6
    endloop
  endfacet
  facet normal 0.454018 0.890992 0
    outer loop
      vertex -86.8817 36.7865 1.6
      vertex -86.4635 36.5734 -1.6
      vertex -86.8817 36.7865 -1.6
    endloop
  endfacet
  facet normal -0.890992 -0.454018 0
    outer loop
      vertex -84.5734 38.4635 -1.6
      vertex -84.7865 38.8817 1.6
      vertex -84.7865 38.8817 -1.6
    endloop
  endfacet
  facet normal -0.890992 -0.454018 0
    outer loop
      vertex -84.7865 38.8817 1.6
      vertex -84.5734 38.4635 -1.6
      vertex -84.5734 38.4635 1.6
    endloop
  endfacet
  facet normal 0.987692 -0.156411 0
    outer loop
      vertex -87.5 38 1.6
      vertex -87.4266 38.4635 -1.6
      vertex -87.4266 38.4635 1.6
    endloop
  endfacet
  facet normal 0.987692 -0.156411 0
    outer loop
      vertex -87.4266 38.4635 -1.6
      vertex -87.5 38 1.6
      vertex -87.5 38 -1.6
    endloop
  endfacet
  facet normal -0.987692 -0.156411 0
    outer loop
      vertex -84.5 38 -1.6
      vertex -84.5734 38.4635 1.6
      vertex -84.5734 38.4635 -1.6
    endloop
  endfacet
  facet normal -0.987692 -0.156411 0
    outer loop
      vertex -84.5734 38.4635 1.6
      vertex -84.5 38 -1.6
      vertex -84.5 38 1.6
    endloop
  endfacet
  facet normal 0 1 -0
    outer loop
      vertex -83.4222 30.8616 -1.6
      vertex -83.8915 30.8616 1.6
      vertex -83.4222 30.8616 1.6
    endloop
  endfacet
  facet normal 0 1 0
    outer loop
      vertex -83.8915 30.8616 1.6
      vertex -83.4222 30.8616 -1.6
      vertex -83.8915 30.8616 -1.6
    endloop
  endfacet
  facet normal -0.808985 -0.58783 0
    outer loop
      vertex -82.3203 33.0241 -1.6
      vertex -82.5962 33.4038 1.6
      vertex -82.5962 33.4038 -1.6
    endloop
  endfacet
  facet normal -0.808985 -0.58783 0
    outer loop
      vertex -82.5962 33.4038 1.6
      vertex -82.3203 33.0241 -1.6
      vertex -82.3203 33.0241 1.6
    endloop
  endfacet
  facet normal 0.58783 0.808985 -0
    outer loop
      vertex -84.3378 31.0066 -1.6
      vertex -84.7175 31.2825 1.6
      vertex -84.3378 31.0066 1.6
    endloop
  endfacet
  facet normal 0.58783 0.808985 0
    outer loop
      vertex -84.7175 31.2825 1.6
      vertex -84.3378 31.0066 -1.6
      vertex -84.7175 31.2825 -1.6
    endloop
  endfacet
  facet normal 0.951064 -0.308995 0
    outer loop
      vertex -85.1384 32.5778 1.6
      vertex -84.9934 33.0241 -1.6
      vertex -84.9934 33.0241 1.6
    endloop
  endfacet
  facet normal 0.951064 -0.308995 0
    outer loop
      vertex -84.9934 33.0241 -1.6
      vertex -85.1384 32.5778 1.6
      vertex -85.1384 32.5778 -1.6
    endloop
  endfacet
  facet normal -0.951064 -0.308995 0
    outer loop
      vertex -82.1753 32.5778 -1.6
      vertex -82.3203 33.0241 1.6
      vertex -82.3203 33.0241 -1.6
    endloop
  endfacet
  facet normal -0.951064 -0.308995 0
    outer loop
      vertex -82.3203 33.0241 1.6
      vertex -82.1753 32.5778 -1.6
      vertex -82.1753 32.5778 1.6
    endloop
  endfacet
  facet normal 0.951064 0.308995 0
    outer loop
      vertex -84.9934 31.6622 1.6
      vertex -85.1384 32.1085 -1.6
      vertex -85.1384 32.1085 1.6
    endloop
  endfacet
  facet normal 0.951064 0.308995 0
    outer loop
      vertex -85.1384 32.1085 -1.6
      vertex -84.9934 31.6622 1.6
      vertex -84.9934 31.6622 -1.6
    endloop
  endfacet
  facet normal -0.308995 0.951064 0
    outer loop
      vertex -82.9759 31.0066 -1.6
      vertex -83.4222 30.8616 1.6
      vertex -82.9759 31.0066 1.6
    endloop
  endfacet
  facet normal -0.308995 0.951064 0
    outer loop
      vertex -83.4222 30.8616 1.6
      vertex -82.9759 31.0066 -1.6
      vertex -83.4222 30.8616 -1.6
    endloop
  endfacet
  facet normal -0.58783 0.808985 0
    outer loop
      vertex -82.5962 31.2825 -1.6
      vertex -82.9759 31.0066 1.6
      vertex -82.5962 31.2825 1.6
    endloop
  endfacet
  facet normal -0.58783 0.808985 0
    outer loop
      vertex -82.9759 31.0066 1.6
      vertex -82.5962 31.2825 -1.6
      vertex -82.9759 31.0066 -1.6
    endloop
  endfacet
  facet normal 0.58783 -0.808985 0
    outer loop
      vertex -84.7175 33.4038 -1.6
      vertex -84.3378 33.6797 1.6
      vertex -84.7175 33.4038 1.6
    endloop
  endfacet
  facet normal 0.58783 -0.808985 0
    outer loop
      vertex -84.3378 33.6797 1.6
      vertex -84.7175 33.4038 -1.6
      vertex -84.3378 33.6797 -1.6
    endloop
  endfacet
  facet normal 0.308995 0.951064 -0
    outer loop
      vertex -83.8915 30.8616 -1.6
      vertex -84.3378 31.0066 1.6
      vertex -83.8915 30.8616 1.6
    endloop
  endfacet
  facet normal 0.308995 0.951064 0
    outer loop
      vertex -84.3378 31.0066 1.6
      vertex -83.8915 30.8616 -1.6
      vertex -84.3378 31.0066 -1.6
    endloop
  endfacet
  facet normal -0.951064 0.308995 0
    outer loop
      vertex -82.3203 31.6622 -1.6
      vertex -82.1753 32.1085 1.6
      vertex -82.1753 32.1085 -1.6
    endloop
  endfacet
  facet normal -0.951064 0.308995 0
    outer loop
      vertex -82.1753 32.1085 1.6
      vertex -82.3203 31.6622 -1.6
      vertex -82.3203 31.6622 1.6
    endloop
  endfacet
  facet normal 1 -0 0
    outer loop
      vertex -85.1384 32.1085 1.6
      vertex -85.1384 32.5778 -1.6
      vertex -85.1384 32.5778 1.6
    endloop
  endfacet
  facet normal 1 0 0
    outer loop
      vertex -85.1384 32.5778 -1.6
      vertex -85.1384 32.1085 1.6
      vertex -85.1384 32.1085 -1.6
    endloop
  endfacet
  facet normal -0.808985 0.58783 0
    outer loop
      vertex -82.5962 31.2825 -1.6
      vertex -82.3203 31.6622 1.6
      vertex -82.3203 31.6622 -1.6
    endloop
  endfacet
  facet normal -0.808985 0.58783 0
    outer loop
      vertex -82.3203 31.6622 1.6
      vertex -82.5962 31.2825 -1.6
      vertex -82.5962 31.2825 1.6
    endloop
  endfacet
  facet normal 0.308995 -0.951064 0
    outer loop
      vertex -84.3378 33.6797 -1.6
      vertex -83.8915 33.8247 1.6
      vertex -84.3378 33.6797 1.6
    endloop
  endfacet
  facet normal 0.308995 -0.951064 0
    outer loop
      vertex -83.8915 33.8247 1.6
      vertex -84.3378 33.6797 -1.6
      vertex -83.8915 33.8247 -1.6
    endloop
  endfacet
  facet normal 0 -1 0
    outer loop
      vertex -83.8915 33.8247 -1.6
      vertex -83.4222 33.8247 1.6
      vertex -83.8915 33.8247 1.6
    endloop
  endfacet
  facet normal 0 -1 -0
    outer loop
      vertex -83.4222 33.8247 1.6
      vertex -83.8915 33.8247 -1.6
      vertex -83.4222 33.8247 -1.6
    endloop
  endfacet
  facet normal -0.308995 -0.951064 0
    outer loop
      vertex -83.4222 33.8247 -1.6
      vertex -82.9759 33.6797 1.6
      vertex -83.4222 33.8247 1.6
    endloop
  endfacet
  facet normal -0.308995 -0.951064 -0
    outer loop
      vertex -82.9759 33.6797 1.6
      vertex -83.4222 33.8247 -1.6
      vertex -82.9759 33.6797 -1.6
    endloop
  endfacet
  facet normal 0.808985 -0.58783 0
    outer loop
      vertex -84.9934 33.0241 1.6
      vertex -84.7175 33.4038 -1.6
      vertex -84.7175 33.4038 1.6
    endloop
  endfacet
  facet normal 0.808985 -0.58783 0
    outer loop
      vertex -84.7175 33.4038 -1.6
      vertex -84.9934 33.0241 1.6
      vertex -84.9934 33.0241 -1.6
    endloop
  endfacet
  facet normal -0.58783 -0.808985 0
    outer loop
      vertex -82.9759 33.6797 -1.6
      vertex -82.5962 33.4038 1.6
      vertex -82.9759 33.6797 1.6
    endloop
  endfacet
  facet normal -0.58783 -0.808985 -0
    outer loop
      vertex -82.5962 33.4038 1.6
      vertex -82.9759 33.6797 -1.6
      vertex -82.5962 33.4038 -1.6
    endloop
  endfacet
  facet normal 0.808985 0.58783 0
    outer loop
      vertex -84.7175 31.2825 1.6
      vertex -84.9934 31.6622 -1.6
      vertex -84.9934 31.6622 1.6
    endloop
  endfacet
  facet normal 0.808985 0.58783 0
    outer loop
      vertex -84.9934 31.6622 -1.6
      vertex -84.7175 31.2825 1.6
      vertex -84.7175 31.2825 -1.6
    endloop
  endfacet
  facet normal -1 0 0
    outer loop
      vertex -82.1753 32.1085 -1.6
      vertex -82.1753 32.5778 1.6
      vertex -82.1753 32.5778 -1.6
    endloop
  endfacet
  facet normal -1 -0 0
    outer loop
      vertex -82.1753 32.5778 1.6
      vertex -82.1753 32.1085 -1.6
      vertex -82.1753 32.1085 1.6
    endloop
  endfacet
  facet normal -0.707107 0.707107 0
    outer loop
      vertex -76.7865 29.1183 -1.6
      vertex -77.1183 28.7865 1.6
      vertex -76.7865 29.1183 1.6
    endloop
  endfacet
  facet normal -0.707107 0.707107 0
    outer loop
      vertex -77.1183 28.7865 1.6
      vertex -76.7865 29.1183 -1.6
      vertex -77.1183 28.7865 -1.6
    endloop
  endfacet
  facet normal 0.707107 0.707107 -0
    outer loop
      vertex -78.8817 28.7865 -1.6
      vertex -79.2135 29.1183 1.6
      vertex -78.8817 28.7865 1.6
    endloop
  endfacet
  facet normal 0.707107 0.707107 0
    outer loop
      vertex -79.2135 29.1183 1.6
      vertex -78.8817 28.7865 -1.6
      vertex -79.2135 29.1183 -1.6
    endloop
  endfacet
  facet normal 0.890992 0.454018 0
    outer loop
      vertex -79.2135 29.1183 1.6
      vertex -79.4266 29.5365 -1.6
      vertex -79.4266 29.5365 1.6
    endloop
  endfacet
  facet normal 0.890992 0.454018 0
    outer loop
      vertex -79.4266 29.5365 -1.6
      vertex -79.2135 29.1183 1.6
      vertex -79.2135 29.1183 -1.6
    endloop
  endfacet
  facet normal -0.156411 0.987692 0
    outer loop
      vertex -77.5365 28.5734 -1.6
      vertex -78 28.5 1.6
      vertex -77.5365 28.5734 1.6
    endloop
  endfacet
  facet normal -0.156411 0.987692 0
    outer loop
      vertex -78 28.5 1.6
      vertex -77.5365 28.5734 -1.6
      vertex -78 28.5 -1.6
    endloop
  endfacet
  facet normal -0.707107 -0.707107 0
    outer loop
      vertex -77.1183 31.2135 -1.6
      vertex -76.7865 30.8817 1.6
      vertex -77.1183 31.2135 1.6
    endloop
  endfacet
  facet normal -0.707107 -0.707107 -0
    outer loop
      vertex -76.7865 30.8817 1.6
      vertex -77.1183 31.2135 -1.6
      vertex -76.7865 30.8817 -1.6
    endloop
  endfacet
  facet normal -0.987692 0.156411 0
    outer loop
      vertex -76.5734 29.5365 -1.6
      vertex -76.5 30 1.6
      vertex -76.5 30 -1.6
    endloop
  endfacet
  facet normal -0.987692 0.156411 0
    outer loop
      vertex -76.5 30 1.6
      vertex -76.5734 29.5365 -1.6
      vertex -76.5734 29.5365 1.6
    endloop
  endfacet
  facet normal 0.890992 -0.454018 0
    outer loop
      vertex -79.4266 30.4635 1.6
      vertex -79.2135 30.8817 -1.6
      vertex -79.2135 30.8817 1.6
    endloop
  endfacet
  facet normal 0.890992 -0.454018 0
    outer loop
      vertex -79.2135 30.8817 -1.6
      vertex -79.4266 30.4635 1.6
      vertex -79.4266 30.4635 -1.6
    endloop
  endfacet
  facet normal 0.454018 0.890992 -0
    outer loop
      vertex -78.4635 28.5734 -1.6
      vertex -78.8817 28.7865 1.6
      vertex -78.4635 28.5734 1.6
    endloop
  endfacet
  facet normal 0.454018 0.890992 0
    outer loop
      vertex -78.8817 28.7865 1.6
      vertex -78.4635 28.5734 -1.6
      vertex -78.8817 28.7865 -1.6
    endloop
  endfacet
  facet normal -0.454018 -0.890992 0
    outer loop
      vertex -77.5365 31.4266 -1.6
      vertex -77.1183 31.2135 1.6
      vertex -77.5365 31.4266 1.6
    endloop
  endfacet
  facet normal -0.454018 -0.890992 -0
    outer loop
      vertex -77.1183 31.2135 1.6
      vertex -77.5365 31.4266 -1.6
      vertex -77.1183 31.2135 -1.6
    endloop
  endfacet
  facet normal -0.454018 0.890992 0
    outer loop
      vertex -77.1183 28.7865 -1.6
      vertex -77.5365 28.5734 1.6
      vertex -77.1183 28.7865 1.6
    endloop
  endfacet
  facet normal -0.454018 0.890992 0
    outer loop
      vertex -77.5365 28.5734 1.6
      vertex -77.1183 28.7865 -1.6
      vertex -77.5365 28.5734 -1.6
    endloop
  endfacet
  facet normal -0.987692 -0.156411 0
    outer loop
      vertex -76.5 30 -1.6
      vertex -76.5734 30.4635 1.6
      vertex -76.5734 30.4635 -1.6
    endloop
  endfacet
  facet normal -0.987692 -0.156411 0
    outer loop
      vertex -76.5734 30.4635 1.6
      vertex -76.5 30 -1.6
      vertex -76.5 30 1.6
    endloop
  endfacet
  facet normal 0.156411 0.987692 -0
    outer loop
      vertex -78 28.5 -1.6
      vertex -78.4635 28.5734 1.6
      vertex -78 28.5 1.6
    endloop
  endfacet
  facet normal 0.156411 0.987692 0
    outer loop
      vertex -78.4635 28.5734 1.6
      vertex -78 28.5 -1.6
      vertex -78.4635 28.5734 -1.6
    endloop
  endfacet
  facet normal -0.890992 -0.454018 0
    outer loop
      vertex -76.5734 30.4635 -1.6
      vertex -76.7865 30.8817 1.6
      vertex -76.7865 30.8817 -1.6
    endloop
  endfacet
  facet normal -0.890992 -0.454018 0
    outer loop
      vertex -76.7865 30.8817 1.6
      vertex -76.5734 30.4635 -1.6
      vertex -76.5734 30.4635 1.6
    endloop
  endfacet
  facet normal 0.987692 -0.156411 0
    outer loop
      vertex -79.5 30 1.6
      vertex -79.4266 30.4635 -1.6
      vertex -79.4266 30.4635 1.6
    endloop
  endfacet
  facet normal 0.987692 -0.156411 0
    outer loop
      vertex -79.4266 30.4635 -1.6
      vertex -79.5 30 1.6
      vertex -79.5 30 -1.6
    endloop
  endfacet
  facet normal 0.987692 0.156411 0
    outer loop
      vertex -79.4266 29.5365 1.6
      vertex -79.5 30 -1.6
      vertex -79.5 30 1.6
    endloop
  endfacet
  facet normal 0.987692 0.156411 0
    outer loop
      vertex -79.5 30 -1.6
      vertex -79.4266 29.5365 1.6
      vertex -79.4266 29.5365 -1.6
    endloop
  endfacet
  facet normal 0.707107 -0.707107 0
    outer loop
      vertex -79.2135 30.8817 -1.6
      vertex -78.8817 31.2135 1.6
      vertex -79.2135 30.8817 1.6
    endloop
  endfacet
  facet normal 0.707107 -0.707107 0
    outer loop
      vertex -78.8817 31.2135 1.6
      vertex -79.2135 30.8817 -1.6
      vertex -78.8817 31.2135 -1.6
    endloop
  endfacet
  facet normal -0.890992 0.454018 0
    outer loop
      vertex -76.7865 29.1183 -1.6
      vertex -76.5734 29.5365 1.6
      vertex -76.5734 29.5365 -1.6
    endloop
  endfacet
  facet normal -0.890992 0.454018 0
    outer loop
      vertex -76.5734 29.5365 1.6
      vertex -76.7865 29.1183 -1.6
      vertex -76.7865 29.1183 1.6
    endloop
  endfacet
  facet normal 0.454018 -0.890992 0
    outer loop
      vertex -78.8817 31.2135 -1.6
      vertex -78.4635 31.4266 1.6
      vertex -78.8817 31.2135 1.6
    endloop
  endfacet
  facet normal 0.454018 -0.890992 0
    outer loop
      vertex -78.4635 31.4266 1.6
      vertex -78.8817 31.2135 -1.6
      vertex -78.4635 31.4266 -1.6
    endloop
  endfacet
  facet normal -0.156411 -0.987692 0
    outer loop
      vertex -78 31.5 -1.6
      vertex -77.5365 31.4266 1.6
      vertex -78 31.5 1.6
    endloop
  endfacet
  facet normal -0.156411 -0.987692 -0
    outer loop
      vertex -77.5365 31.4266 1.6
      vertex -78 31.5 -1.6
      vertex -77.5365 31.4266 -1.6
    endloop
  endfacet
  facet normal 0.156411 -0.987692 0
    outer loop
      vertex -78.4635 31.4266 -1.6
      vertex -78 31.5 1.6
      vertex -78.4635 31.4266 1.6
    endloop
  endfacet
  facet normal 0.156411 -0.987692 0
    outer loop
      vertex -78 31.5 1.6
      vertex -78.4635 31.4266 -1.6
      vertex -78 31.5 -1.6
    endloop
  endfacet
  facet normal -1 0 0
    outer loop
      vertex -70.8616 32.1085 -1.6
      vertex -70.8616 32.5778 1.6
      vertex -70.8616 32.5778 -1.6
    endloop
  endfacet
  facet normal -1 -0 0
    outer loop
      vertex -70.8616 32.5778 1.6
      vertex -70.8616 32.1085 -1.6
      vertex -70.8616 32.1085 1.6
    endloop
  endfacet
  facet normal 0.58783 -0.808985 0
    outer loop
      vertex -73.4038 33.4038 -1.6
      vertex -73.0241 33.6797 1.6
      vertex -73.4038 33.4038 1.6
    endloop
  endfacet
  facet normal 0.58783 -0.808985 0
    outer loop
      vertex -73.0241 33.6797 1.6
      vertex -73.4038 33.4038 -1.6
      vertex -73.0241 33.6797 -1.6
    endloop
  endfacet
  facet normal -0.808985 -0.58783 0
    outer loop
      vertex -71.0066 33.0241 -1.6
      vertex -71.2825 33.4038 1.6
      vertex -71.2825 33.4038 -1.6
    endloop
  endfacet
  facet normal -0.808985 -0.58783 0
    outer loop
      vertex -71.2825 33.4038 1.6
      vertex -71.0066 33.0241 -1.6
      vertex -71.0066 33.0241 1.6
    endloop
  endfacet
  facet normal -0.808985 0.58783 0
    outer loop
      vertex -71.2825 31.2825 -1.6
      vertex -71.0066 31.6622 1.6
      vertex -71.0066 31.6622 -1.6
    endloop
  endfacet
  facet normal -0.808985 0.58783 0
    outer loop
      vertex -71.0066 31.6622 1.6
      vertex -71.2825 31.2825 -1.6
      vertex -71.2825 31.2825 1.6
    endloop
  endfacet
  facet normal 0.308995 -0.951064 0
    outer loop
      vertex -73.0241 33.6797 -1.6
      vertex -72.5778 33.8247 1.6
      vertex -73.0241 33.6797 1.6
    endloop
  endfacet
  facet normal 0.308995 -0.951064 0
    outer loop
      vertex -72.5778 33.8247 1.6
      vertex -73.0241 33.6797 -1.6
      vertex -72.5778 33.8247 -1.6
    endloop
  endfacet
  facet normal 0.58783 0.808985 -0
    outer loop
      vertex -73.0241 31.0066 -1.6
      vertex -73.4038 31.2825 1.6
      vertex -73.0241 31.0066 1.6
    endloop
  endfacet
  facet normal 0.58783 0.808985 0
    outer loop
      vertex -73.4038 31.2825 1.6
      vertex -73.0241 31.0066 -1.6
      vertex -73.4038 31.2825 -1.6
    endloop
  endfacet
  facet normal 0.308995 0.951064 -0
    outer loop
      vertex -72.5778 30.8616 -1.6
      vertex -73.0241 31.0066 1.6
      vertex -72.5778 30.8616 1.6
    endloop
  endfacet
  facet normal 0.308995 0.951064 0
    outer loop
      vertex -73.0241 31.0066 1.6
      vertex -72.5778 30.8616 -1.6
      vertex -73.0241 31.0066 -1.6
    endloop
  endfacet
  facet normal -0.308995 0.951064 0
    outer loop
      vertex -71.6622 31.0066 -1.6
      vertex -72.1085 30.8616 1.6
      vertex -71.6622 31.0066 1.6
    endloop
  endfacet
  facet normal -0.308995 0.951064 0
    outer loop
      vertex -72.1085 30.8616 1.6
      vertex -71.6622 31.0066 -1.6
      vertex -72.1085 30.8616 -1.6
    endloop
  endfacet
  facet normal -0.951064 -0.308995 0
    outer loop
      vertex -70.8616 32.5778 -1.6
      vertex -71.0066 33.0241 1.6
      vertex -71.0066 33.0241 -1.6
    endloop
  endfacet
  facet normal -0.951064 -0.308995 0
    outer loop
      vertex -71.0066 33.0241 1.6
      vertex -70.8616 32.5778 -1.6
      vertex -70.8616 32.5778 1.6
    endloop
  endfacet
  facet normal 0.808985 0.58783 0
    outer loop
      vertex -73.4038 31.2825 1.6
      vertex -73.6797 31.6622 -1.6
      vertex -73.6797 31.6622 1.6
    endloop
  endfacet
  facet normal 0.808985 0.58783 0
    outer loop
      vertex -73.6797 31.6622 -1.6
      vertex -73.4038 31.2825 1.6
      vertex -73.4038 31.2825 -1.6
    endloop
  endfacet
  facet normal -0.308995 -0.951064 0
    outer loop
      vertex -72.1085 33.8247 -1.6
      vertex -71.6622 33.6797 1.6
      vertex -72.1085 33.8247 1.6
    endloop
  endfacet
  facet normal -0.308995 -0.951064 -0
    outer loop
      vertex -71.6622 33.6797 1.6
      vertex -72.1085 33.8247 -1.6
      vertex -71.6622 33.6797 -1.6
    endloop
  endfacet
  facet normal 0 -1 0
    outer loop
      vertex -72.5778 33.8247 -1.6
      vertex -72.1085 33.8247 1.6
      vertex -72.5778 33.8247 1.6
    endloop
  endfacet
  facet normal 0 -1 -0
    outer loop
      vertex -72.1085 33.8247 1.6
      vertex -72.5778 33.8247 -1.6
      vertex -72.1085 33.8247 -1.6
    endloop
  endfacet
  facet normal -0.951064 0.308995 0
    outer loop
      vertex -71.0066 31.6622 -1.6
      vertex -70.8616 32.1085 1.6
      vertex -70.8616 32.1085 -1.6
    endloop
  endfacet
  facet normal -0.951064 0.308995 0
    outer loop
      vertex -70.8616 32.1085 1.6
      vertex -71.0066 31.6622 -1.6
      vertex -71.0066 31.6622 1.6
    endloop
  endfacet
  facet normal 0 1 -0
    outer loop
      vertex -72.1085 30.8616 -1.6
      vertex -72.5778 30.8616 1.6
      vertex -72.1085 30.8616 1.6
    endloop
  endfacet
  facet normal 0 1 0
    outer loop
      vertex -72.5778 30.8616 1.6
      vertex -72.1085 30.8616 -1.6
      vertex -72.5778 30.8616 -1.6
    endloop
  endfacet
  facet normal -0.58783 -0.808985 0
    outer loop
      vertex -71.6622 33.6797 -1.6
      vertex -71.2825 33.4038 1.6
      vertex -71.6622 33.6797 1.6
    endloop
  endfacet
  facet normal -0.58783 -0.808985 -0
    outer loop
      vertex -71.2825 33.4038 1.6
      vertex -71.6622 33.6797 -1.6
      vertex -71.2825 33.4038 -1.6
    endloop
  endfacet
  facet normal 1 -0 0
    outer loop
      vertex -73.8247 32.1085 1.6
      vertex -73.8247 32.5778 -1.6
      vertex -73.8247 32.5778 1.6
    endloop
  endfacet
  facet normal 1 0 0
    outer loop
      vertex -73.8247 32.5778 -1.6
      vertex -73.8247 32.1085 1.6
      vertex -73.8247 32.1085 -1.6
    endloop
  endfacet
  facet normal 0.951064 -0.308995 0
    outer loop
      vertex -73.8247 32.5778 1.6
      vertex -73.6797 33.0241 -1.6
      vertex -73.6797 33.0241 1.6
    endloop
  endfacet
  facet normal 0.951064 -0.308995 0
    outer loop
      vertex -73.6797 33.0241 -1.6
      vertex -73.8247 32.5778 1.6
      vertex -73.8247 32.5778 -1.6
    endloop
  endfacet
  facet normal 0.808985 -0.58783 0
    outer loop
      vertex -73.6797 33.0241 1.6
      vertex -73.4038 33.4038 -1.6
      vertex -73.4038 33.4038 1.6
    endloop
  endfacet
  facet normal 0.808985 -0.58783 0
    outer loop
      vertex -73.4038 33.4038 -1.6
      vertex -73.6797 33.0241 1.6
      vertex -73.6797 33.0241 -1.6
    endloop
  endfacet
  facet normal 0.951064 0.308995 0
    outer loop
      vertex -73.6797 31.6622 1.6
      vertex -73.8247 32.1085 -1.6
      vertex -73.8247 32.1085 1.6
    endloop
  endfacet
  facet normal 0.951064 0.308995 0
    outer loop
      vertex -73.8247 32.1085 -1.6
      vertex -73.6797 31.6622 1.6
      vertex -73.6797 31.6622 -1.6
    endloop
  endfacet
  facet normal -0.58783 0.808985 0
    outer loop
      vertex -71.2825 31.2825 -1.6
      vertex -71.6622 31.0066 1.6
      vertex -71.2825 31.2825 1.6
    endloop
  endfacet
  facet normal -0.58783 0.808985 0
    outer loop
      vertex -71.6622 31.0066 1.6
      vertex -71.2825 31.2825 -1.6
      vertex -71.6622 31.0066 -1.6
    endloop
  endfacet
  facet normal -0.156411 -0.987692 0
    outer loop
      vertex -63 39.5 -1.6
      vertex -62.5365 39.4266 1.6
      vertex -63 39.5 1.6
    endloop
  endfacet
  facet normal -0.156411 -0.987692 -0
    outer loop
      vertex -62.5365 39.4266 1.6
      vertex -63 39.5 -1.6
      vertex -62.5365 39.4266 -1.6
    endloop
  endfacet
  facet normal -0.890992 -0.454018 0
    outer loop
      vertex -61.5734 38.4635 -1.6
      vertex -61.7865 38.8817 1.6
      vertex -61.7865 38.8817 -1.6
    endloop
  endfacet
  facet normal -0.890992 -0.454018 0
    outer loop
      vertex -61.7865 38.8817 1.6
      vertex -61.5734 38.4635 -1.6
      vertex -61.5734 38.4635 1.6
    endloop
  endfacet
  facet normal -0.987692 -0.156411 0
    outer loop
      vertex -61.5 38 -1.6
      vertex -61.5734 38.4635 1.6
      vertex -61.5734 38.4635 -1.6
    endloop
  endfacet
  facet normal -0.987692 -0.156411 0
    outer loop
      vertex -61.5734 38.4635 1.6
      vertex -61.5 38 -1.6
      vertex -61.5 38 1.6
    endloop
  endfacet
  facet normal -0.707107 -0.707107 0
    outer loop
      vertex -61.7865 38.8817 -1.6
      vertex -62.1183 39.2135 1.6
      vertex -62.1183 39.2135 -1.6
    endloop
  endfacet
  facet normal -0.707107 -0.707107 0
    outer loop
      vertex -62.1183 39.2135 1.6
      vertex -61.7865 38.8817 -1.6
      vertex -61.7865 38.8817 1.6
    endloop
  endfacet
  facet normal -0.707107 0.707107 0
    outer loop
      vertex -62.1183 36.7865 -1.6
      vertex -61.7865 37.1183 1.6
      vertex -61.7865 37.1183 -1.6
    endloop
  endfacet
  facet normal -0.707107 0.707107 0
    outer loop
      vertex -61.7865 37.1183 1.6
      vertex -62.1183 36.7865 -1.6
      vertex -62.1183 36.7865 1.6
    endloop
  endfacet
  facet normal -0.454018 0.890992 0
    outer loop
      vertex -62.1183 36.7865 -1.6
      vertex -62.5365 36.5734 1.6
      vertex -62.1183 36.7865 1.6
    endloop
  endfacet
  facet normal -0.454018 0.890992 0
    outer loop
      vertex -62.5365 36.5734 1.6
      vertex -62.1183 36.7865 -1.6
      vertex -62.5365 36.5734 -1.6
    endloop
  endfacet
  facet normal 0.707107 -0.707107 0
    outer loop
      vertex -64.2135 38.8817 1.6
      vertex -63.8817 39.2135 -1.6
      vertex -63.8817 39.2135 1.6
    endloop
  endfacet
  facet normal 0.707107 -0.707107 0
    outer loop
      vertex -63.8817 39.2135 -1.6
      vertex -64.2135 38.8817 1.6
      vertex -64.2135 38.8817 -1.6
    endloop
  endfacet
  facet normal -0.454018 -0.890992 0
    outer loop
      vertex -62.5365 39.4266 -1.6
      vertex -62.1183 39.2135 1.6
      vertex -62.5365 39.4266 1.6
    endloop
  endfacet
  facet normal -0.454018 -0.890992 -0
    outer loop
      vertex -62.1183 39.2135 1.6
      vertex -62.5365 39.4266 -1.6
      vertex -62.1183 39.2135 -1.6
    endloop
  endfacet
  facet normal -0.890992 0.454018 0
    outer loop
      vertex -61.7865 37.1183 -1.6
      vertex -61.5734 37.5365 1.6
      vertex -61.5734 37.5365 -1.6
    endloop
  endfacet
  facet normal -0.890992 0.454018 0
    outer loop
      vertex -61.5734 37.5365 1.6
      vertex -61.7865 37.1183 -1.6
      vertex -61.7865 37.1183 1.6
    endloop
  endfacet
  facet normal 0.890992 -0.454018 0
    outer loop
      vertex -64.4266 38.4635 1.6
      vertex -64.2135 38.8817 -1.6
      vertex -64.2135 38.8817 1.6
    endloop
  endfacet
  facet normal 0.890992 -0.454018 0
    outer loop
      vertex -64.2135 38.8817 -1.6
      vertex -64.4266 38.4635 1.6
      vertex -64.4266 38.4635 -1.6
    endloop
  endfacet
  facet normal 0.454018 0.890992 -0
    outer loop
      vertex -63.4635 36.5734 -1.6
      vertex -63.8817 36.7865 1.6
      vertex -63.4635 36.5734 1.6
    endloop
  endfacet
  facet normal 0.454018 0.890992 0
    outer loop
      vertex -63.8817 36.7865 1.6
      vertex -63.4635 36.5734 -1.6
      vertex -63.8817 36.7865 -1.6
    endloop
  endfacet
  facet normal 0.156411 -0.987692 0
    outer loop
      vertex -63.4635 39.4266 -1.6
      vertex -63 39.5 1.6
      vertex -63.4635 39.4266 1.6
    endloop
  endfacet
  facet normal 0.156411 -0.987692 0
    outer loop
      vertex -63 39.5 1.6
      vertex -63.4635 39.4266 -1.6
      vertex -63 39.5 -1.6
    endloop
  endfacet
  facet normal -0.987692 0.156411 0
    outer loop
      vertex -61.5734 37.5365 -1.6
      vertex -61.5 38 1.6
      vertex -61.5 38 -1.6
    endloop
  endfacet
  facet normal -0.987692 0.156411 0
    outer loop
      vertex -61.5 38 1.6
      vertex -61.5734 37.5365 -1.6
      vertex -61.5734 37.5365 1.6
    endloop
  endfacet
  facet normal 0.707107 0.707107 0
    outer loop
      vertex -63.8817 36.7865 1.6
      vertex -64.2135 37.1183 -1.6
      vertex -64.2135 37.1183 1.6
    endloop
  endfacet
  facet normal 0.707107 0.707107 0
    outer loop
      vertex -64.2135 37.1183 -1.6
      vertex -63.8817 36.7865 1.6
      vertex -63.8817 36.7865 -1.6
    endloop
  endfacet
  facet normal 0.454018 -0.890992 0
    outer loop
      vertex -63.8817 39.2135 -1.6
      vertex -63.4635 39.4266 1.6
      vertex -63.8817 39.2135 1.6
    endloop
  endfacet
  facet normal 0.454018 -0.890992 0
    outer loop
      vertex -63.4635 39.4266 1.6
      vertex -63.8817 39.2135 -1.6
      vertex -63.4635 39.4266 -1.6
    endloop
  endfacet
  facet normal 0.156411 0.987692 -0
    outer loop
      vertex -63 36.5 -1.6
      vertex -63.4635 36.5734 1.6
      vertex -63 36.5 1.6
    endloop
  endfacet
  facet normal 0.156411 0.987692 0
    outer loop
      vertex -63.4635 36.5734 1.6
      vertex -63 36.5 -1.6
      vertex -63.4635 36.5734 -1.6
    endloop
  endfacet
  facet normal -0.156411 0.987692 0
    outer loop
      vertex -62.5365 36.5734 -1.6
      vertex -63 36.5 1.6
      vertex -62.5365 36.5734 1.6
    endloop
  endfacet
  facet normal -0.156411 0.987692 0
    outer loop
      vertex -63 36.5 1.6
      vertex -62.5365 36.5734 -1.6
      vertex -63 36.5 -1.6
    endloop
  endfacet
  facet normal 0.890992 0.454018 0
    outer loop
      vertex -64.2135 37.1183 1.6
      vertex -64.4266 37.5365 -1.6
      vertex -64.4266 37.5365 1.6
    endloop
  endfacet
  facet normal 0.890992 0.454018 0
    outer loop
      vertex -64.4266 37.5365 -1.6
      vertex -64.2135 37.1183 1.6
      vertex -64.2135 37.1183 -1.6
    endloop
  endfacet
  facet normal 0.987692 -0.156411 0
    outer loop
      vertex -64.5 38 1.6
      vertex -64.4266 38.4635 -1.6
      vertex -64.4266 38.4635 1.6
    endloop
  endfacet
  facet normal 0.987692 -0.156411 0
    outer loop
      vertex -64.4266 38.4635 -1.6
      vertex -64.5 38 1.6
      vertex -64.5 38 -1.6
    endloop
  endfacet
  facet normal 0.987692 0.156411 0
    outer loop
      vertex -64.4266 37.5365 1.6
      vertex -64.5 38 -1.6
      vertex -64.5 38 1.6
    endloop
  endfacet
  facet normal 0.987692 0.156411 0
    outer loop
      vertex -64.5 38 -1.6
      vertex -64.4266 37.5365 1.6
      vertex -64.4266 37.5365 -1.6
    endloop
  endfacet
  facet normal -0.308995 -0.951064 0
    outer loop
      vertex -67.1587 50.0881 -1.6
      vertex -66.7124 49.9431 1.6
      vertex -67.1587 50.0881 1.6
    endloop
  endfacet
  facet normal -0.308995 -0.951064 -0
    outer loop
      vertex -66.7124 49.9431 1.6
      vertex -67.1587 50.0881 -1.6
      vertex -66.7124 49.9431 -1.6
    endloop
  endfacet
  facet normal -0.58769 -0.809086 0
    outer loop
      vertex -66.7124 49.9431 -1.6
      vertex -66.3327 49.6673 1.6
      vertex -66.7124 49.9431 1.6
    endloop
  endfacet
  facet normal -0.58769 -0.809086 -0
    outer loop
      vertex -66.3327 49.6673 1.6
      vertex -66.7124 49.9431 -1.6
      vertex -66.3327 49.6673 -1.6
    endloop
  endfacet
  facet normal 0.951064 0.308995 0
    outer loop
      vertex -68.7299 47.9256 1.6
      vertex -68.8749 48.3719 -1.6
      vertex -68.8749 48.3719 1.6
    endloop
  endfacet
  facet normal 0.951064 0.308995 0
    outer loop
      vertex -68.8749 48.3719 -1.6
      vertex -68.7299 47.9256 1.6
      vertex -68.7299 47.9256 -1.6
    endloop
  endfacet
  facet normal -0.951064 0.308995 0
    outer loop
      vertex -66.0569 47.9256 -1.6
      vertex -65.9119 48.3719 1.6
      vertex -65.9119 48.3719 -1.6
    endloop
  endfacet
  facet normal -0.951064 0.308995 0
    outer loop
      vertex -65.9119 48.3719 1.6
      vertex -66.0569 47.9256 -1.6
      vertex -66.0569 47.9256 1.6
    endloop
  endfacet
  facet normal 1 -0 0
    outer loop
      vertex -68.8749 48.3719 1.6
      vertex -68.8749 48.8413 -1.6
      vertex -68.8749 48.8413 1.6
    endloop
  endfacet
  facet normal 1 0 0
    outer loop
      vertex -68.8749 48.8413 -1.6
      vertex -68.8749 48.3719 1.6
      vertex -68.8749 48.3719 -1.6
    endloop
  endfacet
  facet normal 0 1 -0
    outer loop
      vertex -67.1587 47.1251 -1.6
      vertex -67.6281 47.1251 1.6
      vertex -67.1587 47.1251 1.6
    endloop
  endfacet
  facet normal 0 1 0
    outer loop
      vertex -67.6281 47.1251 1.6
      vertex -67.1587 47.1251 -1.6
      vertex -67.6281 47.1251 -1.6
    endloop
  endfacet
  facet normal 0.308995 -0.951064 0
    outer loop
      vertex -68.0744 49.9431 -1.6
      vertex -67.6281 50.0881 1.6
      vertex -68.0744 49.9431 1.6
    endloop
  endfacet
  facet normal 0.308995 -0.951064 0
    outer loop
      vertex -67.6281 50.0881 1.6
      vertex -68.0744 49.9431 -1.6
      vertex -67.6281 50.0881 -1.6
    endloop
  endfacet
  facet normal 0.58769 0.809086 -0
    outer loop
      vertex -68.0744 47.2701 -1.6
      vertex -68.4541 47.5459 1.6
      vertex -68.0744 47.2701 1.6
    endloop
  endfacet
  facet normal 0.58769 0.809086 0
    outer loop
      vertex -68.4541 47.5459 1.6
      vertex -68.0744 47.2701 -1.6
      vertex -68.4541 47.5459 -1.6
    endloop
  endfacet
  facet normal -1 0 0
    outer loop
      vertex -65.9119 48.3719 -1.6
      vertex -65.9119 48.8413 1.6
      vertex -65.9119 48.8413 -1.6
    endloop
  endfacet
  facet normal -1 -0 0
    outer loop
      vertex -65.9119 48.8413 1.6
      vertex -65.9119 48.3719 -1.6
      vertex -65.9119 48.3719 1.6
    endloop
  endfacet
  facet normal -0.809086 -0.58769 0
    outer loop
      vertex -66.0569 49.2876 -1.6
      vertex -66.3327 49.6673 1.6
      vertex -66.3327 49.6673 -1.6
    endloop
  endfacet
  facet normal -0.809086 -0.58769 0
    outer loop
      vertex -66.3327 49.6673 1.6
      vertex -66.0569 49.2876 -1.6
      vertex -66.0569 49.2876 1.6
    endloop
  endfacet
  facet normal 0.809086 -0.58769 0
    outer loop
      vertex -68.7299 49.2876 1.6
      vertex -68.4541 49.6673 -1.6
      vertex -68.4541 49.6673 1.6
    endloop
  endfacet
  facet normal 0.809086 -0.58769 0
    outer loop
      vertex -68.4541 49.6673 -1.6
      vertex -68.7299 49.2876 1.6
      vertex -68.7299 49.2876 -1.6
    endloop
  endfacet
  facet normal 0.809086 0.58769 0
    outer loop
      vertex -68.4541 47.5459 1.6
      vertex -68.7299 47.9256 -1.6
      vertex -68.7299 47.9256 1.6
    endloop
  endfacet
  facet normal 0.809086 0.58769 0
    outer loop
      vertex -68.7299 47.9256 -1.6
      vertex -68.4541 47.5459 1.6
      vertex -68.4541 47.5459 -1.6
    endloop
  endfacet
  facet normal 0.951064 -0.308995 0
    outer loop
      vertex -68.8749 48.8413 1.6
      vertex -68.7299 49.2876 -1.6
      vertex -68.7299 49.2876 1.6
    endloop
  endfacet
  facet normal 0.951064 -0.308995 0
    outer loop
      vertex -68.7299 49.2876 -1.6
      vertex -68.8749 48.8413 1.6
      vertex -68.8749 48.8413 -1.6
    endloop
  endfacet
  facet normal -0.58769 0.809086 0
    outer loop
      vertex -66.3327 47.5459 -1.6
      vertex -66.7124 47.2701 1.6
      vertex -66.3327 47.5459 1.6
    endloop
  endfacet
  facet normal -0.58769 0.809086 0
    outer loop
      vertex -66.7124 47.2701 1.6
      vertex -66.3327 47.5459 -1.6
      vertex -66.7124 47.2701 -1.6
    endloop
  endfacet
  facet normal 0.58769 -0.809086 0
    outer loop
      vertex -68.4541 49.6673 -1.6
      vertex -68.0744 49.9431 1.6
      vertex -68.4541 49.6673 1.6
    endloop
  endfacet
  facet normal 0.58769 -0.809086 0
    outer loop
      vertex -68.0744 49.9431 1.6
      vertex -68.4541 49.6673 -1.6
      vertex -68.0744 49.9431 -1.6
    endloop
  endfacet
  facet normal -0.951064 -0.308995 0
    outer loop
      vertex -65.9119 48.8413 -1.6
      vertex -66.0569 49.2876 1.6
      vertex -66.0569 49.2876 -1.6
    endloop
  endfacet
  facet normal -0.951064 -0.308995 0
    outer loop
      vertex -66.0569 49.2876 1.6
      vertex -65.9119 48.8413 -1.6
      vertex -65.9119 48.8413 1.6
    endloop
  endfacet
  facet normal -0.308995 0.951064 0
    outer loop
      vertex -66.7124 47.2701 -1.6
      vertex -67.1587 47.1251 1.6
      vertex -66.7124 47.2701 1.6
    endloop
  endfacet
  facet normal -0.308995 0.951064 0
    outer loop
      vertex -67.1587 47.1251 1.6
      vertex -66.7124 47.2701 -1.6
      vertex -67.1587 47.1251 -1.6
    endloop
  endfacet
  facet normal 0.308995 0.951064 -0
    outer loop
      vertex -67.6281 47.1251 -1.6
      vertex -68.0744 47.2701 1.6
      vertex -67.6281 47.1251 1.6
    endloop
  endfacet
  facet normal 0.308995 0.951064 0
    outer loop
      vertex -68.0744 47.2701 1.6
      vertex -67.6281 47.1251 -1.6
      vertex -68.0744 47.2701 -1.6
    endloop
  endfacet
  facet normal -0.809086 0.58769 0
    outer loop
      vertex -66.3327 47.5459 -1.6
      vertex -66.0569 47.9256 1.6
      vertex -66.0569 47.9256 -1.6
    endloop
  endfacet
  facet normal -0.809086 0.58769 0
    outer loop
      vertex -66.0569 47.9256 1.6
      vertex -66.3327 47.5459 -1.6
      vertex -66.3327 47.5459 1.6
    endloop
  endfacet
  facet normal 0 -1 0
    outer loop
      vertex -67.6281 50.0881 -1.6
      vertex -67.1587 50.0881 1.6
      vertex -67.6281 50.0881 1.6
    endloop
  endfacet
  facet normal 0 -1 -0
    outer loop
      vertex -67.1587 50.0881 1.6
      vertex -67.6281 50.0881 -1.6
      vertex -67.1587 50.0881 -1.6
    endloop
  endfacet
  facet normal 0.707107 0.707107 -0
    outer loop
      vertex -78.8817 51.7865 -1.6
      vertex -79.2135 52.1183 1.6
      vertex -78.8817 51.7865 1.6
    endloop
  endfacet
  facet normal 0.707107 0.707107 0
    outer loop
      vertex -79.2135 52.1183 1.6
      vertex -78.8817 51.7865 -1.6
      vertex -79.2135 52.1183 -1.6
    endloop
  endfacet
  facet normal 0.987692 -0.156411 0
    outer loop
      vertex -79.5 53 1.6
      vertex -79.4266 53.4635 -1.6
      vertex -79.4266 53.4635 1.6
    endloop
  endfacet
  facet normal 0.987692 -0.156411 0
    outer loop
      vertex -79.4266 53.4635 -1.6
      vertex -79.5 53 1.6
      vertex -79.5 53 -1.6
    endloop
  endfacet
  facet normal 0.454018 -0.890992 0
    outer loop
      vertex -78.8817 54.2135 -1.6
      vertex -78.4635 54.4266 1.6
      vertex -78.8817 54.2135 1.6
    endloop
  endfacet
  facet normal 0.454018 -0.890992 0
    outer loop
      vertex -78.4635 54.4266 1.6
      vertex -78.8817 54.2135 -1.6
      vertex -78.4635 54.4266 -1.6
    endloop
  endfacet
  facet normal 0.156411 -0.987692 0
    outer loop
      vertex -78.4635 54.4266 -1.6
      vertex -78 54.5 1.6
      vertex -78.4635 54.4266 1.6
    endloop
  endfacet
  facet normal 0.156411 -0.987692 0
    outer loop
      vertex -78 54.5 1.6
      vertex -78.4635 54.4266 -1.6
      vertex -78 54.5 -1.6
    endloop
  endfacet
  facet normal 0.707107 -0.707107 0
    outer loop
      vertex -79.2135 53.8817 1.6
      vertex -78.8817 54.2135 -1.6
      vertex -78.8817 54.2135 1.6
    endloop
  endfacet
  facet normal 0.707107 -0.707107 0
    outer loop
      vertex -78.8817 54.2135 -1.6
      vertex -79.2135 53.8817 1.6
      vertex -79.2135 53.8817 -1.6
    endloop
  endfacet
  facet normal -0.890992 -0.454018 0
    outer loop
      vertex -76.5734 53.4635 -1.6
      vertex -76.7865 53.8817 1.6
      vertex -76.7865 53.8817 -1.6
    endloop
  endfacet
  facet normal -0.890992 -0.454018 0
    outer loop
      vertex -76.7865 53.8817 1.6
      vertex -76.5734 53.4635 -1.6
      vertex -76.5734 53.4635 1.6
    endloop
  endfacet
  facet normal 0.890992 -0.454018 0
    outer loop
      vertex -79.4266 53.4635 1.6
      vertex -79.2135 53.8817 -1.6
      vertex -79.2135 53.8817 1.6
    endloop
  endfacet
  facet normal 0.890992 -0.454018 0
    outer loop
      vertex -79.2135 53.8817 -1.6
      vertex -79.4266 53.4635 1.6
      vertex -79.4266 53.4635 -1.6
    endloop
  endfacet
  facet normal -0.454018 -0.890992 0
    outer loop
      vertex -77.5365 54.4266 -1.6
      vertex -77.1183 54.2135 1.6
      vertex -77.5365 54.4266 1.6
    endloop
  endfacet
  facet normal -0.454018 -0.890992 -0
    outer loop
      vertex -77.1183 54.2135 1.6
      vertex -77.5365 54.4266 -1.6
      vertex -77.1183 54.2135 -1.6
    endloop
  endfacet
  facet normal -0.707107 -0.707107 0
    outer loop
      vertex -76.7865 53.8817 -1.6
      vertex -77.1183 54.2135 1.6
      vertex -77.1183 54.2135 -1.6
    endloop
  endfacet
  facet normal -0.707107 -0.707107 0
    outer loop
      vertex -77.1183 54.2135 1.6
      vertex -76.7865 53.8817 -1.6
      vertex -76.7865 53.8817 1.6
    endloop
  endfacet
  facet normal 0.454018 0.890992 -0
    outer loop
      vertex -78.4635 51.5734 -1.6
      vertex -78.8817 51.7865 1.6
      vertex -78.4635 51.5734 1.6
    endloop
  endfacet
  facet normal 0.454018 0.890992 0
    outer loop
      vertex -78.8817 51.7865 1.6
      vertex -78.4635 51.5734 -1.6
      vertex -78.8817 51.7865 -1.6
    endloop
  endfacet
  facet normal 0.987692 0.156411 0
    outer loop
      vertex -79.4266 52.5365 1.6
      vertex -79.5 53 -1.6
      vertex -79.5 53 1.6
    endloop
  endfacet
  facet normal 0.987692 0.156411 0
    outer loop
      vertex -79.5 53 -1.6
      vertex -79.4266 52.5365 1.6
      vertex -79.4266 52.5365 -1.6
    endloop
  endfacet
  facet normal -0.890992 0.454018 0
    outer loop
      vertex -76.7865 52.1183 -1.6
      vertex -76.5734 52.5365 1.6
      vertex -76.5734 52.5365 -1.6
    endloop
  endfacet
  facet normal -0.890992 0.454018 0
    outer loop
      vertex -76.5734 52.5365 1.6
      vertex -76.7865 52.1183 -1.6
      vertex -76.7865 52.1183 1.6
    endloop
  endfacet
  facet normal -0.707107 0.707107 0
    outer loop
      vertex -76.7865 52.1183 -1.6
      vertex -77.1183 51.7865 1.6
      vertex -76.7865 52.1183 1.6
    endloop
  endfacet
  facet normal -0.707107 0.707107 0
    outer loop
      vertex -77.1183 51.7865 1.6
      vertex -76.7865 52.1183 -1.6
      vertex -77.1183 51.7865 -1.6
    endloop
  endfacet
  facet normal 0.890992 0.454018 0
    outer loop
      vertex -79.2135 52.1183 1.6
      vertex -79.4266 52.5365 -1.6
      vertex -79.4266 52.5365 1.6
    endloop
  endfacet
  facet normal 0.890992 0.454018 0
    outer loop
      vertex -79.4266 52.5365 -1.6
      vertex -79.2135 52.1183 1.6
      vertex -79.2135 52.1183 -1.6
    endloop
  endfacet
  facet normal 0.156411 0.987692 -0
    outer loop
      vertex -78 51.5 -1.6
      vertex -78.4635 51.5734 1.6
      vertex -78 51.5 1.6
    endloop
  endfacet
  facet normal 0.156411 0.987692 0
    outer loop
      vertex -78.4635 51.5734 1.6
      vertex -78 51.5 -1.6
      vertex -78.4635 51.5734 -1.6
    endloop
  endfacet
  facet normal -0.987692 0.156411 0
    outer loop
      vertex -76.5734 52.5365 -1.6
      vertex -76.5 53 1.6
      vertex -76.5 53 -1.6
    endloop
  endfacet
  facet normal -0.987692 0.156411 0
    outer loop
      vertex -76.5 53 1.6
      vertex -76.5734 52.5365 -1.6
      vertex -76.5734 52.5365 1.6
    endloop
  endfacet
  facet normal -0.987692 -0.156411 0
    outer loop
      vertex -76.5 53 -1.6
      vertex -76.5734 53.4635 1.6
      vertex -76.5734 53.4635 -1.6
    endloop
  endfacet
  facet normal -0.987692 -0.156411 0
    outer loop
      vertex -76.5734 53.4635 1.6
      vertex -76.5 53 -1.6
      vertex -76.5 53 1.6
    endloop
  endfacet
  facet normal -0.454018 0.890992 0
    outer loop
      vertex -77.1183 51.7865 -1.6
      vertex -77.5365 51.5734 1.6
      vertex -77.1183 51.7865 1.6
    endloop
  endfacet
  facet normal -0.454018 0.890992 0
    outer loop
      vertex -77.5365 51.5734 1.6
      vertex -77.1183 51.7865 -1.6
      vertex -77.5365 51.5734 -1.6
    endloop
  endfacet
  facet normal -0.156411 -0.987692 0
    outer loop
      vertex -78 54.5 -1.6
      vertex -77.5365 54.4266 1.6
      vertex -78 54.5 1.6
    endloop
  endfacet
  facet normal -0.156411 -0.987692 -0
    outer loop
      vertex -77.5365 54.4266 1.6
      vertex -78 54.5 -1.6
      vertex -77.5365 54.4266 -1.6
    endloop
  endfacet
  facet normal -0.156411 0.987692 0
    outer loop
      vertex -77.5365 51.5734 -1.6
      vertex -78 51.5 1.6
      vertex -77.5365 51.5734 1.6
    endloop
  endfacet
  facet normal -0.156411 0.987692 0
    outer loop
      vertex -78 51.5 1.6
      vertex -77.5365 51.5734 -1.6
      vertex -78 51.5 -1.6
    endloop
  endfacet
  facet normal 0.951064 -0.308995 0
    outer loop
      vertex -90.0881 48.8413 1.6
      vertex -89.9431 49.2876 -1.6
      vertex -89.9431 49.2876 1.6
    endloop
  endfacet
  facet normal 0.951064 -0.308995 0
    outer loop
      vertex -89.9431 49.2876 -1.6
      vertex -90.0881 48.8413 1.6
      vertex -90.0881 48.8413 -1.6
    endloop
  endfacet
  facet normal 0.809086 -0.58769 0
    outer loop
      vertex -89.9431 49.2876 1.6
      vertex -89.6673 49.6673 -1.6
      vertex -89.6673 49.6673 1.6
    endloop
  endfacet
  facet normal 0.809086 -0.58769 0
    outer loop
      vertex -89.6673 49.6673 -1.6
      vertex -89.9431 49.2876 1.6
      vertex -89.9431 49.2876 -1.6
    endloop
  endfacet
  facet normal -0.308995 0.951064 0
    outer loop
      vertex -87.9256 47.2701 -1.6
      vertex -88.3719 47.1251 1.6
      vertex -87.9256 47.2701 1.6
    endloop
  endfacet
  facet normal -0.308995 0.951064 0
    outer loop
      vertex -88.3719 47.1251 1.6
      vertex -87.9256 47.2701 -1.6
      vertex -88.3719 47.1251 -1.6
    endloop
  endfacet
  facet normal -0.308995 -0.951064 0
    outer loop
      vertex -88.3719 50.0881 -1.6
      vertex -87.9256 49.9431 1.6
      vertex -88.3719 50.0881 1.6
    endloop
  endfacet
  facet normal -0.308995 -0.951064 -0
    outer loop
      vertex -87.9256 49.9431 1.6
      vertex -88.3719 50.0881 -1.6
      vertex -87.9256 49.9431 -1.6
    endloop
  endfacet
  facet normal -1 0 0
    outer loop
      vertex -87.1251 48.3719 -1.6
      vertex -87.1251 48.8413 1.6
      vertex -87.1251 48.8413 -1.6
    endloop
  endfacet
  facet normal -1 -0 0
    outer loop
      vertex -87.1251 48.8413 1.6
      vertex -87.1251 48.3719 -1.6
      vertex -87.1251 48.3719 1.6
    endloop
  endfacet
  facet normal 0 1 -0
    outer loop
      vertex -88.3719 47.1251 -1.6
      vertex -88.8413 47.1251 1.6
      vertex -88.3719 47.1251 1.6
    endloop
  endfacet
  facet normal 0 1 0
    outer loop
      vertex -88.8413 47.1251 1.6
      vertex -88.3719 47.1251 -1.6
      vertex -88.8413 47.1251 -1.6
    endloop
  endfacet
  facet normal -0.809086 0.58769 0
    outer loop
      vertex -87.5459 47.5459 -1.6
      vertex -87.2701 47.9256 1.6
      vertex -87.2701 47.9256 -1.6
    endloop
  endfacet
  facet normal -0.809086 0.58769 0
    outer loop
      vertex -87.2701 47.9256 1.6
      vertex -87.5459 47.5459 -1.6
      vertex -87.5459 47.5459 1.6
    endloop
  endfacet
  facet normal 0 -1 0
    outer loop
      vertex -88.8413 50.0881 -1.6
      vertex -88.3719 50.0881 1.6
      vertex -88.8413 50.0881 1.6
    endloop
  endfacet
  facet normal 0 -1 -0
    outer loop
      vertex -88.3719 50.0881 1.6
      vertex -88.8413 50.0881 -1.6
      vertex -88.3719 50.0881 -1.6
    endloop
  endfacet
  facet normal -0.58769 0.809086 0
    outer loop
      vertex -87.5459 47.5459 -1.6
      vertex -87.9256 47.2701 1.6
      vertex -87.5459 47.5459 1.6
    endloop
  endfacet
  facet normal -0.58769 0.809086 0
    outer loop
      vertex -87.9256 47.2701 1.6
      vertex -87.5459 47.5459 -1.6
      vertex -87.9256 47.2701 -1.6
    endloop
  endfacet
  facet normal 0.308995 0.951064 -0
    outer loop
      vertex -88.8413 47.1251 -1.6
      vertex -89.2876 47.2701 1.6
      vertex -88.8413 47.1251 1.6
    endloop
  endfacet
  facet normal 0.308995 0.951064 0
    outer loop
      vertex -89.2876 47.2701 1.6
      vertex -88.8413 47.1251 -1.6
      vertex -89.2876 47.2701 -1.6
    endloop
  endfacet
  facet normal -0.809086 -0.58769 0
    outer loop
      vertex -87.2701 49.2876 -1.6
      vertex -87.5459 49.6673 1.6
      vertex -87.5459 49.6673 -1.6
    endloop
  endfacet
  facet normal -0.809086 -0.58769 0
    outer loop
      vertex -87.5459 49.6673 1.6
      vertex -87.2701 49.2876 -1.6
      vertex -87.2701 49.2876 1.6
    endloop
  endfacet
  facet normal 0.58769 0.809086 -0
    outer loop
      vertex -89.2876 47.2701 -1.6
      vertex -89.6673 47.5459 1.6
      vertex -89.2876 47.2701 1.6
    endloop
  endfacet
  facet normal 0.58769 0.809086 0
    outer loop
      vertex -89.6673 47.5459 1.6
      vertex -89.2876 47.2701 -1.6
      vertex -89.6673 47.5459 -1.6
    endloop
  endfacet
  facet normal 0.809086 0.58769 0
    outer loop
      vertex -89.6673 47.5459 1.6
      vertex -89.9431 47.9256 -1.6
      vertex -89.9431 47.9256 1.6
    endloop
  endfacet
  facet normal 0.809086 0.58769 0
    outer loop
      vertex -89.9431 47.9256 -1.6
      vertex -89.6673 47.5459 1.6
      vertex -89.6673 47.5459 -1.6
    endloop
  endfacet
  facet normal 0.58769 -0.809086 0
    outer loop
      vertex -89.6673 49.6673 -1.6
      vertex -89.2876 49.9431 1.6
      vertex -89.6673 49.6673 1.6
    endloop
  endfacet
  facet normal 0.58769 -0.809086 0
    outer loop
      vertex -89.2876 49.9431 1.6
      vertex -89.6673 49.6673 -1.6
      vertex -89.2876 49.9431 -1.6
    endloop
  endfacet
  facet normal 0.308995 -0.951064 0
    outer loop
      vertex -89.2876 49.9431 -1.6
      vertex -88.8413 50.0881 1.6
      vertex -89.2876 49.9431 1.6
    endloop
  endfacet
  facet normal 0.308995 -0.951064 0
    outer loop
      vertex -88.8413 50.0881 1.6
      vertex -89.2876 49.9431 -1.6
      vertex -88.8413 50.0881 -1.6
    endloop
  endfacet
  facet normal -0.951064 -0.308995 0
    outer loop
      vertex -87.1251 48.8413 -1.6
      vertex -87.2701 49.2876 1.6
      vertex -87.2701 49.2876 -1.6
    endloop
  endfacet
  facet normal -0.951064 -0.308995 0
    outer loop
      vertex -87.2701 49.2876 1.6
      vertex -87.1251 48.8413 -1.6
      vertex -87.1251 48.8413 1.6
    endloop
  endfacet
  facet normal -0.951064 0.308995 0
    outer loop
      vertex -87.2701 47.9256 -1.6
      vertex -87.1251 48.3719 1.6
      vertex -87.1251 48.3719 -1.6
    endloop
  endfacet
  facet normal -0.951064 0.308995 0
    outer loop
      vertex -87.1251 48.3719 1.6
      vertex -87.2701 47.9256 -1.6
      vertex -87.2701 47.9256 1.6
    endloop
  endfacet
  facet normal 0.951064 0.308995 0
    outer loop
      vertex -89.9431 47.9256 1.6
      vertex -90.0881 48.3719 -1.6
      vertex -90.0881 48.3719 1.6
    endloop
  endfacet
  facet normal 0.951064 0.308995 0
    outer loop
      vertex -90.0881 48.3719 -1.6
      vertex -89.9431 47.9256 1.6
      vertex -89.9431 47.9256 -1.6
    endloop
  endfacet
  facet normal -0.58769 -0.809086 0
    outer loop
      vertex -87.9256 49.9431 -1.6
      vertex -87.5459 49.6673 1.6
      vertex -87.9256 49.9431 1.6
    endloop
  endfacet
  facet normal -0.58769 -0.809086 -0
    outer loop
      vertex -87.5459 49.6673 1.6
      vertex -87.9256 49.9431 -1.6
      vertex -87.5459 49.6673 -1.6
    endloop
  endfacet
  facet normal 1 -0 0
    outer loop
      vertex -90.0881 48.3719 1.6
      vertex -90.0881 48.8413 -1.6
      vertex -90.0881 48.8413 1.6
    endloop
  endfacet
  facet normal 1 0 0
    outer loop
      vertex -90.0881 48.8413 -1.6
      vertex -90.0881 48.3719 1.6
      vertex -90.0881 48.3719 -1.6
    endloop
  endfacet
  facet normal -0.707107 0.707107 0
    outer loop
      vertex -92.1183 36.7865 -1.6
      vertex -91.7865 37.1183 1.6
      vertex -91.7865 37.1183 -1.6
    endloop
  endfacet
  facet normal -0.707107 0.707107 0
    outer loop
      vertex -91.7865 37.1183 1.6
      vertex -92.1183 36.7865 -1.6
      vertex -92.1183 36.7865 1.6
    endloop
  endfacet
  facet normal 0.890992 0.454018 0
    outer loop
      vertex -94.2135 37.1183 1.6
      vertex -94.4266 37.5365 -1.6
      vertex -94.4266 37.5365 1.6
    endloop
  endfacet
  facet normal 0.890992 0.454018 0
    outer loop
      vertex -94.4266 37.5365 -1.6
      vertex -94.2135 37.1183 1.6
      vertex -94.2135 37.1183 -1.6
    endloop
  endfacet
  facet normal 0.707107 0.707107 0
    outer loop
      vertex -93.8817 36.7865 1.6
      vertex -94.2135 37.1183 -1.6
      vertex -94.2135 37.1183 1.6
    endloop
  endfacet
  facet normal 0.707107 0.707107 0
    outer loop
      vertex -94.2135 37.1183 -1.6
      vertex -93.8817 36.7865 1.6
      vertex -93.8817 36.7865 -1.6
    endloop
  endfacet
  facet normal 0.454018 -0.890992 0
    outer loop
      vertex -93.8817 39.2135 -1.6
      vertex -93.4635 39.4266 1.6
      vertex -93.8817 39.2135 1.6
    endloop
  endfacet
  facet normal 0.454018 -0.890992 0
    outer loop
      vertex -93.4635 39.4266 1.6
      vertex -93.8817 39.2135 -1.6
      vertex -93.4635 39.4266 -1.6
    endloop
  endfacet
  facet normal 0.987692 0.156411 0
    outer loop
      vertex -94.4266 37.5365 1.6
      vertex -94.5 38 -1.6
      vertex -94.5 38 1.6
    endloop
  endfacet
  facet normal 0.987692 0.156411 0
    outer loop
      vertex -94.5 38 -1.6
      vertex -94.4266 37.5365 1.6
      vertex -94.4266 37.5365 -1.6
    endloop
  endfacet
  facet normal 0.156411 0.987692 -0
    outer loop
      vertex -93 36.5 -1.6
      vertex -93.4635 36.5734 1.6
      vertex -93 36.5 1.6
    endloop
  endfacet
  facet normal 0.156411 0.987692 0
    outer loop
      vertex -93.4635 36.5734 1.6
      vertex -93 36.5 -1.6
      vertex -93.4635 36.5734 -1.6
    endloop
  endfacet
  facet normal -0.454018 -0.890992 0
    outer loop
      vertex -92.5365 39.4266 -1.6
      vertex -92.1183 39.2135 1.6
      vertex -92.5365 39.4266 1.6
    endloop
  endfacet
  facet normal -0.454018 -0.890992 -0
    outer loop
      vertex -92.1183 39.2135 1.6
      vertex -92.5365 39.4266 -1.6
      vertex -92.1183 39.2135 -1.6
    endloop
  endfacet
  facet normal 0.890992 -0.454018 0
    outer loop
      vertex -94.4266 38.4635 1.6
      vertex -94.2135 38.8817 -1.6
      vertex -94.2135 38.8817 1.6
    endloop
  endfacet
  facet normal 0.890992 -0.454018 0
    outer loop
      vertex -94.2135 38.8817 -1.6
      vertex -94.4266 38.4635 1.6
      vertex -94.4266 38.4635 -1.6
    endloop
  endfacet
  facet normal 0.707107 -0.707107 0
    outer loop
      vertex -94.2135 38.8817 1.6
      vertex -93.8817 39.2135 -1.6
      vertex -93.8817 39.2135 1.6
    endloop
  endfacet
  facet normal 0.707107 -0.707107 0
    outer loop
      vertex -93.8817 39.2135 -1.6
      vertex -94.2135 38.8817 1.6
      vertex -94.2135 38.8817 -1.6
    endloop
  endfacet
  facet normal -0.890992 0.454018 0
    outer loop
      vertex -91.7865 37.1183 -1.6
      vertex -91.5734 37.5365 1.6
      vertex -91.5734 37.5365 -1.6
    endloop
  endfacet
  facet normal -0.890992 0.454018 0
    outer loop
      vertex -91.5734 37.5365 1.6
      vertex -91.7865 37.1183 -1.6
      vertex -91.7865 37.1183 1.6
    endloop
  endfacet
  facet normal -0.156411 0.987692 0
    outer loop
      vertex -92.5365 36.5734 -1.6
      vertex -93 36.5 1.6
      vertex -92.5365 36.5734 1.6
    endloop
  endfacet
  facet normal -0.156411 0.987692 0
    outer loop
      vertex -93 36.5 1.6
      vertex -92.5365 36.5734 -1.6
      vertex -93 36.5 -1.6
    endloop
  endfacet
  facet normal -0.454018 0.890992 0
    outer loop
      vertex -92.1183 36.7865 -1.6
      vertex -92.5365 36.5734 1.6
      vertex -92.1183 36.7865 1.6
    endloop
  endfacet
  facet normal -0.454018 0.890992 0
    outer loop
      vertex -92.5365 36.5734 1.6
      vertex -92.1183 36.7865 -1.6
      vertex -92.5365 36.5734 -1.6
    endloop
  endfacet
  facet normal -0.987692 0.156411 0
    outer loop
      vertex -91.5734 37.5365 -1.6
      vertex -91.5 38 1.6
      vertex -91.5 38 -1.6
    endloop
  endfacet
  facet normal -0.987692 0.156411 0
    outer loop
      vertex -91.5 38 1.6
      vertex -91.5734 37.5365 -1.6
      vertex -91.5734 37.5365 1.6
    endloop
  endfacet
  facet normal -0.156411 -0.987692 0
    outer loop
      vertex -93 39.5 -1.6
      vertex -92.5365 39.4266 1.6
      vertex -93 39.5 1.6
    endloop
  endfacet
  facet normal -0.156411 -0.987692 -0
    outer loop
      vertex -92.5365 39.4266 1.6
      vertex -93 39.5 -1.6
      vertex -92.5365 39.4266 -1.6
    endloop
  endfacet
  facet normal 0.156411 -0.987692 0
    outer loop
      vertex -93.4635 39.4266 -1.6
      vertex -93 39.5 1.6
      vertex -93.4635 39.4266 1.6
    endloop
  endfacet
  facet normal 0.156411 -0.987692 0
    outer loop
      vertex -93 39.5 1.6
      vertex -93.4635 39.4266 -1.6
      vertex -93 39.5 -1.6
    endloop
  endfacet
  facet normal -0.707107 -0.707107 0
    outer loop
      vertex -91.7865 38.8817 -1.6
      vertex -92.1183 39.2135 1.6
      vertex -92.1183 39.2135 -1.6
    endloop
  endfacet
  facet normal -0.707107 -0.707107 0
    outer loop
      vertex -92.1183 39.2135 1.6
      vertex -91.7865 38.8817 -1.6
      vertex -91.7865 38.8817 1.6
    endloop
  endfacet
  facet normal 0.454018 0.890992 -0
    outer loop
      vertex -93.4635 36.5734 -1.6
      vertex -93.8817 36.7865 1.6
      vertex -93.4635 36.5734 1.6
    endloop
  endfacet
  facet normal 0.454018 0.890992 0
    outer loop
      vertex -93.8817 36.7865 1.6
      vertex -93.4635 36.5734 -1.6
      vertex -93.8817 36.7865 -1.6
    endloop
  endfacet
  facet normal -0.890992 -0.454018 0
    outer loop
      vertex -91.5734 38.4635 -1.6
      vertex -91.7865 38.8817 1.6
      vertex -91.7865 38.8817 -1.6
    endloop
  endfacet
  facet normal -0.890992 -0.454018 0
    outer loop
      vertex -91.7865 38.8817 1.6
      vertex -91.5734 38.4635 -1.6
      vertex -91.5734 38.4635 1.6
    endloop
  endfacet
  facet normal 0.987692 -0.156411 0
    outer loop
      vertex -94.5 38 1.6
      vertex -94.4266 38.4635 -1.6
      vertex -94.4266 38.4635 1.6
    endloop
  endfacet
  facet normal 0.987692 -0.156411 0
    outer loop
      vertex -94.4266 38.4635 -1.6
      vertex -94.5 38 1.6
      vertex -94.5 38 -1.6
    endloop
  endfacet
  facet normal -0.987692 -0.156411 0
    outer loop
      vertex -91.5 38 -1.6
      vertex -91.5734 38.4635 1.6
      vertex -91.5734 38.4635 -1.6
    endloop
  endfacet
  facet normal -0.987692 -0.156411 0
    outer loop
      vertex -91.5734 38.4635 1.6
      vertex -91.5 38 -1.6
      vertex -91.5 38 1.6
    endloop
  endfacet
  facet normal -0.951064 -0.308995 0
    outer loop
      vertex -87.1251 27.6281 -1.6
      vertex -87.2701 28.0744 1.6
      vertex -87.2701 28.0744 -1.6
    endloop
  endfacet
  facet normal -0.951064 -0.308995 0
    outer loop
      vertex -87.2701 28.0744 1.6
      vertex -87.1251 27.6281 -1.6
      vertex -87.1251 27.6281 1.6
    endloop
  endfacet
  facet normal 0.951064 -0.308995 0
    outer loop
      vertex -90.0881 27.6281 1.6
      vertex -89.9431 28.0744 -1.6
      vertex -89.9431 28.0744 1.6
    endloop
  endfacet
  facet normal 0.951064 -0.308995 0
    outer loop
      vertex -89.9431 28.0744 -1.6
      vertex -90.0881 27.6281 1.6
      vertex -90.0881 27.6281 -1.6
    endloop
  endfacet
  facet normal 0.58769 0.809086 -0
    outer loop
      vertex -89.2876 26.0569 -1.6
      vertex -89.6673 26.3327 1.6
      vertex -89.2876 26.0569 1.6
    endloop
  endfacet
  facet normal 0.58769 0.809086 0
    outer loop
      vertex -89.6673 26.3327 1.6
      vertex -89.2876 26.0569 -1.6
      vertex -89.6673 26.3327 -1.6
    endloop
  endfacet
  facet normal -1 0 0
    outer loop
      vertex -87.1251 27.1587 -1.6
      vertex -87.1251 27.6281 1.6
      vertex -87.1251 27.6281 -1.6
    endloop
  endfacet
  facet normal -1 -0 0
    outer loop
      vertex -87.1251 27.6281 1.6
      vertex -87.1251 27.1587 -1.6
      vertex -87.1251 27.1587 1.6
    endloop
  endfacet
  facet normal -0.58769 -0.809086 0
    outer loop
      vertex -87.9256 28.7299 -1.6
      vertex -87.5459 28.4541 1.6
      vertex -87.9256 28.7299 1.6
    endloop
  endfacet
  facet normal -0.58769 -0.809086 -0
    outer loop
      vertex -87.5459 28.4541 1.6
      vertex -87.9256 28.7299 -1.6
      vertex -87.5459 28.4541 -1.6
    endloop
  endfacet
  facet normal 1 -0 0
    outer loop
      vertex -90.0881 27.1587 1.6
      vertex -90.0881 27.6281 -1.6
      vertex -90.0881 27.6281 1.6
    endloop
  endfacet
  facet normal 1 0 0
    outer loop
      vertex -90.0881 27.6281 -1.6
      vertex -90.0881 27.1587 1.6
      vertex -90.0881 27.1587 -1.6
    endloop
  endfacet
  facet normal 0.809086 0.58769 0
    outer loop
      vertex -89.6673 26.3327 1.6
      vertex -89.9431 26.7124 -1.6
      vertex -89.9431 26.7124 1.6
    endloop
  endfacet
  facet normal 0.809086 0.58769 0
    outer loop
      vertex -89.9431 26.7124 -1.6
      vertex -89.6673 26.3327 1.6
      vertex -89.6673 26.3327 -1.6
    endloop
  endfacet
  facet normal -0.809086 -0.58769 0
    outer loop
      vertex -87.2701 28.0744 -1.6
      vertex -87.5459 28.4541 1.6
      vertex -87.5459 28.4541 -1.6
    endloop
  endfacet
  facet normal -0.809086 -0.58769 0
    outer loop
      vertex -87.5459 28.4541 1.6
      vertex -87.2701 28.0744 -1.6
      vertex -87.2701 28.0744 1.6
    endloop
  endfacet
  facet normal 0 -1 0
    outer loop
      vertex -88.8413 28.8749 -1.6
      vertex -88.3719 28.8749 1.6
      vertex -88.8413 28.8749 1.6
    endloop
  endfacet
  facet normal 0 -1 -0
    outer loop
      vertex -88.3719 28.8749 1.6
      vertex -88.8413 28.8749 -1.6
      vertex -88.3719 28.8749 -1.6
    endloop
  endfacet
  facet normal -0.951064 0.308995 0
    outer loop
      vertex -87.2701 26.7124 -1.6
      vertex -87.1251 27.1587 1.6
      vertex -87.1251 27.1587 -1.6
    endloop
  endfacet
  facet normal -0.951064 0.308995 0
    outer loop
      vertex -87.1251 27.1587 1.6
      vertex -87.2701 26.7124 -1.6
      vertex -87.2701 26.7124 1.6
    endloop
  endfacet
  facet normal 0.58769 -0.809086 0
    outer loop
      vertex -89.6673 28.4541 -1.6
      vertex -89.2876 28.7299 1.6
      vertex -89.6673 28.4541 1.6
    endloop
  endfacet
  facet normal 0.58769 -0.809086 0
    outer loop
      vertex -89.2876 28.7299 1.6
      vertex -89.6673 28.4541 -1.6
      vertex -89.2876 28.7299 -1.6
    endloop
  endfacet
  facet normal 0.308995 0.951064 -0
    outer loop
      vertex -88.8413 25.9119 -1.6
      vertex -89.2876 26.0569 1.6
      vertex -88.8413 25.9119 1.6
    endloop
  endfacet
  facet normal 0.308995 0.951064 0
    outer loop
      vertex -89.2876 26.0569 1.6
      vertex -88.8413 25.9119 -1.6
      vertex -89.2876 26.0569 -1.6
    endloop
  endfacet
  facet normal -0.809086 0.58769 0
    outer loop
      vertex -87.5459 26.3327 -1.6
      vertex -87.2701 26.7124 1.6
      vertex -87.2701 26.7124 -1.6
    endloop
  endfacet
  facet normal -0.809086 0.58769 0
    outer loop
      vertex -87.2701 26.7124 1.6
      vertex -87.5459 26.3327 -1.6
      vertex -87.5459 26.3327 1.6
    endloop
  endfacet
  facet normal -0.58769 0.809086 0
    outer loop
      vertex -87.5459 26.3327 -1.6
      vertex -87.9256 26.0569 1.6
      vertex -87.5459 26.3327 1.6
    endloop
  endfacet
  facet normal -0.58769 0.809086 0
    outer loop
      vertex -87.9256 26.0569 1.6
      vertex -87.5459 26.3327 -1.6
      vertex -87.9256 26.0569 -1.6
    endloop
  endfacet
  facet normal 0.951064 0.308995 0
    outer loop
      vertex -89.9431 26.7124 1.6
      vertex -90.0881 27.1587 -1.6
      vertex -90.0881 27.1587 1.6
    endloop
  endfacet
  facet normal 0.951064 0.308995 0
    outer loop
      vertex -90.0881 27.1587 -1.6
      vertex -89.9431 26.7124 1.6
      vertex -89.9431 26.7124 -1.6
    endloop
  endfacet
  facet normal 0.308995 -0.951064 0
    outer loop
      vertex -89.2876 28.7299 -1.6
      vertex -88.8413 28.8749 1.6
      vertex -89.2876 28.7299 1.6
    endloop
  endfacet
  facet normal 0.308995 -0.951064 0
    outer loop
      vertex -88.8413 28.8749 1.6
      vertex -89.2876 28.7299 -1.6
      vertex -88.8413 28.8749 -1.6
    endloop
  endfacet
  facet normal -0.308995 0.951064 0
    outer loop
      vertex -87.9256 26.0569 -1.6
      vertex -88.3719 25.9119 1.6
      vertex -87.9256 26.0569 1.6
    endloop
  endfacet
  facet normal -0.308995 0.951064 0
    outer loop
      vertex -88.3719 25.9119 1.6
      vertex -87.9256 26.0569 -1.6
      vertex -88.3719 25.9119 -1.6
    endloop
  endfacet
  facet normal 0.809086 -0.58769 0
    outer loop
      vertex -89.9431 28.0744 1.6
      vertex -89.6673 28.4541 -1.6
      vertex -89.6673 28.4541 1.6
    endloop
  endfacet
  facet normal 0.809086 -0.58769 0
    outer loop
      vertex -89.6673 28.4541 -1.6
      vertex -89.9431 28.0744 1.6
      vertex -89.9431 28.0744 -1.6
    endloop
  endfacet
  facet normal 0 1 -0
    outer loop
      vertex -88.3719 25.9119 -1.6
      vertex -88.8413 25.9119 1.6
      vertex -88.3719 25.9119 1.6
    endloop
  endfacet
  facet normal 0 1 0
    outer loop
      vertex -88.8413 25.9119 1.6
      vertex -88.3719 25.9119 -1.6
      vertex -88.8413 25.9119 -1.6
    endloop
  endfacet
  facet normal -0.308995 -0.951064 0
    outer loop
      vertex -88.3719 28.8749 -1.6
      vertex -87.9256 28.7299 1.6
      vertex -88.3719 28.8749 1.6
    endloop
  endfacet
  facet normal -0.308995 -0.951064 -0
    outer loop
      vertex -87.9256 28.7299 1.6
      vertex -88.3719 28.8749 -1.6
      vertex -87.9256 28.7299 -1.6
    endloop
  endfacet
  facet normal -0.454018 -0.890992 0
    outer loop
      vertex -77.5365 24.4266 -1.6
      vertex -77.1183 24.2135 1.6
      vertex -77.5365 24.4266 1.6
    endloop
  endfacet
  facet normal -0.454018 -0.890992 -0
    outer loop
      vertex -77.1183 24.2135 1.6
      vertex -77.5365 24.4266 -1.6
      vertex -77.1183 24.2135 -1.6
    endloop
  endfacet
  facet normal -0.890992 0.454018 0
    outer loop
      vertex -76.7865 22.1183 -1.6
      vertex -76.5734 22.5365 1.6
      vertex -76.5734 22.5365 -1.6
    endloop
  endfacet
  facet normal -0.890992 0.454018 0
    outer loop
      vertex -76.5734 22.5365 1.6
      vertex -76.7865 22.1183 -1.6
      vertex -76.7865 22.1183 1.6
    endloop
  endfacet
  facet normal 0.890992 0.454018 0
    outer loop
      vertex -79.2135 22.1183 1.6
      vertex -79.4266 22.5365 -1.6
      vertex -79.4266 22.5365 1.6
    endloop
  endfacet
  facet normal 0.890992 0.454018 0
    outer loop
      vertex -79.4266 22.5365 -1.6
      vertex -79.2135 22.1183 1.6
      vertex -79.2135 22.1183 -1.6
    endloop
  endfacet
  facet normal -0.156411 0.987692 0
    outer loop
      vertex -77.5365 21.5734 -1.6
      vertex -78 21.5 1.6
      vertex -77.5365 21.5734 1.6
    endloop
  endfacet
  facet normal -0.156411 0.987692 0
    outer loop
      vertex -78 21.5 1.6
      vertex -77.5365 21.5734 -1.6
      vertex -78 21.5 -1.6
    endloop
  endfacet
  facet normal 0.707107 0.707107 -0
    outer loop
      vertex -78.8817 21.7865 -1.6
      vertex -79.2135 22.1183 1.6
      vertex -78.8817 21.7865 1.6
    endloop
  endfacet
  facet normal 0.707107 0.707107 0
    outer loop
      vertex -79.2135 22.1183 1.6
      vertex -78.8817 21.7865 -1.6
      vertex -79.2135 22.1183 -1.6
    endloop
  endfacet
  facet normal -0.156411 -0.987692 0
    outer loop
      vertex -78 24.5 -1.6
      vertex -77.5365 24.4266 1.6
      vertex -78 24.5 1.6
    endloop
  endfacet
  facet normal -0.156411 -0.987692 -0
    outer loop
      vertex -77.5365 24.4266 1.6
      vertex -78 24.5 -1.6
      vertex -77.5365 24.4266 -1.6
    endloop
  endfacet
  facet normal -0.987692 0.156411 0
    outer loop
      vertex -76.5734 22.5365 -1.6
      vertex -76.5 23 1.6
      vertex -76.5 23 -1.6
    endloop
  endfacet
  facet normal -0.987692 0.156411 0
    outer loop
      vertex -76.5 23 1.6
      vertex -76.5734 22.5365 -1.6
      vertex -76.5734 22.5365 1.6
    endloop
  endfacet
  facet normal -0.454018 0.890992 0
    outer loop
      vertex -77.1183 21.7865 -1.6
      vertex -77.5365 21.5734 1.6
      vertex -77.1183 21.7865 1.6
    endloop
  endfacet
  facet normal -0.454018 0.890992 0
    outer loop
      vertex -77.5365 21.5734 1.6
      vertex -77.1183 21.7865 -1.6
      vertex -77.5365 21.5734 -1.6
    endloop
  endfacet
  facet normal -0.707107 0.707107 0
    outer loop
      vertex -76.7865 22.1183 -1.6
      vertex -77.1183 21.7865 1.6
      vertex -76.7865 22.1183 1.6
    endloop
  endfacet
  facet normal -0.707107 0.707107 0
    outer loop
      vertex -77.1183 21.7865 1.6
      vertex -76.7865 22.1183 -1.6
      vertex -77.1183 21.7865 -1.6
    endloop
  endfacet
  facet normal 0.156411 -0.987692 0
    outer loop
      vertex -78.4635 24.4266 -1.6
      vertex -78 24.5 1.6
      vertex -78.4635 24.4266 1.6
    endloop
  endfacet
  facet normal 0.156411 -0.987692 0
    outer loop
      vertex -78 24.5 1.6
      vertex -78.4635 24.4266 -1.6
      vertex -78 24.5 -1.6
    endloop
  endfacet
  facet normal 0.987692 -0.156411 0
    outer loop
      vertex -79.5 23 1.6
      vertex -79.4266 23.4635 -1.6
      vertex -79.4266 23.4635 1.6
    endloop
  endfacet
  facet normal 0.987692 -0.156411 0
    outer loop
      vertex -79.4266 23.4635 -1.6
      vertex -79.5 23 1.6
      vertex -79.5 23 -1.6
    endloop
  endfacet
  facet normal 0.454018 -0.890992 0
    outer loop
      vertex -78.8817 24.2135 -1.6
      vertex -78.4635 24.4266 1.6
      vertex -78.8817 24.2135 1.6
    endloop
  endfacet
  facet normal 0.454018 -0.890992 0
    outer loop
      vertex -78.4635 24.4266 1.6
      vertex -78.8817 24.2135 -1.6
      vertex -78.4635 24.4266 -1.6
    endloop
  endfacet
  facet normal -0.890992 -0.454018 0
    outer loop
      vertex -76.5734 23.4635 -1.6
      vertex -76.7865 23.8817 1.6
      vertex -76.7865 23.8817 -1.6
    endloop
  endfacet
  facet normal -0.890992 -0.454018 0
    outer loop
      vertex -76.7865 23.8817 1.6
      vertex -76.5734 23.4635 -1.6
      vertex -76.5734 23.4635 1.6
    endloop
  endfacet
  facet normal -0.987692 -0.156411 0
    outer loop
      vertex -76.5 23 -1.6
      vertex -76.5734 23.4635 1.6
      vertex -76.5734 23.4635 -1.6
    endloop
  endfacet
  facet normal -0.987692 -0.156411 0
    outer loop
      vertex -76.5734 23.4635 1.6
      vertex -76.5 23 -1.6
      vertex -76.5 23 1.6
    endloop
  endfacet
  facet normal 0.987692 0.156411 0
    outer loop
      vertex -79.4266 22.5365 1.6
      vertex -79.5 23 -1.6
      vertex -79.5 23 1.6
    endloop
  endfacet
  facet normal 0.987692 0.156411 0
    outer loop
      vertex -79.5 23 -1.6
      vertex -79.4266 22.5365 1.6
      vertex -79.4266 22.5365 -1.6
    endloop
  endfacet
  facet normal -0.707107 -0.707107 0
    outer loop
      vertex -77.1183 24.2135 -1.6
      vertex -76.7865 23.8817 1.6
      vertex -77.1183 24.2135 1.6
    endloop
  endfacet
  facet normal -0.707107 -0.707107 -0
    outer loop
      vertex -76.7865 23.8817 1.6
      vertex -77.1183 24.2135 -1.6
      vertex -76.7865 23.8817 -1.6
    endloop
  endfacet
  facet normal 0.707107 -0.707107 0
    outer loop
      vertex -79.2135 23.8817 -1.6
      vertex -78.8817 24.2135 1.6
      vertex -79.2135 23.8817 1.6
    endloop
  endfacet
  facet normal 0.707107 -0.707107 0
    outer loop
      vertex -78.8817 24.2135 1.6
      vertex -79.2135 23.8817 -1.6
      vertex -78.8817 24.2135 -1.6
    endloop
  endfacet
  facet normal 0.890992 -0.454018 0
    outer loop
      vertex -79.4266 23.4635 1.6
      vertex -79.2135 23.8817 -1.6
      vertex -79.2135 23.8817 1.6
    endloop
  endfacet
  facet normal 0.890992 -0.454018 0
    outer loop
      vertex -79.2135 23.8817 -1.6
      vertex -79.4266 23.4635 1.6
      vertex -79.4266 23.4635 -1.6
    endloop
  endfacet
  facet normal 0.454018 0.890992 -0
    outer loop
      vertex -78.4635 21.5734 -1.6
      vertex -78.8817 21.7865 1.6
      vertex -78.4635 21.5734 1.6
    endloop
  endfacet
  facet normal 0.454018 0.890992 0
    outer loop
      vertex -78.8817 21.7865 1.6
      vertex -78.4635 21.5734 -1.6
      vertex -78.8817 21.7865 -1.6
    endloop
  endfacet
  facet normal 0.156411 0.987692 -0
    outer loop
      vertex -78 21.5 -1.6
      vertex -78.4635 21.5734 1.6
      vertex -78 21.5 1.6
    endloop
  endfacet
  facet normal 0.156411 0.987692 0
    outer loop
      vertex -78.4635 21.5734 1.6
      vertex -78 21.5 -1.6
      vertex -78.4635 21.5734 -1.6
    endloop
  endfacet
  facet normal 0.308995 -0.951064 0
    outer loop
      vertex -68.0744 28.7299 -1.6
      vertex -67.6281 28.8749 1.6
      vertex -68.0744 28.7299 1.6
    endloop
  endfacet
  facet normal 0.308995 -0.951064 0
    outer loop
      vertex -67.6281 28.8749 1.6
      vertex -68.0744 28.7299 -1.6
      vertex -67.6281 28.8749 -1.6
    endloop
  endfacet
  facet normal 0.308995 0.951064 -0
    outer loop
      vertex -67.6281 25.9119 -1.6
      vertex -68.0744 26.0569 1.6
      vertex -67.6281 25.9119 1.6
    endloop
  endfacet
  facet normal 0.308995 0.951064 0
    outer loop
      vertex -68.0744 26.0569 1.6
      vertex -67.6281 25.9119 -1.6
      vertex -68.0744 26.0569 -1.6
    endloop
  endfacet
  facet normal 0 -1 0
    outer loop
      vertex -67.6281 28.8749 -1.6
      vertex -67.1587 28.8749 1.6
      vertex -67.6281 28.8749 1.6
    endloop
  endfacet
  facet normal 0 -1 -0
    outer loop
      vertex -67.1587 28.8749 1.6
      vertex -67.6281 28.8749 -1.6
      vertex -67.1587 28.8749 -1.6
    endloop
  endfacet
  facet normal -0.809086 0.58769 0
    outer loop
      vertex -66.3327 26.3327 -1.6
      vertex -66.0569 26.7124 1.6
      vertex -66.0569 26.7124 -1.6
    endloop
  endfacet
  facet normal -0.809086 0.58769 0
    outer loop
      vertex -66.0569 26.7124 1.6
      vertex -66.3327 26.3327 -1.6
      vertex -66.3327 26.3327 1.6
    endloop
  endfacet
  facet normal -0.951064 -0.308995 0
    outer loop
      vertex -65.9119 27.6281 -1.6
      vertex -66.0569 28.0744 1.6
      vertex -66.0569 28.0744 -1.6
    endloop
  endfacet
  facet normal -0.951064 -0.308995 0
    outer loop
      vertex -66.0569 28.0744 1.6
      vertex -65.9119 27.6281 -1.6
      vertex -65.9119 27.6281 1.6
    endloop
  endfacet
  facet normal 0.809086 -0.58769 0
    outer loop
      vertex -68.7299 28.0744 1.6
      vertex -68.4541 28.4541 -1.6
      vertex -68.4541 28.4541 1.6
    endloop
  endfacet
  facet normal 0.809086 -0.58769 0
    outer loop
      vertex -68.4541 28.4541 -1.6
      vertex -68.7299 28.0744 1.6
      vertex -68.7299 28.0744 -1.6
    endloop
  endfacet
  facet normal 0 1 -0
    outer loop
      vertex -67.1587 25.9119 -1.6
      vertex -67.6281 25.9119 1.6
      vertex -67.1587 25.9119 1.6
    endloop
  endfacet
  facet normal 0 1 0
    outer loop
      vertex -67.6281 25.9119 1.6
      vertex -67.1587 25.9119 -1.6
      vertex -67.6281 25.9119 -1.6
    endloop
  endfacet
  facet normal -0.58769 0.809086 0
    outer loop
      vertex -66.3327 26.3327 -1.6
      vertex -66.7124 26.0569 1.6
      vertex -66.3327 26.3327 1.6
    endloop
  endfacet
  facet normal -0.58769 0.809086 0
    outer loop
      vertex -66.7124 26.0569 1.6
      vertex -66.3327 26.3327 -1.6
      vertex -66.7124 26.0569 -1.6
    endloop
  endfacet
  facet normal -0.58769 -0.809086 0
    outer loop
      vertex -66.7124 28.7299 -1.6
      vertex -66.3327 28.4541 1.6
      vertex -66.7124 28.7299 1.6
    endloop
  endfacet
  facet normal -0.58769 -0.809086 -0
    outer loop
      vertex -66.3327 28.4541 1.6
      vertex -66.7124 28.7299 -1.6
      vertex -66.3327 28.4541 -1.6
    endloop
  endfacet
  facet normal 0.58769 -0.809086 0
    outer loop
      vertex -68.4541 28.4541 -1.6
      vertex -68.0744 28.7299 1.6
      vertex -68.4541 28.4541 1.6
    endloop
  endfacet
  facet normal 0.58769 -0.809086 0
    outer loop
      vertex -68.0744 28.7299 1.6
      vertex -68.4541 28.4541 -1.6
      vertex -68.0744 28.7299 -1.6
    endloop
  endfacet
  facet normal 1 -0 0
    outer loop
      vertex -68.8749 27.1587 1.6
      vertex -68.8749 27.6281 -1.6
      vertex -68.8749 27.6281 1.6
    endloop
  endfacet
  facet normal 1 0 0
    outer loop
      vertex -68.8749 27.6281 -1.6
      vertex -68.8749 27.1587 1.6
      vertex -68.8749 27.1587 -1.6
    endloop
  endfacet
  facet normal -0.308995 -0.951064 0
    outer loop
      vertex -67.1587 28.8749 -1.6
      vertex -66.7124 28.7299 1.6
      vertex -67.1587 28.8749 1.6
    endloop
  endfacet
  facet normal -0.308995 -0.951064 -0
    outer loop
      vertex -66.7124 28.7299 1.6
      vertex -67.1587 28.8749 -1.6
      vertex -66.7124 28.7299 -1.6
    endloop
  endfacet
  facet normal 0.809086 0.58769 0
    outer loop
      vertex -68.4541 26.3327 1.6
      vertex -68.7299 26.7124 -1.6
      vertex -68.7299 26.7124 1.6
    endloop
  endfacet
  facet normal 0.809086 0.58769 0
    outer loop
      vertex -68.7299 26.7124 -1.6
      vertex -68.4541 26.3327 1.6
      vertex -68.4541 26.3327 -1.6
    endloop
  endfacet
  facet normal -0.951064 0.308995 0
    outer loop
      vertex -66.0569 26.7124 -1.6
      vertex -65.9119 27.1587 1.6
      vertex -65.9119 27.1587 -1.6
    endloop
  endfacet
  facet normal -0.951064 0.308995 0
    outer loop
      vertex -65.9119 27.1587 1.6
      vertex -66.0569 26.7124 -1.6
      vertex -66.0569 26.7124 1.6
    endloop
  endfacet
  facet normal -0.809086 -0.58769 0
    outer loop
      vertex -66.0569 28.0744 -1.6
      vertex -66.3327 28.4541 1.6
      vertex -66.3327 28.4541 -1.6
    endloop
  endfacet
  facet normal -0.809086 -0.58769 0
    outer loop
      vertex -66.3327 28.4541 1.6
      vertex -66.0569 28.0744 -1.6
      vertex -66.0569 28.0744 1.6
    endloop
  endfacet
  facet normal -0.308995 0.951064 0
    outer loop
      vertex -66.7124 26.0569 -1.6
      vertex -67.1587 25.9119 1.6
      vertex -66.7124 26.0569 1.6
    endloop
  endfacet
  facet normal -0.308995 0.951064 0
    outer loop
      vertex -67.1587 25.9119 1.6
      vertex -66.7124 26.0569 -1.6
      vertex -67.1587 25.9119 -1.6
    endloop
  endfacet
  facet normal 0.951064 0.308995 0
    outer loop
      vertex -68.7299 26.7124 1.6
      vertex -68.8749 27.1587 -1.6
      vertex -68.8749 27.1587 1.6
    endloop
  endfacet
  facet normal 0.951064 0.308995 0
    outer loop
      vertex -68.8749 27.1587 -1.6
      vertex -68.7299 26.7124 1.6
      vertex -68.7299 26.7124 -1.6
    endloop
  endfacet
  facet normal 0.58769 0.809086 -0
    outer loop
      vertex -68.0744 26.0569 -1.6
      vertex -68.4541 26.3327 1.6
      vertex -68.0744 26.0569 1.6
    endloop
  endfacet
  facet normal 0.58769 0.809086 0
    outer loop
      vertex -68.4541 26.3327 1.6
      vertex -68.0744 26.0569 -1.6
      vertex -68.4541 26.3327 -1.6
    endloop
  endfacet
  facet normal -1 0 0
    outer loop
      vertex -65.9119 27.1587 -1.6
      vertex -65.9119 27.6281 1.6
      vertex -65.9119 27.6281 -1.6
    endloop
  endfacet
  facet normal -1 -0 0
    outer loop
      vertex -65.9119 27.6281 1.6
      vertex -65.9119 27.1587 -1.6
      vertex -65.9119 27.1587 1.6
    endloop
  endfacet
  facet normal 0.951064 -0.308995 0
    outer loop
      vertex -68.8749 27.6281 1.6
      vertex -68.7299 28.0744 -1.6
      vertex -68.7299 28.0744 1.6
    endloop
  endfacet
  facet normal 0.951064 -0.308995 0
    outer loop
      vertex -68.7299 28.0744 -1.6
      vertex -68.8749 27.6281 1.6
      vertex -68.8749 27.6281 -1.6
    endloop
  endfacet
  facet normal 0.471634 -0.881795 0
    outer loop
      vertex -79.1111 39.6629 -1.6
      vertex -78.7654 39.8478 1.6
      vertex -79.1111 39.6629 1.6
    endloop
  endfacet
  facet normal 0.471634 -0.881795 0
    outer loop
      vertex -78.7654 39.8478 1.6
      vertex -79.1111 39.6629 -1.6
      vertex -78.7654 39.8478 -1.6
    endloop
  endfacet
  facet normal -0.471634 -0.881795 0
    outer loop
      vertex -77.2346 39.8478 -1.6
      vertex -76.8889 39.6629 1.6
      vertex -77.2346 39.8478 1.6
    endloop
  endfacet
  facet normal -0.471634 -0.881795 -0
    outer loop
      vertex -76.8889 39.6629 1.6
      vertex -77.2346 39.8478 -1.6
      vertex -76.8889 39.6629 -1.6
    endloop
  endfacet
  facet normal -0.956951 -0.290248 0
    outer loop
      vertex -76.0384 38.3902 -1.6
      vertex -76.1522 38.7654 1.6
      vertex -76.1522 38.7654 -1.6
    endloop
  endfacet
  facet normal -0.956951 -0.290248 0
    outer loop
      vertex -76.1522 38.7654 1.6
      vertex -76.0384 38.3902 -1.6
      vertex -76.0384 38.3902 1.6
    endloop
  endfacet
  facet normal -0.995193 -0.097938 0
    outer loop
      vertex -76 38 -1.6
      vertex -76.0384 38.3902 1.6
      vertex -76.0384 38.3902 -1.6
    endloop
  endfacet
  facet normal -0.995193 -0.097938 0
    outer loop
      vertex -76.0384 38.3902 1.6
      vertex -76 38 -1.6
      vertex -76 38 1.6
    endloop
  endfacet
  facet normal -0.881795 -0.471634 0
    outer loop
      vertex -76.1522 38.7654 -1.6
      vertex -76.3371 39.1111 1.6
      vertex -76.3371 39.1111 -1.6
    endloop
  endfacet
  facet normal -0.881795 -0.471634 0
    outer loop
      vertex -76.3371 39.1111 1.6
      vertex -76.1522 38.7654 -1.6
      vertex -76.1522 38.7654 1.6
    endloop
  endfacet
  facet normal -0.097938 -0.995193 0
    outer loop
      vertex -78 40 -1.6
      vertex -77.6098 39.9616 1.6
      vertex -78 40 1.6
    endloop
  endfacet
  facet normal -0.097938 -0.995193 -0
    outer loop
      vertex -77.6098 39.9616 1.6
      vertex -78 40 -1.6
      vertex -77.6098 39.9616 -1.6
    endloop
  endfacet
  facet normal -0.097938 0.995193 0
    outer loop
      vertex -77.6098 36.0384 -1.6
      vertex -78 36 1.6
      vertex -77.6098 36.0384 1.6
    endloop
  endfacet
  facet normal -0.097938 0.995193 0
    outer loop
      vertex -78 36 1.6
      vertex -77.6098 36.0384 -1.6
      vertex -78 36 -1.6
    endloop
  endfacet
  facet normal -0.290248 -0.956951 0
    outer loop
      vertex -77.6098 39.9616 -1.6
      vertex -77.2346 39.8478 1.6
      vertex -77.6098 39.9616 1.6
    endloop
  endfacet
  facet normal -0.290248 -0.956951 -0
    outer loop
      vertex -77.2346 39.8478 1.6
      vertex -77.6098 39.9616 -1.6
      vertex -77.2346 39.8478 -1.6
    endloop
  endfacet
  facet normal -0.634321 -0.77307 0
    outer loop
      vertex -76.8889 39.6629 -1.6
      vertex -76.5858 39.4142 1.6
      vertex -76.8889 39.6629 1.6
    endloop
  endfacet
  facet normal -0.634321 -0.77307 -0
    outer loop
      vertex -76.5858 39.4142 1.6
      vertex -76.8889 39.6629 -1.6
      vertex -76.5858 39.4142 -1.6
    endloop
  endfacet
  facet normal -0.77307 0.634321 0
    outer loop
      vertex -76.5858 36.5858 -1.6
      vertex -76.3371 36.8889 1.6
      vertex -76.3371 36.8889 -1.6
    endloop
  endfacet
  facet normal -0.77307 0.634321 0
    outer loop
      vertex -76.3371 36.8889 1.6
      vertex -76.5858 36.5858 -1.6
      vertex -76.5858 36.5858 1.6
    endloop
  endfacet
  facet normal 0.634321 -0.77307 0
    outer loop
      vertex -79.4142 39.4142 -1.6
      vertex -79.1111 39.6629 1.6
      vertex -79.4142 39.4142 1.6
    endloop
  endfacet
  facet normal 0.634321 -0.77307 0
    outer loop
      vertex -79.1111 39.6629 1.6
      vertex -79.4142 39.4142 -1.6
      vertex -79.1111 39.6629 -1.6
    endloop
  endfacet
  facet normal -0.471634 0.881795 0
    outer loop
      vertex -76.8889 36.3371 -1.6
      vertex -77.2346 36.1522 1.6
      vertex -76.8889 36.3371 1.6
    endloop
  endfacet
  facet normal -0.471634 0.881795 0
    outer loop
      vertex -77.2346 36.1522 1.6
      vertex -76.8889 36.3371 -1.6
      vertex -77.2346 36.1522 -1.6
    endloop
  endfacet
  facet normal 0.881795 0.471634 0
    outer loop
      vertex -79.6629 36.8889 1.6
      vertex -79.8478 37.2346 -1.6
      vertex -79.8478 37.2346 1.6
    endloop
  endfacet
  facet normal 0.881795 0.471634 0
    outer loop
      vertex -79.8478 37.2346 -1.6
      vertex -79.6629 36.8889 1.6
      vertex -79.6629 36.8889 -1.6
    endloop
  endfacet
  facet normal -0.995193 0.097938 0
    outer loop
      vertex -76.0384 37.6098 -1.6
      vertex -76 38 1.6
      vertex -76 38 -1.6
    endloop
  endfacet
  facet normal -0.995193 0.097938 0
    outer loop
      vertex -76 38 1.6
      vertex -76.0384 37.6098 -1.6
      vertex -76.0384 37.6098 1.6
    endloop
  endfacet
  facet normal 0.290248 -0.956951 0
    outer loop
      vertex -78.7654 39.8478 -1.6
      vertex -78.3902 39.9616 1.6
      vertex -78.7654 39.8478 1.6
    endloop
  endfacet
  facet normal 0.290248 -0.956951 0
    outer loop
      vertex -78.3902 39.9616 1.6
      vertex -78.7654 39.8478 -1.6
      vertex -78.3902 39.9616 -1.6
    endloop
  endfacet
  facet normal 0.097938 0.995193 -0
    outer loop
      vertex -78 36 -1.6
      vertex -78.3902 36.0384 1.6
      vertex -78 36 1.6
    endloop
  endfacet
  facet normal 0.097938 0.995193 0
    outer loop
      vertex -78.3902 36.0384 1.6
      vertex -78 36 -1.6
      vertex -78.3902 36.0384 -1.6
    endloop
  endfacet
  facet normal 0.881795 -0.471634 0
    outer loop
      vertex -79.8478 38.7654 1.6
      vertex -79.6629 39.1111 -1.6
      vertex -79.6629 39.1111 1.6
    endloop
  endfacet
  facet normal 0.881795 -0.471634 0
    outer loop
      vertex -79.6629 39.1111 -1.6
      vertex -79.8478 38.7654 1.6
      vertex -79.8478 38.7654 -1.6
    endloop
  endfacet
  facet normal -0.290248 0.956951 0
    outer loop
      vertex -77.2346 36.1522 -1.6
      vertex -77.6098 36.0384 1.6
      vertex -77.2346 36.1522 1.6
    endloop
  endfacet
  facet normal -0.290248 0.956951 0
    outer loop
      vertex -77.6098 36.0384 1.6
      vertex -77.2346 36.1522 -1.6
      vertex -77.6098 36.0384 -1.6
    endloop
  endfacet
  facet normal 0.290248 0.956951 -0
    outer loop
      vertex -78.3902 36.0384 -1.6
      vertex -78.7654 36.1522 1.6
      vertex -78.3902 36.0384 1.6
    endloop
  endfacet
  facet normal 0.290248 0.956951 0
    outer loop
      vertex -78.7654 36.1522 1.6
      vertex -78.3902 36.0384 -1.6
      vertex -78.7654 36.1522 -1.6
    endloop
  endfacet
  facet normal -0.956951 0.290248 0
    outer loop
      vertex -76.1522 37.2346 -1.6
      vertex -76.0384 37.6098 1.6
      vertex -76.0384 37.6098 -1.6
    endloop
  endfacet
  facet normal -0.956951 0.290248 0
    outer loop
      vertex -76.0384 37.6098 1.6
      vertex -76.1522 37.2346 -1.6
      vertex -76.1522 37.2346 1.6
    endloop
  endfacet
  facet normal -0.77307 -0.634321 0
    outer loop
      vertex -76.3371 39.1111 -1.6
      vertex -76.5858 39.4142 1.6
      vertex -76.5858 39.4142 -1.6
    endloop
  endfacet
  facet normal -0.77307 -0.634321 0
    outer loop
      vertex -76.5858 39.4142 1.6
      vertex -76.3371 39.1111 -1.6
      vertex -76.3371 39.1111 1.6
    endloop
  endfacet
  facet normal 0.995193 -0.097938 0
    outer loop
      vertex -80 38 1.6
      vertex -79.9616 38.3902 -1.6
      vertex -79.9616 38.3902 1.6
    endloop
  endfacet
  facet normal 0.995193 -0.097938 0
    outer loop
      vertex -79.9616 38.3902 -1.6
      vertex -80 38 1.6
      vertex -80 38 -1.6
    endloop
  endfacet
  facet normal -0.634321 0.77307 0
    outer loop
      vertex -76.5858 36.5858 -1.6
      vertex -76.8889 36.3371 1.6
      vertex -76.5858 36.5858 1.6
    endloop
  endfacet
  facet normal -0.634321 0.77307 0
    outer loop
      vertex -76.8889 36.3371 1.6
      vertex -76.5858 36.5858 -1.6
      vertex -76.8889 36.3371 -1.6
    endloop
  endfacet
  facet normal 0.634321 0.77307 -0
    outer loop
      vertex -79.1111 36.3371 -1.6
      vertex -79.4142 36.5858 1.6
      vertex -79.1111 36.3371 1.6
    endloop
  endfacet
  facet normal 0.634321 0.77307 0
    outer loop
      vertex -79.4142 36.5858 1.6
      vertex -79.1111 36.3371 -1.6
      vertex -79.4142 36.5858 -1.6
    endloop
  endfacet
  facet normal 0.097938 -0.995193 0
    outer loop
      vertex -78.3902 39.9616 -1.6
      vertex -78 40 1.6
      vertex -78.3902 39.9616 1.6
    endloop
  endfacet
  facet normal 0.097938 -0.995193 0
    outer loop
      vertex -78 40 1.6
      vertex -78.3902 39.9616 -1.6
      vertex -78 40 -1.6
    endloop
  endfacet
  facet normal -0.881795 0.471634 0
    outer loop
      vertex -76.3371 36.8889 -1.6
      vertex -76.1522 37.2346 1.6
      vertex -76.1522 37.2346 -1.6
    endloop
  endfacet
  facet normal -0.881795 0.471634 0
    outer loop
      vertex -76.1522 37.2346 1.6
      vertex -76.3371 36.8889 -1.6
      vertex -76.3371 36.8889 1.6
    endloop
  endfacet
  facet normal 0.956951 0.290248 0
    outer loop
      vertex -79.8478 37.2346 1.6
      vertex -79.9616 37.6098 -1.6
      vertex -79.9616 37.6098 1.6
    endloop
  endfacet
  facet normal 0.956951 0.290248 0
    outer loop
      vertex -79.9616 37.6098 -1.6
      vertex -79.8478 37.2346 1.6
      vertex -79.8478 37.2346 -1.6
    endloop
  endfacet
  facet normal 0.995193 0.097938 0
    outer loop
      vertex -79.9616 37.6098 1.6
      vertex -80 38 -1.6
      vertex -80 38 1.6
    endloop
  endfacet
  facet normal 0.995193 0.097938 0
    outer loop
      vertex -80 38 -1.6
      vertex -79.9616 37.6098 1.6
      vertex -79.9616 37.6098 -1.6
    endloop
  endfacet
  facet normal 0.77307 0.634321 0
    outer loop
      vertex -79.4142 36.5858 1.6
      vertex -79.6629 36.8889 -1.6
      vertex -79.6629 36.8889 1.6
    endloop
  endfacet
  facet normal 0.77307 0.634321 0
    outer loop
      vertex -79.6629 36.8889 -1.6
      vertex -79.4142 36.5858 1.6
      vertex -79.4142 36.5858 -1.6
    endloop
  endfacet
  facet normal 0.77307 -0.634321 0
    outer loop
      vertex -79.6629 39.1111 1.6
      vertex -79.4142 39.4142 -1.6
      vertex -79.4142 39.4142 1.6
    endloop
  endfacet
  facet normal 0.77307 -0.634321 0
    outer loop
      vertex -79.4142 39.4142 -1.6
      vertex -79.6629 39.1111 1.6
      vertex -79.6629 39.1111 -1.6
    endloop
  endfacet
  facet normal 0.956951 -0.290248 0
    outer loop
      vertex -79.9616 38.3902 1.6
      vertex -79.8478 38.7654 -1.6
      vertex -79.8478 38.7654 1.6
    endloop
  endfacet
  facet normal 0.956951 -0.290248 0
    outer loop
      vertex -79.8478 38.7654 -1.6
      vertex -79.9616 38.3902 1.6
      vertex -79.9616 38.3902 -1.6
    endloop
  endfacet
  facet normal 0.471634 0.881795 -0
    outer loop
      vertex -78.7654 36.1522 -1.6
      vertex -79.1111 36.3371 1.6
      vertex -78.7654 36.1522 1.6
    endloop
  endfacet
  facet normal 0.471634 0.881795 0
    outer loop
      vertex -79.1111 36.3371 1.6
      vertex -78.7654 36.1522 -1.6
      vertex -79.1111 36.3371 -1.6
    endloop
  endfacet
  facet normal 0.956971 -0.290182 0
    outer loop
      vertex -99.6673 -52.6683 3.6
      vertex -99.5706 -52.3494 -1.6
      vertex -99.5706 -52.3494 3.6
    endloop
  endfacet
  facet normal 0.956971 -0.290182 0
    outer loop
      vertex -99.5706 -52.3494 -1.6
      vertex -99.6673 -52.6683 3.6
      vertex -99.6673 -52.6683 -1.6
    endloop
  endfacet
  facet normal -0.0981368 0.995173 0
    outer loop
      vertex -97.6684 -54.6673 -1.6
      vertex -98 -54.7 3.6
      vertex -97.6684 -54.6673 3.6
    endloop
  endfacet
  facet normal -0.0981368 0.995173 0
    outer loop
      vertex -98 -54.7 3.6
      vertex -97.6684 -54.6673 -1.6
      vertex -98 -54.7 -1.6
    endloop
  endfacet
  facet normal -0.956971 -0.290182 0
    outer loop
      vertex -96.3327 -52.6683 -1.6
      vertex -96.4294 -52.3494 3.6
      vertex -96.4294 -52.3494 -1.6
    endloop
  endfacet
  facet normal -0.956971 -0.290182 0
    outer loop
      vertex -96.4294 -52.3494 3.6
      vertex -96.3327 -52.6683 -1.6
      vertex -96.3327 -52.6683 3.6
    endloop
  endfacet
  facet normal -0.995176 -0.0981075 0
    outer loop
      vertex -96.3 -53 -1.6
      vertex -96.3327 -52.6683 3.6
      vertex -96.3327 -52.6683 -1.6
    endloop
  endfacet
  facet normal -0.995176 -0.0981075 0
    outer loop
      vertex -96.3327 -52.6683 3.6
      vertex -96.3 -53 -1.6
      vertex -96.3 -53 3.6
    endloop
  endfacet
  facet normal -0.881912 -0.471413 0
    outer loop
      vertex -96.4294 -52.3494 -1.6
      vertex -96.5865 -52.0555 3.6
      vertex -96.5865 -52.0555 -1.6
    endloop
  endfacet
  facet normal -0.881912 -0.471413 0
    outer loop
      vertex -96.5865 -52.0555 3.6
      vertex -96.4294 -52.3494 -1.6
      vertex -96.4294 -52.3494 3.6
    endloop
  endfacet
  facet normal 0.634381 -0.773021 0
    outer loop
      vertex -99.2021 -51.7979 -1.6
      vertex -98.9445 -51.5865 3.6
      vertex -99.2021 -51.7979 3.6
    endloop
  endfacet
  facet normal 0.634381 -0.773021 0
    outer loop
      vertex -98.9445 -51.5865 3.6
      vertex -99.2021 -51.7979 -1.6
      vertex -98.9445 -51.5865 -1.6
    endloop
  endfacet
  facet normal 0.773021 -0.634381 0
    outer loop
      vertex -99.4135 -52.0555 3.6
      vertex -99.2021 -51.7979 -1.6
      vertex -99.2021 -51.7979 3.6
    endloop
  endfacet
  facet normal 0.773021 -0.634381 0
    outer loop
      vertex -99.2021 -51.7979 -1.6
      vertex -99.4135 -52.0555 3.6
      vertex -99.4135 -52.0555 -1.6
    endloop
  endfacet
  facet normal -0.0981368 -0.995173 0
    outer loop
      vertex -98 -51.3 -1.6
      vertex -97.6684 -51.3327 3.6
      vertex -98 -51.3 3.6
    endloop
  endfacet
  facet normal -0.0981368 -0.995173 -0
    outer loop
      vertex -97.6684 -51.3327 3.6
      vertex -98 -51.3 -1.6
      vertex -97.6684 -51.3327 -1.6
    endloop
  endfacet
  facet normal 0.881912 0.471413 0
    outer loop
      vertex -99.4135 -53.9445 3.6
      vertex -99.5706 -53.6506 -1.6
      vertex -99.5706 -53.6506 3.6
    endloop
  endfacet
  facet normal 0.881912 0.471413 0
    outer loop
      vertex -99.5706 -53.6506 -1.6
      vertex -99.4135 -53.9445 3.6
      vertex -99.4135 -53.9445 -1.6
    endloop
  endfacet
  facet normal -0.773021 -0.634381 0
    outer loop
      vertex -96.5865 -52.0555 -1.6
      vertex -96.7979 -51.7979 3.6
      vertex -96.7979 -51.7979 -1.6
    endloop
  endfacet
  facet normal -0.773021 -0.634381 0
    outer loop
      vertex -96.7979 -51.7979 3.6
      vertex -96.5865 -52.0555 -1.6
      vertex -96.5865 -52.0555 3.6
    endloop
  endfacet
  facet normal -0.881912 0.471413 0
    outer loop
      vertex -96.5865 -53.9445 -1.6
      vertex -96.4294 -53.6506 3.6
      vertex -96.4294 -53.6506 -1.6
    endloop
  endfacet
  facet normal -0.881912 0.471413 0
    outer loop
      vertex -96.4294 -53.6506 3.6
      vertex -96.5865 -53.9445 -1.6
      vertex -96.5865 -53.9445 3.6
    endloop
  endfacet
  facet normal -0.290099 0.956997 0
    outer loop
      vertex -97.3494 -54.5706 -1.6
      vertex -97.6684 -54.6673 3.6
      vertex -97.3494 -54.5706 3.6
    endloop
  endfacet
  facet normal -0.290099 0.956997 0
    outer loop
      vertex -97.6684 -54.6673 3.6
      vertex -97.3494 -54.5706 -1.6
      vertex -97.6684 -54.6673 -1.6
    endloop
  endfacet
  facet normal 0.471413 -0.881912 0
    outer loop
      vertex -98.9445 -51.5865 -1.6
      vertex -98.6506 -51.4294 3.6
      vertex -98.9445 -51.5865 3.6
    endloop
  endfacet
  facet normal 0.471413 -0.881912 0
    outer loop
      vertex -98.6506 -51.4294 3.6
      vertex -98.9445 -51.5865 -1.6
      vertex -98.6506 -51.4294 -1.6
    endloop
  endfacet
  facet normal -0.471413 -0.881912 0
    outer loop
      vertex -97.3494 -51.4294 -1.6
      vertex -97.0555 -51.5865 3.6
      vertex -97.3494 -51.4294 3.6
    endloop
  endfacet
  facet normal -0.471413 -0.881912 -0
    outer loop
      vertex -97.0555 -51.5865 3.6
      vertex -97.3494 -51.4294 -1.6
      vertex -97.0555 -51.5865 -1.6
    endloop
  endfacet
  facet normal -0.956971 0.290182 0
    outer loop
      vertex -96.4294 -53.6506 -1.6
      vertex -96.3327 -53.3317 3.6
      vertex -96.3327 -53.3317 -1.6
    endloop
  endfacet
  facet normal -0.956971 0.290182 0
    outer loop
      vertex -96.3327 -53.3317 3.6
      vertex -96.4294 -53.6506 -1.6
      vertex -96.4294 -53.6506 3.6
    endloop
  endfacet
  facet normal -0.471413 0.881912 0
    outer loop
      vertex -97.0555 -54.4135 -1.6
      vertex -97.3494 -54.5706 3.6
      vertex -97.0555 -54.4135 3.6
    endloop
  endfacet
  facet normal -0.471413 0.881912 0
    outer loop
      vertex -97.3494 -54.5706 3.6
      vertex -97.0555 -54.4135 -1.6
      vertex -97.3494 -54.5706 -1.6
    endloop
  endfacet
  facet normal 0.634381 0.773021 -0
    outer loop
      vertex -98.9445 -54.4135 -1.6
      vertex -99.2021 -54.2021 3.6
      vertex -98.9445 -54.4135 3.6
    endloop
  endfacet
  facet normal 0.634381 0.773021 0
    outer loop
      vertex -99.2021 -54.2021 3.6
      vertex -98.9445 -54.4135 -1.6
      vertex -99.2021 -54.2021 -1.6
    endloop
  endfacet
  facet normal -0.290099 -0.956997 0
    outer loop
      vertex -97.6684 -51.3327 -1.6
      vertex -97.3494 -51.4294 3.6
      vertex -97.6684 -51.3327 3.6
    endloop
  endfacet
  facet normal -0.290099 -0.956997 -0
    outer loop
      vertex -97.3494 -51.4294 3.6
      vertex -97.6684 -51.3327 -1.6
      vertex -97.3494 -51.4294 -1.6
    endloop
  endfacet
  facet normal -0.995176 0.0981075 0
    outer loop
      vertex -96.3327 -53.3317 -1.6
      vertex -96.3 -53 3.6
      vertex -96.3 -53 -1.6
    endloop
  endfacet
  facet normal -0.995176 0.0981075 0
    outer loop
      vertex -96.3 -53 3.6
      vertex -96.3327 -53.3317 -1.6
      vertex -96.3327 -53.3317 3.6
    endloop
  endfacet
  facet normal -0.634381 0.773021 0
    outer loop
      vertex -96.7979 -54.2021 -1.6
      vertex -97.0555 -54.4135 3.6
      vertex -96.7979 -54.2021 3.6
    endloop
  endfacet
  facet normal -0.634381 0.773021 0
    outer loop
      vertex -97.0555 -54.4135 3.6
      vertex -96.7979 -54.2021 -1.6
      vertex -97.0555 -54.4135 -1.6
    endloop
  endfacet
  facet normal 0.290099 -0.956997 0
    outer loop
      vertex -98.6506 -51.4294 -1.6
      vertex -98.3316 -51.3327 3.6
      vertex -98.6506 -51.4294 3.6
    endloop
  endfacet
  facet normal 0.290099 -0.956997 0
    outer loop
      vertex -98.3316 -51.3327 3.6
      vertex -98.6506 -51.4294 -1.6
      vertex -98.3316 -51.3327 -1.6
    endloop
  endfacet
  facet normal -0.634381 -0.773021 0
    outer loop
      vertex -97.0555 -51.5865 -1.6
      vertex -96.7979 -51.7979 3.6
      vertex -97.0555 -51.5865 3.6
    endloop
  endfacet
  facet normal -0.634381 -0.773021 -0
    outer loop
      vertex -96.7979 -51.7979 3.6
      vertex -97.0555 -51.5865 -1.6
      vertex -96.7979 -51.7979 -1.6
    endloop
  endfacet
  facet normal 0.0981368 0.995173 -0
    outer loop
      vertex -98 -54.7 -1.6
      vertex -98.3316 -54.6673 3.6
      vertex -98 -54.7 3.6
    endloop
  endfacet
  facet normal 0.0981368 0.995173 0
    outer loop
      vertex -98.3316 -54.6673 3.6
      vertex -98 -54.7 -1.6
      vertex -98.3316 -54.6673 -1.6
    endloop
  endfacet
  facet normal 0 0 -1
    outer loop
      vertex -96.3327 -53.3317 3.6
      vertex -96.3327 -52.6683 3.6
      vertex -96.3 -53 3.6
    endloop
  endfacet
  facet normal 0 0 -1
    outer loop
      vertex -96.4294 -53.6506 3.6
      vertex -96.3327 -52.6683 3.6
      vertex -96.3327 -53.3317 3.6
    endloop
  endfacet
  facet normal 0 0 -1
    outer loop
      vertex -96.4294 -53.6506 3.6
      vertex -96.4294 -52.3494 3.6
      vertex -96.3327 -52.6683 3.6
    endloop
  endfacet
  facet normal 0 0 -1
    outer loop
      vertex -96.5865 -53.9445 3.6
      vertex -96.4294 -52.3494 3.6
      vertex -96.4294 -53.6506 3.6
    endloop
  endfacet
  facet normal 0 0 -1
    outer loop
      vertex -96.5865 -53.9445 3.6
      vertex -96.5865 -52.0555 3.6
      vertex -96.4294 -52.3494 3.6
    endloop
  endfacet
  facet normal 0 0 -1
    outer loop
      vertex -96.7979 -54.2021 3.6
      vertex -96.5865 -52.0555 3.6
      vertex -96.5865 -53.9445 3.6
    endloop
  endfacet
  facet normal 0 0 -1
    outer loop
      vertex -96.7979 -54.2021 3.6
      vertex -96.7979 -51.7979 3.6
      vertex -96.5865 -52.0555 3.6
    endloop
  endfacet
  facet normal 0 0 -1
    outer loop
      vertex -97.0555 -54.4135 3.6
      vertex -96.7979 -51.7979 3.6
      vertex -96.7979 -54.2021 3.6
    endloop
  endfacet
  facet normal 0 0 -1
    outer loop
      vertex -97.0555 -54.4135 3.6
      vertex -97.0555 -51.5865 3.6
      vertex -96.7979 -51.7979 3.6
    endloop
  endfacet
  facet normal 0 0 -1
    outer loop
      vertex -97.3494 -54.5706 3.6
      vertex -97.0555 -51.5865 3.6
      vertex -97.0555 -54.4135 3.6
    endloop
  endfacet
  facet normal 0 0 -1
    outer loop
      vertex -97.3494 -54.5706 3.6
      vertex -97.3494 -51.4294 3.6
      vertex -97.0555 -51.5865 3.6
    endloop
  endfacet
  facet normal 0 0 -1
    outer loop
      vertex -97.6684 -54.6673 3.6
      vertex -97.3494 -51.4294 3.6
      vertex -97.3494 -54.5706 3.6
    endloop
  endfacet
  facet normal 0 0 -1
    outer loop
      vertex -97.6684 -54.6673 3.6
      vertex -97.6684 -51.3327 3.6
      vertex -97.3494 -51.4294 3.6
    endloop
  endfacet
  facet normal 0 0 -1
    outer loop
      vertex -98 -54.7 3.6
      vertex -97.6684 -51.3327 3.6
      vertex -97.6684 -54.6673 3.6
    endloop
  endfacet
  facet normal 0 0 -1
    outer loop
      vertex -98 -54.7 3.6
      vertex -98 -51.3 3.6
      vertex -97.6684 -51.3327 3.6
    endloop
  endfacet
  facet normal 0 0 -1
    outer loop
      vertex -98.3316 -54.6673 3.6
      vertex -98 -51.3 3.6
      vertex -98 -54.7 3.6
    endloop
  endfacet
  facet normal 0 0 -1
    outer loop
      vertex -98.3316 -54.6673 3.6
      vertex -98.3316 -51.3327 3.6
      vertex -98 -51.3 3.6
    endloop
  endfacet
  facet normal 0 0 -1
    outer loop
      vertex -98.6506 -54.5706 3.6
      vertex -98.3316 -51.3327 3.6
      vertex -98.3316 -54.6673 3.6
    endloop
  endfacet
  facet normal 0 0 -1
    outer loop
      vertex -98.6506 -54.5706 3.6
      vertex -98.6506 -51.4294 3.6
      vertex -98.3316 -51.3327 3.6
    endloop
  endfacet
  facet normal 0 0 -1
    outer loop
      vertex -98.9445 -54.4135 3.6
      vertex -98.6506 -51.4294 3.6
      vertex -98.6506 -54.5706 3.6
    endloop
  endfacet
  facet normal 0 0 -1
    outer loop
      vertex -98.9445 -54.4135 3.6
      vertex -98.9445 -51.5865 3.6
      vertex -98.6506 -51.4294 3.6
    endloop
  endfacet
  facet normal 0 0 -1
    outer loop
      vertex -99.2021 -54.2021 3.6
      vertex -98.9445 -51.5865 3.6
      vertex -98.9445 -54.4135 3.6
    endloop
  endfacet
  facet normal 0 0 -1
    outer loop
      vertex -99.2021 -54.2021 3.6
      vertex -99.2021 -51.7979 3.6
      vertex -98.9445 -51.5865 3.6
    endloop
  endfacet
  facet normal 0 0 -1
    outer loop
      vertex -99.4135 -53.9445 3.6
      vertex -99.2021 -51.7979 3.6
      vertex -99.2021 -54.2021 3.6
    endloop
  endfacet
  facet normal 0 0 -1
    outer loop
      vertex -99.4135 -53.9445 3.6
      vertex -99.4135 -52.0555 3.6
      vertex -99.2021 -51.7979 3.6
    endloop
  endfacet
  facet normal 0 0 -1
    outer loop
      vertex -99.5706 -53.6506 3.6
      vertex -99.4135 -52.0555 3.6
      vertex -99.4135 -53.9445 3.6
    endloop
  endfacet
  facet normal 0 0 -1
    outer loop
      vertex -99.5706 -53.6506 3.6
      vertex -99.5706 -52.3494 3.6
      vertex -99.4135 -52.0555 3.6
    endloop
  endfacet
  facet normal 0 0 -1
    outer loop
      vertex -99.6673 -53.3317 3.6
      vertex -99.5706 -52.3494 3.6
      vertex -99.5706 -53.6506 3.6
    endloop
  endfacet
  facet normal 0 0 -1
    outer loop
      vertex -99.6673 -53.3317 3.6
      vertex -99.6673 -52.6683 3.6
      vertex -99.5706 -52.3494 3.6
    endloop
  endfacet
  facet normal 0 -0 -1
    outer loop
      vertex -99.6673 -52.6683 3.6
      vertex -99.6673 -53.3317 3.6
      vertex -99.7 -53 3.6
    endloop
  endfacet
  facet normal 0.0981368 -0.995173 0
    outer loop
      vertex -98.3316 -51.3327 -1.6
      vertex -98 -51.3 3.6
      vertex -98.3316 -51.3327 3.6
    endloop
  endfacet
  facet normal 0.0981368 -0.995173 0
    outer loop
      vertex -98 -51.3 3.6
      vertex -98.3316 -51.3327 -1.6
      vertex -98 -51.3 -1.6
    endloop
  endfacet
  facet normal 0.881912 -0.471413 0
    outer loop
      vertex -99.5706 -52.3494 3.6
      vertex -99.4135 -52.0555 -1.6
      vertex -99.4135 -52.0555 3.6
    endloop
  endfacet
  facet normal 0.881912 -0.471413 0
    outer loop
      vertex -99.4135 -52.0555 -1.6
      vertex -99.5706 -52.3494 3.6
      vertex -99.5706 -52.3494 -1.6
    endloop
  endfacet
  facet normal 0.956971 0.290182 0
    outer loop
      vertex -99.5706 -53.6506 3.6
      vertex -99.6673 -53.3317 -1.6
      vertex -99.6673 -53.3317 3.6
    endloop
  endfacet
  facet normal 0.956971 0.290182 0
    outer loop
      vertex -99.6673 -53.3317 -1.6
      vertex -99.5706 -53.6506 3.6
      vertex -99.5706 -53.6506 -1.6
    endloop
  endfacet
  facet normal 0.995176 0.0981075 0
    outer loop
      vertex -99.6673 -53.3317 3.6
      vertex -99.7 -53 -1.6
      vertex -99.7 -53 3.6
    endloop
  endfacet
  facet normal 0.995176 0.0981075 0
    outer loop
      vertex -99.7 -53 -1.6
      vertex -99.6673 -53.3317 3.6
      vertex -99.6673 -53.3317 -1.6
    endloop
  endfacet
  facet normal 0.773021 0.634381 0
    outer loop
      vertex -99.2021 -54.2021 3.6
      vertex -99.4135 -53.9445 -1.6
      vertex -99.4135 -53.9445 3.6
    endloop
  endfacet
  facet normal 0.773021 0.634381 0
    outer loop
      vertex -99.4135 -53.9445 -1.6
      vertex -99.2021 -54.2021 3.6
      vertex -99.2021 -54.2021 -1.6
    endloop
  endfacet
  facet normal 0.471413 0.881912 -0
    outer loop
      vertex -98.6506 -54.5706 -1.6
      vertex -98.9445 -54.4135 3.6
      vertex -98.6506 -54.5706 3.6
    endloop
  endfacet
  facet normal 0.471413 0.881912 0
    outer loop
      vertex -98.9445 -54.4135 3.6
      vertex -98.6506 -54.5706 -1.6
      vertex -98.9445 -54.4135 -1.6
    endloop
  endfacet
  facet normal -0.773021 0.634381 0
    outer loop
      vertex -96.7979 -54.2021 -1.6
      vertex -96.5865 -53.9445 3.6
      vertex -96.5865 -53.9445 -1.6
    endloop
  endfacet
  facet normal -0.773021 0.634381 0
    outer loop
      vertex -96.5865 -53.9445 3.6
      vertex -96.7979 -54.2021 -1.6
      vertex -96.7979 -54.2021 3.6
    endloop
  endfacet
  facet normal 0.995176 -0.0981075 0
    outer loop
      vertex -99.7 -53 3.6
      vertex -99.6673 -52.6683 -1.6
      vertex -99.6673 -52.6683 3.6
    endloop
  endfacet
  facet normal 0.995176 -0.0981075 0
    outer loop
      vertex -99.6673 -52.6683 -1.6
      vertex -99.7 -53 3.6
      vertex -99.7 -53 -1.6
    endloop
  endfacet
  facet normal 0.290099 0.956997 -0
    outer loop
      vertex -98.3316 -54.6673 -1.6
      vertex -98.6506 -54.5706 3.6
      vertex -98.3316 -54.6673 3.6
    endloop
  endfacet
  facet normal 0.290099 0.956997 0
    outer loop
      vertex -98.6506 -54.5706 3.6
      vertex -98.3316 -54.6673 -1.6
      vertex -98.6506 -54.5706 -1.6
    endloop
  endfacet
  facet normal 0.0981368 0.995173 -0
    outer loop
      vertex -98 51.3 -1.6
      vertex -98.3316 51.3327 1.6
      vertex -98 51.3 1.6
    endloop
  endfacet
  facet normal 0.0981368 0.995173 0
    outer loop
      vertex -98.3316 51.3327 1.6
      vertex -98 51.3 -1.6
      vertex -98.3316 51.3327 -1.6
    endloop
  endfacet
  facet normal -0.956972 -0.290179 0
    outer loop
      vertex -96.4294 53.6506 -1.6
      vertex -96.3636 53.4336 1.6
      vertex -96.4294 53.6506 1.6
    endloop
  endfacet
  facet normal -0.956971 -0.290182 -2.62574e-07
    outer loop
      vertex -96.3327 53.3317 -1.6
      vertex -96.3636 53.4336 1.6
      vertex -96.4294 53.6506 -1.6
    endloop
  endfacet
  facet normal -0.956969 -0.29019 -0
    outer loop
      vertex -96.3327 53.3317 3.6
      vertex -96.3636 53.4336 1.6
      vertex -96.3327 53.3317 -1.6
    endloop
  endfacet
  facet normal -0.956969 -0.29019 0
    outer loop
      vertex -96.3636 53.4336 1.6
      vertex -96.3327 53.3317 3.6
      vertex -96.3636 53.4336 3.6
    endloop
  endfacet
  facet normal -0.995176 -0.0981075 0
    outer loop
      vertex -96.3 53 -1.6
      vertex -96.3327 53.3317 3.6
      vertex -96.3327 53.3317 -1.6
    endloop
  endfacet
  facet normal -0.995176 -0.0981075 0
    outer loop
      vertex -96.3327 53.3317 3.6
      vertex -96.3 53 -1.6
      vertex -96.3 53 3.6
    endloop
  endfacet
  facet normal -0.881912 -0.471413 0
    outer loop
      vertex -96.4294 53.6506 -1.6
      vertex -96.5865 53.9445 1.6
      vertex -96.5865 53.9445 -1.6
    endloop
  endfacet
  facet normal -0.881912 -0.471413 0
    outer loop
      vertex -96.5865 53.9445 1.6
      vertex -96.4294 53.6506 -1.6
      vertex -96.4294 53.6506 1.6
    endloop
  endfacet
  facet normal 0.881912 0.471413 0
    outer loop
      vertex -99.4135 52.0555 1.6
      vertex -99.5706 52.3494 -1.6
      vertex -99.5706 52.3494 1.6
    endloop
  endfacet
  facet normal 0.881912 0.471413 0
    outer loop
      vertex -99.5706 52.3494 -1.6
      vertex -99.4135 52.0555 1.6
      vertex -99.4135 52.0555 -1.6
    endloop
  endfacet
  facet normal 0.290099 -0.956997 0
    outer loop
      vertex -98.6506 54.5706 -1.6
      vertex -98.3316 54.6673 1.6
      vertex -98.6506 54.5706 1.6
    endloop
  endfacet
  facet normal 0.290099 -0.956997 0
    outer loop
      vertex -98.3316 54.6673 1.6
      vertex -98.6506 54.5706 -1.6
      vertex -98.3316 54.6673 -1.6
    endloop
  endfacet
  facet normal -0.995176 0.0981075 0
    outer loop
      vertex -96.3327 52.6683 -1.6
      vertex -96.3 53 3.6
      vertex -96.3 53 -1.6
    endloop
  endfacet
  facet normal -0.995176 0.0981075 0
    outer loop
      vertex -96.3 53 3.6
      vertex -96.3327 52.6683 -1.6
      vertex -96.3327 52.6683 3.6
    endloop
  endfacet
  facet normal -0.290099 0.956997 0
    outer loop
      vertex -97.3494 51.4294 -1.6
      vertex -97.6684 51.3327 3.6
      vertex -97.3494 51.4294 3.6
    endloop
  endfacet
  facet normal -0.290099 0.956997 0
    outer loop
      vertex -97.6684 51.3327 3.6
      vertex -97.3494 51.4294 -1.6
      vertex -97.6684 51.3327 -1.6
    endloop
  endfacet
  facet normal 0.995176 0.0981075 0
    outer loop
      vertex -99.6673 52.6683 1.6
      vertex -99.7 53 -1.6
      vertex -99.7 53 1.6
    endloop
  endfacet
  facet normal 0.995176 0.0981075 0
    outer loop
      vertex -99.7 53 -1.6
      vertex -99.6673 52.6683 1.6
      vertex -99.6673 52.6683 -1.6
    endloop
  endfacet
  facet normal -0.0981368 -0.995173 0
    outer loop
      vertex -98 54.7 -1.6
      vertex -97.6684 54.6673 1.6
      vertex -98 54.7 1.6
    endloop
  endfacet
  facet normal -0.0981368 -0.995173 -0
    outer loop
      vertex -97.6684 54.6673 1.6
      vertex -98 54.7 -1.6
      vertex -97.6684 54.6673 -1.6
    endloop
  endfacet
  facet normal -0.956971 0.290182 0
    outer loop
      vertex -96.4294 52.3494 -1.6
      vertex -96.3327 52.6683 3.6
      vertex -96.3327 52.6683 -1.6
    endloop
  endfacet
  facet normal -0.956971 0.290182 0
    outer loop
      vertex -96.3327 52.6683 3.6
      vertex -96.4294 52.3494 -1.6
      vertex -96.4294 52.3494 3.6
    endloop
  endfacet
  facet normal 0.290099 0.956997 -0
    outer loop
      vertex -98.3316 51.3327 -1.6
      vertex -98.6506 51.4294 1.6
      vertex -98.3316 51.3327 1.6
    endloop
  endfacet
  facet normal 0.290099 0.956997 0
    outer loop
      vertex -98.6506 51.4294 1.6
      vertex -98.3316 51.3327 -1.6
      vertex -98.6506 51.4294 -1.6
    endloop
  endfacet
  facet normal 0.995176 -0.0981075 0
    outer loop
      vertex -99.7 53 1.6
      vertex -99.6673 53.3317 -1.6
      vertex -99.6673 53.3317 1.6
    endloop
  endfacet
  facet normal 0.995176 -0.0981075 0
    outer loop
      vertex -99.6673 53.3317 -1.6
      vertex -99.7 53 1.6
      vertex -99.7 53 -1.6
    endloop
  endfacet
  facet normal -0.290099 -0.956997 0
    outer loop
      vertex -97.6684 54.6673 -1.6
      vertex -97.3494 54.5706 1.6
      vertex -97.6684 54.6673 1.6
    endloop
  endfacet
  facet normal -0.290099 -0.956997 -0
    outer loop
      vertex -97.3494 54.5706 1.6
      vertex -97.6684 54.6673 -1.6
      vertex -97.3494 54.5706 -1.6
    endloop
  endfacet
  facet normal 0.0981368 -0.995173 0
    outer loop
      vertex -98.3316 54.6673 -1.6
      vertex -98 54.7 1.6
      vertex -98.3316 54.6673 1.6
    endloop
  endfacet
  facet normal 0.0981368 -0.995173 0
    outer loop
      vertex -98 54.7 1.6
      vertex -98.3316 54.6673 -1.6
      vertex -98 54.7 -1.6
    endloop
  endfacet
  facet normal 0.956971 -0.290182 0
    outer loop
      vertex -99.6673 53.3317 1.6
      vertex -99.5706 53.6506 -1.6
      vertex -99.5706 53.6506 1.6
    endloop
  endfacet
  facet normal 0.956971 -0.290182 0
    outer loop
      vertex -99.5706 53.6506 -1.6
      vertex -99.6673 53.3317 1.6
      vertex -99.6673 53.3317 -1.6
    endloop
  endfacet
  facet normal 0.634381 -0.773021 0
    outer loop
      vertex -99.2021 54.2021 -1.6
      vertex -98.9445 54.4135 1.6
      vertex -99.2021 54.2021 1.6
    endloop
  endfacet
  facet normal 0.634381 -0.773021 0
    outer loop
      vertex -98.9445 54.4135 1.6
      vertex -99.2021 54.2021 -1.6
      vertex -98.9445 54.4135 -1.6
    endloop
  endfacet
  facet normal -0.773021 -0.634381 0
    outer loop
      vertex -96.5865 53.9445 -1.6
      vertex -96.7979 54.2021 1.6
      vertex -96.7979 54.2021 -1.6
    endloop
  endfacet
  facet normal -0.773021 -0.634381 0
    outer loop
      vertex -96.7979 54.2021 1.6
      vertex -96.5865 53.9445 -1.6
      vertex -96.5865 53.9445 1.6
    endloop
  endfacet
  facet normal 0.471413 -0.881912 0
    outer loop
      vertex -98.9445 54.4135 -1.6
      vertex -98.6506 54.5706 1.6
      vertex -98.9445 54.4135 1.6
    endloop
  endfacet
  facet normal 0.471413 -0.881912 0
    outer loop
      vertex -98.6506 54.5706 1.6
      vertex -98.9445 54.4135 -1.6
      vertex -98.6506 54.5706 -1.6
    endloop
  endfacet
  facet normal -0.471413 0.881912 0
    outer loop
      vertex -97.0555 51.5865 -1.6
      vertex -97.3494 51.4294 3.6
      vertex -97.0555 51.5865 3.6
    endloop
  endfacet
  facet normal -0.471413 0.881912 0
    outer loop
      vertex -97.3494 51.4294 3.6
      vertex -97.0555 51.5865 -1.6
      vertex -97.3494 51.4294 -1.6
    endloop
  endfacet
  facet normal -0.881912 0.471413 0
    outer loop
      vertex -96.5865 52.0555 -1.6
      vertex -96.4294 52.3494 3.6
      vertex -96.4294 52.3494 -1.6
    endloop
  endfacet
  facet normal -0.881912 0.471413 0
    outer loop
      vertex -96.4294 52.3494 3.6
      vertex -96.5865 52.0555 -1.6
      vertex -96.5865 52.0555 3.6
    endloop
  endfacet
  facet normal -0.773021 0.634381 0
    outer loop
      vertex -96.7979 51.7979 -1.6
      vertex -96.5865 52.0555 3.6
      vertex -96.5865 52.0555 -1.6
    endloop
  endfacet
  facet normal -0.773021 0.634381 0
    outer loop
      vertex -96.5865 52.0555 3.6
      vertex -96.7979 51.7979 -1.6
      vertex -96.7979 51.7979 3.6
    endloop
  endfacet
  facet normal -0.634381 -0.773021 0
    outer loop
      vertex -97.0555 54.4135 -1.6
      vertex -96.7979 54.2021 1.6
      vertex -97.0555 54.4135 1.6
    endloop
  endfacet
  facet normal -0.634381 -0.773021 -0
    outer loop
      vertex -96.7979 54.2021 1.6
      vertex -97.0555 54.4135 -1.6
      vertex -96.7979 54.2021 -1.6
    endloop
  endfacet
  facet normal 0 0 -1
    outer loop
      vertex -96.5523 53.2254 3.6
      vertex -96.3 53 3.6
      vertex -96.3327 52.6683 3.6
    endloop
  endfacet
  facet normal 0 0 -1
    outer loop
      vertex -96.3 53 3.6
      vertex -96.5523 53.2254 3.6
      vertex -96.3327 53.3317 3.6
    endloop
  endfacet
  facet normal 0 0 -1
    outer loop
      vertex -96.5523 53.2254 3.6
      vertex -96.3327 52.6683 3.6
      vertex -96.4294 52.3494 3.6
    endloop
  endfacet
  facet normal -0 0 -1
    outer loop
      vertex -96.3327 53.3317 3.6
      vertex -96.5523 53.2254 3.6
      vertex -96.3636 53.4336 3.6
    endloop
  endfacet
  facet normal 0 0 -1
    outer loop
      vertex -96.5865 52.0555 3.6
      vertex -96.5523 53.2254 3.6
      vertex -96.4294 52.3494 3.6
    endloop
  endfacet
  facet normal 0 0 -1
    outer loop
      vertex -96.7979 51.7979 3.6
      vertex -96.5523 53.2254 3.6
      vertex -96.5865 52.0555 3.6
    endloop
  endfacet
  facet normal 0 0 -1
    outer loop
      vertex -97.0555 51.5865 3.6
      vertex -96.5523 53.2254 3.6
      vertex -96.7979 51.7979 3.6
    endloop
  endfacet
  facet normal 0 0 -1
    outer loop
      vertex -97.3494 51.4294 3.6
      vertex -96.5523 53.2254 3.6
      vertex -97.0555 51.5865 3.6
    endloop
  endfacet
  facet normal 0 0 -1
    outer loop
      vertex -97.9553 51.3337 3.6
      vertex -97.3494 51.4294 3.6
      vertex -97.6684 51.3327 3.6
    endloop
  endfacet
  facet normal -0 0 -1
    outer loop
      vertex -97.3494 51.4294 3.6
      vertex -97.9553 51.3337 3.6
      vertex -96.5523 53.2254 3.6
    endloop
  endfacet
  facet normal 0 -0 -1
    outer loop
      vertex -97.9553 51.3337 3.6
      vertex -97.6684 51.3327 3.6
      vertex -97.9739 51.3026 3.6
    endloop
  endfacet
  facet normal -0.634381 0.773021 0
    outer loop
      vertex -96.7979 51.7979 -1.6
      vertex -97.0555 51.5865 3.6
      vertex -96.7979 51.7979 3.6
    endloop
  endfacet
  facet normal -0.634381 0.773021 0
    outer loop
      vertex -97.0555 51.5865 3.6
      vertex -96.7979 51.7979 -1.6
      vertex -97.0555 51.5865 -1.6
    endloop
  endfacet
  facet normal -0.471413 -0.881912 0
    outer loop
      vertex -97.3494 54.5706 -1.6
      vertex -97.0555 54.4135 1.6
      vertex -97.3494 54.5706 1.6
    endloop
  endfacet
  facet normal -0.471413 -0.881912 -0
    outer loop
      vertex -97.0555 54.4135 1.6
      vertex -97.3494 54.5706 -1.6
      vertex -97.0555 54.4135 -1.6
    endloop
  endfacet
  facet normal -0.0980522 0.995181 0
    outer loop
      vertex -97.6684 51.3327 3.6
      vertex -97.9739 51.3026 1.6
      vertex -97.9739 51.3026 3.6
    endloop
  endfacet
  facet normal -0.0980522 0.995181 0
    outer loop
      vertex -97.6684 51.3327 -1.6
      vertex -97.9739 51.3026 1.6
      vertex -97.6684 51.3327 3.6
    endloop
  endfacet
  facet normal -0.0981368 0.995173 -8.14993e-06
    outer loop
      vertex -98 51.3 -1.6
      vertex -97.9739 51.3026 1.6
      vertex -97.6684 51.3327 -1.6
    endloop
  endfacet
  facet normal -0.0991262 0.995075 0
    outer loop
      vertex -97.9739 51.3026 1.6
      vertex -98 51.3 -1.6
      vertex -98 51.3 1.6
    endloop
  endfacet
  facet normal 0.956971 0.290182 0
    outer loop
      vertex -99.5706 52.3494 1.6
      vertex -99.6673 52.6683 -1.6
      vertex -99.6673 52.6683 1.6
    endloop
  endfacet
  facet normal 0.956971 0.290182 0
    outer loop
      vertex -99.6673 52.6683 -1.6
      vertex -99.5706 52.3494 1.6
      vertex -99.5706 52.3494 -1.6
    endloop
  endfacet
  facet normal 0.773021 -0.634381 0
    outer loop
      vertex -99.4135 53.9445 1.6
      vertex -99.2021 54.2021 -1.6
      vertex -99.2021 54.2021 1.6
    endloop
  endfacet
  facet normal 0.773021 -0.634381 0
    outer loop
      vertex -99.2021 54.2021 -1.6
      vertex -99.4135 53.9445 1.6
      vertex -99.4135 53.9445 -1.6
    endloop
  endfacet
  facet normal 0.773021 0.634381 0
    outer loop
      vertex -99.2021 51.7979 1.6
      vertex -99.4135 52.0555 -1.6
      vertex -99.4135 52.0555 1.6
    endloop
  endfacet
  facet normal 0.773021 0.634381 0
    outer loop
      vertex -99.4135 52.0555 -1.6
      vertex -99.2021 51.7979 1.6
      vertex -99.2021 51.7979 -1.6
    endloop
  endfacet
  facet normal 0.634381 0.773021 -0
    outer loop
      vertex -98.9445 51.5865 -1.6
      vertex -99.2021 51.7979 1.6
      vertex -98.9445 51.5865 1.6
    endloop
  endfacet
  facet normal 0.634381 0.773021 0
    outer loop
      vertex -99.2021 51.7979 1.6
      vertex -98.9445 51.5865 -1.6
      vertex -99.2021 51.7979 -1.6
    endloop
  endfacet
  facet normal 0.471413 0.881912 -0
    outer loop
      vertex -98.6506 51.4294 -1.6
      vertex -98.9445 51.5865 1.6
      vertex -98.6506 51.4294 1.6
    endloop
  endfacet
  facet normal 0.471413 0.881912 0
    outer loop
      vertex -98.9445 51.5865 1.6
      vertex -98.6506 51.4294 -1.6
      vertex -98.9445 51.5865 -1.6
    endloop
  endfacet
  facet normal 0.881912 -0.471413 0
    outer loop
      vertex -99.5706 53.6506 1.6
      vertex -99.4135 53.9445 -1.6
      vertex -99.4135 53.9445 1.6
    endloop
  endfacet
  facet normal 0.881912 -0.471413 0
    outer loop
      vertex -99.4135 53.9445 -1.6
      vertex -99.5706 53.6506 1.6
      vertex -99.5706 53.6506 -1.6
    endloop
  endfacet
  facet normal 0.881912 -0.471413 0
    outer loop
      vertex 96.4294 -52.3494 3.6
      vertex 96.5865 -52.0555 -1.6
      vertex 96.5865 -52.0555 3.6
    endloop
  endfacet
  facet normal 0.881912 -0.471413 0
    outer loop
      vertex 96.5865 -52.0555 -1.6
      vertex 96.4294 -52.3494 3.6
      vertex 96.4294 -52.3494 -1.6
    endloop
  endfacet
  facet normal 0.995176 -0.0981075 0
    outer loop
      vertex 96.3 -53 3.6
      vertex 96.3327 -52.6683 -1.6
      vertex 96.3327 -52.6683 3.6
    endloop
  endfacet
  facet normal 0.995176 -0.0981075 0
    outer loop
      vertex 96.3327 -52.6683 -1.6
      vertex 96.3 -53 3.6
      vertex 96.3 -53 -1.6
    endloop
  endfacet
  facet normal -0.956971 -0.290182 0
    outer loop
      vertex 99.6673 -52.6683 -1.6
      vertex 99.5706 -52.3494 3.6
      vertex 99.5706 -52.3494 -1.6
    endloop
  endfacet
  facet normal -0.956971 -0.290182 0
    outer loop
      vertex 99.5706 -52.3494 3.6
      vertex 99.6673 -52.6683 -1.6
      vertex 99.6673 -52.6683 3.6
    endloop
  endfacet
  facet normal -0.290099 0.956997 0
    outer loop
      vertex 98.6506 -54.5706 -1.6
      vertex 98.3316 -54.6673 3.6
      vertex 98.6506 -54.5706 3.6
    endloop
  endfacet
  facet normal -0.290099 0.956997 0
    outer loop
      vertex 98.3316 -54.6673 3.6
      vertex 98.6506 -54.5706 -1.6
      vertex 98.3316 -54.6673 -1.6
    endloop
  endfacet
  facet normal -0.0981368 -0.995173 0
    outer loop
      vertex 98 -51.3 -1.6
      vertex 98.3316 -51.3327 3.6
      vertex 98 -51.3 3.6
    endloop
  endfacet
  facet normal -0.0981368 -0.995173 -0
    outer loop
      vertex 98.3316 -51.3327 3.6
      vertex 98 -51.3 -1.6
      vertex 98.3316 -51.3327 -1.6
    endloop
  endfacet
  facet normal -0.995176 0.0981075 0
    outer loop
      vertex 99.6673 -53.3317 -1.6
      vertex 99.7 -53 3.6
      vertex 99.7 -53 -1.6
    endloop
  endfacet
  facet normal -0.995176 0.0981075 0
    outer loop
      vertex 99.7 -53 3.6
      vertex 99.6673 -53.3317 -1.6
      vertex 99.6673 -53.3317 3.6
    endloop
  endfacet
  facet normal -0.881912 0.471413 0
    outer loop
      vertex 99.4135 -53.9445 -1.6
      vertex 99.5706 -53.6506 3.6
      vertex 99.5706 -53.6506 -1.6
    endloop
  endfacet
  facet normal -0.881912 0.471413 0
    outer loop
      vertex 99.5706 -53.6506 3.6
      vertex 99.4135 -53.9445 -1.6
      vertex 99.4135 -53.9445 3.6
    endloop
  endfacet
  facet normal -0.0981368 0.995173 0
    outer loop
      vertex 98.3316 -54.6673 -1.6
      vertex 98 -54.7 3.6
      vertex 98.3316 -54.6673 3.6
    endloop
  endfacet
  facet normal -0.0981368 0.995173 0
    outer loop
      vertex 98 -54.7 3.6
      vertex 98.3316 -54.6673 -1.6
      vertex 98 -54.7 -1.6
    endloop
  endfacet
  facet normal 0.290099 0.956997 -0
    outer loop
      vertex 97.6684 -54.6673 -1.6
      vertex 97.3494 -54.5706 3.6
      vertex 97.6684 -54.6673 3.6
    endloop
  endfacet
  facet normal 0.290099 0.956997 0
    outer loop
      vertex 97.3494 -54.5706 3.6
      vertex 97.6684 -54.6673 -1.6
      vertex 97.3494 -54.5706 -1.6
    endloop
  endfacet
  facet normal -0.995176 -0.0981075 0
    outer loop
      vertex 99.7 -53 -1.6
      vertex 99.6673 -52.6683 3.6
      vertex 99.6673 -52.6683 -1.6
    endloop
  endfacet
  facet normal -0.995176 -0.0981075 0
    outer loop
      vertex 99.6673 -52.6683 3.6
      vertex 99.7 -53 -1.6
      vertex 99.7 -53 3.6
    endloop
  endfacet
  facet normal -0.634381 0.773021 0
    outer loop
      vertex 99.2021 -54.2021 -1.6
      vertex 98.9445 -54.4135 3.6
      vertex 99.2021 -54.2021 3.6
    endloop
  endfacet
  facet normal -0.634381 0.773021 0
    outer loop
      vertex 98.9445 -54.4135 3.6
      vertex 99.2021 -54.2021 -1.6
      vertex 98.9445 -54.4135 -1.6
    endloop
  endfacet
  facet normal 0.773021 0.634381 0
    outer loop
      vertex 96.7979 -54.2021 3.6
      vertex 96.5865 -53.9445 -1.6
      vertex 96.5865 -53.9445 3.6
    endloop
  endfacet
  facet normal 0.773021 0.634381 0
    outer loop
      vertex 96.5865 -53.9445 -1.6
      vertex 96.7979 -54.2021 3.6
      vertex 96.7979 -54.2021 -1.6
    endloop
  endfacet
  facet normal -0.881912 -0.471413 0
    outer loop
      vertex 99.5706 -52.3494 -1.6
      vertex 99.4135 -52.0555 3.6
      vertex 99.4135 -52.0555 -1.6
    endloop
  endfacet
  facet normal -0.881912 -0.471413 0
    outer loop
      vertex 99.4135 -52.0555 3.6
      vertex 99.5706 -52.3494 -1.6
      vertex 99.5706 -52.3494 3.6
    endloop
  endfacet
  facet normal 0.0981368 0.995173 -0
    outer loop
      vertex 98 -54.7 -1.6
      vertex 97.6684 -54.6673 3.6
      vertex 98 -54.7 3.6
    endloop
  endfacet
  facet normal 0.0981368 0.995173 0
    outer loop
      vertex 97.6684 -54.6673 3.6
      vertex 98 -54.7 -1.6
      vertex 97.6684 -54.6673 -1.6
    endloop
  endfacet
  facet normal -0.471413 -0.881912 0
    outer loop
      vertex 98.6506 -51.4294 -1.6
      vertex 98.9445 -51.5865 3.6
      vertex 98.6506 -51.4294 3.6
    endloop
  endfacet
  facet normal -0.471413 -0.881912 -0
    outer loop
      vertex 98.9445 -51.5865 3.6
      vertex 98.6506 -51.4294 -1.6
      vertex 98.9445 -51.5865 -1.6
    endloop
  endfacet
  facet normal -0.956971 0.290182 0
    outer loop
      vertex 99.5706 -53.6506 -1.6
      vertex 99.6673 -53.3317 3.6
      vertex 99.6673 -53.3317 -1.6
    endloop
  endfacet
  facet normal -0.956971 0.290182 0
    outer loop
      vertex 99.6673 -53.3317 3.6
      vertex 99.5706 -53.6506 -1.6
      vertex 99.5706 -53.6506 3.6
    endloop
  endfacet
  facet normal 0.634381 0.773021 -0
    outer loop
      vertex 97.0555 -54.4135 -1.6
      vertex 96.7979 -54.2021 3.6
      vertex 97.0555 -54.4135 3.6
    endloop
  endfacet
  facet normal 0.634381 0.773021 0
    outer loop
      vertex 96.7979 -54.2021 3.6
      vertex 97.0555 -54.4135 -1.6
      vertex 96.7979 -54.2021 -1.6
    endloop
  endfacet
  facet normal 0.290099 -0.956997 0
    outer loop
      vertex 97.3494 -51.4294 -1.6
      vertex 97.6684 -51.3327 3.6
      vertex 97.3494 -51.4294 3.6
    endloop
  endfacet
  facet normal 0.290099 -0.956997 0
    outer loop
      vertex 97.6684 -51.3327 3.6
      vertex 97.3494 -51.4294 -1.6
      vertex 97.6684 -51.3327 -1.6
    endloop
  endfacet
  facet normal 0.0981368 -0.995173 0
    outer loop
      vertex 97.6684 -51.3327 -1.6
      vertex 98 -51.3 3.6
      vertex 97.6684 -51.3327 3.6
    endloop
  endfacet
  facet normal 0.0981368 -0.995173 0
    outer loop
      vertex 98 -51.3 3.6
      vertex 97.6684 -51.3327 -1.6
      vertex 98 -51.3 -1.6
    endloop
  endfacet
  facet normal -0.634381 -0.773021 0
    outer loop
      vertex 98.9445 -51.5865 -1.6
      vertex 99.2021 -51.7979 3.6
      vertex 98.9445 -51.5865 3.6
    endloop
  endfacet
  facet normal -0.634381 -0.773021 -0
    outer loop
      vertex 99.2021 -51.7979 3.6
      vertex 98.9445 -51.5865 -1.6
      vertex 99.2021 -51.7979 -1.6
    endloop
  endfacet
  facet normal 0.773021 -0.634381 0
    outer loop
      vertex 96.5865 -52.0555 3.6
      vertex 96.7979 -51.7979 -1.6
      vertex 96.7979 -51.7979 3.6
    endloop
  endfacet
  facet normal 0.773021 -0.634381 0
    outer loop
      vertex 96.7979 -51.7979 -1.6
      vertex 96.5865 -52.0555 3.6
      vertex 96.5865 -52.0555 -1.6
    endloop
  endfacet
  facet normal 0.956971 0.290182 0
    outer loop
      vertex 96.4294 -53.6506 3.6
      vertex 96.3327 -53.3317 -1.6
      vertex 96.3327 -53.3317 3.6
    endloop
  endfacet
  facet normal 0.956971 0.290182 0
    outer loop
      vertex 96.3327 -53.3317 -1.6
      vertex 96.4294 -53.6506 3.6
      vertex 96.4294 -53.6506 -1.6
    endloop
  endfacet
  facet normal 0.634381 -0.773021 0
    outer loop
      vertex 96.7979 -51.7979 -1.6
      vertex 97.0555 -51.5865 3.6
      vertex 96.7979 -51.7979 3.6
    endloop
  endfacet
  facet normal 0.634381 -0.773021 0
    outer loop
      vertex 97.0555 -51.5865 3.6
      vertex 96.7979 -51.7979 -1.6
      vertex 97.0555 -51.5865 -1.6
    endloop
  endfacet
  facet normal -0.773021 -0.634381 0
    outer loop
      vertex 99.4135 -52.0555 -1.6
      vertex 99.2021 -51.7979 3.6
      vertex 99.2021 -51.7979 -1.6
    endloop
  endfacet
  facet normal -0.773021 -0.634381 0
    outer loop
      vertex 99.2021 -51.7979 3.6
      vertex 99.4135 -52.0555 -1.6
      vertex 99.4135 -52.0555 3.6
    endloop
  endfacet
  facet normal 0.995176 0.0981075 0
    outer loop
      vertex 96.3327 -53.3317 3.6
      vertex 96.3 -53 -1.6
      vertex 96.3 -53 3.6
    endloop
  endfacet
  facet normal 0.995176 0.0981075 0
    outer loop
      vertex 96.3 -53 -1.6
      vertex 96.3327 -53.3317 3.6
      vertex 96.3327 -53.3317 -1.6
    endloop
  endfacet
  facet normal 0.471413 -0.881912 0
    outer loop
      vertex 97.0555 -51.5865 -1.6
      vertex 97.3494 -51.4294 3.6
      vertex 97.0555 -51.5865 3.6
    endloop
  endfacet
  facet normal 0.471413 -0.881912 0
    outer loop
      vertex 97.3494 -51.4294 3.6
      vertex 97.0555 -51.5865 -1.6
      vertex 97.3494 -51.4294 -1.6
    endloop
  endfacet
  facet normal -0.471413 0.881912 0
    outer loop
      vertex 98.9445 -54.4135 -1.6
      vertex 98.6506 -54.5706 3.6
      vertex 98.9445 -54.4135 3.6
    endloop
  endfacet
  facet normal -0.471413 0.881912 0
    outer loop
      vertex 98.6506 -54.5706 3.6
      vertex 98.9445 -54.4135 -1.6
      vertex 98.6506 -54.5706 -1.6
    endloop
  endfacet
  facet normal 0.881912 0.471413 0
    outer loop
      vertex 96.5865 -53.9445 3.6
      vertex 96.4294 -53.6506 -1.6
      vertex 96.4294 -53.6506 3.6
    endloop
  endfacet
  facet normal 0.881912 0.471413 0
    outer loop
      vertex 96.4294 -53.6506 -1.6
      vertex 96.5865 -53.9445 3.6
      vertex 96.5865 -53.9445 -1.6
    endloop
  endfacet
  facet normal 0.471413 0.881912 -0
    outer loop
      vertex 97.3494 -54.5706 -1.6
      vertex 97.0555 -54.4135 3.6
      vertex 97.3494 -54.5706 3.6
    endloop
  endfacet
  facet normal 0.471413 0.881912 0
    outer loop
      vertex 97.0555 -54.4135 3.6
      vertex 97.3494 -54.5706 -1.6
      vertex 97.0555 -54.4135 -1.6
    endloop
  endfacet
  facet normal 0 0 -1
    outer loop
      vertex 99.6673 -53.3317 3.6
      vertex 99.6673 -52.6683 3.6
      vertex 99.7 -53 3.6
    endloop
  endfacet
  facet normal 0 0 -1
    outer loop
      vertex 99.5706 -53.6506 3.6
      vertex 99.6673 -52.6683 3.6
      vertex 99.6673 -53.3317 3.6
    endloop
  endfacet
  facet normal 0 0 -1
    outer loop
      vertex 99.5706 -53.6506 3.6
      vertex 99.5706 -52.3494 3.6
      vertex 99.6673 -52.6683 3.6
    endloop
  endfacet
  facet normal 0 0 -1
    outer loop
      vertex 99.4135 -53.9445 3.6
      vertex 99.5706 -52.3494 3.6
      vertex 99.5706 -53.6506 3.6
    endloop
  endfacet
  facet normal 0 0 -1
    outer loop
      vertex 99.4135 -53.9445 3.6
      vertex 99.4135 -52.0555 3.6
      vertex 99.5706 -52.3494 3.6
    endloop
  endfacet
  facet normal 0 0 -1
    outer loop
      vertex 99.2021 -54.2021 3.6
      vertex 99.4135 -52.0555 3.6
      vertex 99.4135 -53.9445 3.6
    endloop
  endfacet
  facet normal 0 0 -1
    outer loop
      vertex 99.2021 -54.2021 3.6
      vertex 99.2021 -51.7979 3.6
      vertex 99.4135 -52.0555 3.6
    endloop
  endfacet
  facet normal 0 0 -1
    outer loop
      vertex 98.9445 -54.4135 3.6
      vertex 99.2021 -51.7979 3.6
      vertex 99.2021 -54.2021 3.6
    endloop
  endfacet
  facet normal 0 0 -1
    outer loop
      vertex 98.9445 -54.4135 3.6
      vertex 98.9445 -51.5865 3.6
      vertex 99.2021 -51.7979 3.6
    endloop
  endfacet
  facet normal 0 0 -1
    outer loop
      vertex 98.6506 -54.5706 3.6
      vertex 98.9445 -51.5865 3.6
      vertex 98.9445 -54.4135 3.6
    endloop
  endfacet
  facet normal 0 0 -1
    outer loop
      vertex 98.6506 -54.5706 3.6
      vertex 98.6506 -51.4294 3.6
      vertex 98.9445 -51.5865 3.6
    endloop
  endfacet
  facet normal 0 0 -1
    outer loop
      vertex 98.3316 -54.6673 3.6
      vertex 98.6506 -51.4294 3.6
      vertex 98.6506 -54.5706 3.6
    endloop
  endfacet
  facet normal 0 0 -1
    outer loop
      vertex 98.3316 -54.6673 3.6
      vertex 98.3316 -51.3327 3.6
      vertex 98.6506 -51.4294 3.6
    endloop
  endfacet
  facet normal 0 0 -1
    outer loop
      vertex 98 -54.7 3.6
      vertex 98.3316 -51.3327 3.6
      vertex 98.3316 -54.6673 3.6
    endloop
  endfacet
  facet normal 0 0 -1
    outer loop
      vertex 98 -54.7 3.6
      vertex 98 -51.3 3.6
      vertex 98.3316 -51.3327 3.6
    endloop
  endfacet
  facet normal 0 0 -1
    outer loop
      vertex 97.6684 -54.6673 3.6
      vertex 98 -51.3 3.6
      vertex 98 -54.7 3.6
    endloop
  endfacet
  facet normal 0 0 -1
    outer loop
      vertex 97.6684 -54.6673 3.6
      vertex 97.6684 -51.3327 3.6
      vertex 98 -51.3 3.6
    endloop
  endfacet
  facet normal 0 0 -1
    outer loop
      vertex 97.3494 -54.5706 3.6
      vertex 97.6684 -51.3327 3.6
      vertex 97.6684 -54.6673 3.6
    endloop
  endfacet
  facet normal 0 0 -1
    outer loop
      vertex 97.3494 -54.5706 3.6
      vertex 97.3494 -51.4294 3.6
      vertex 97.6684 -51.3327 3.6
    endloop
  endfacet
  facet normal 0 0 -1
    outer loop
      vertex 97.0555 -54.4135 3.6
      vertex 97.3494 -51.4294 3.6
      vertex 97.3494 -54.5706 3.6
    endloop
  endfacet
  facet normal 0 0 -1
    outer loop
      vertex 97.0555 -54.4135 3.6
      vertex 97.0555 -51.5865 3.6
      vertex 97.3494 -51.4294 3.6
    endloop
  endfacet
  facet normal 0 0 -1
    outer loop
      vertex 96.7979 -54.2021 3.6
      vertex 97.0555 -51.5865 3.6
      vertex 97.0555 -54.4135 3.6
    endloop
  endfacet
  facet normal 0 0 -1
    outer loop
      vertex 96.7979 -54.2021 3.6
      vertex 96.7979 -51.7979 3.6
      vertex 97.0555 -51.5865 3.6
    endloop
  endfacet
  facet normal 0 0 -1
    outer loop
      vertex 96.5865 -53.9445 3.6
      vertex 96.7979 -51.7979 3.6
      vertex 96.7979 -54.2021 3.6
    endloop
  endfacet
  facet normal 0 0 -1
    outer loop
      vertex 96.5865 -53.9445 3.6
      vertex 96.5865 -52.0555 3.6
      vertex 96.7979 -51.7979 3.6
    endloop
  endfacet
  facet normal 0 0 -1
    outer loop
      vertex 96.4294 -53.6506 3.6
      vertex 96.5865 -52.0555 3.6
      vertex 96.5865 -53.9445 3.6
    endloop
  endfacet
  facet normal 0 0 -1
    outer loop
      vertex 96.4294 -53.6506 3.6
      vertex 96.4294 -52.3494 3.6
      vertex 96.5865 -52.0555 3.6
    endloop
  endfacet
  facet normal 0 0 -1
    outer loop
      vertex 96.3327 -53.3317 3.6
      vertex 96.4294 -52.3494 3.6
      vertex 96.4294 -53.6506 3.6
    endloop
  endfacet
  facet normal 0 0 -1
    outer loop
      vertex 96.3327 -53.3317 3.6
      vertex 96.3327 -52.6683 3.6
      vertex 96.4294 -52.3494 3.6
    endloop
  endfacet
  facet normal 0 -0 -1
    outer loop
      vertex 96.3327 -52.6683 3.6
      vertex 96.3327 -53.3317 3.6
      vertex 96.3 -53 3.6
    endloop
  endfacet
  facet normal -0.290099 -0.956997 0
    outer loop
      vertex 98.3316 -51.3327 -1.6
      vertex 98.6506 -51.4294 3.6
      vertex 98.3316 -51.3327 3.6
    endloop
  endfacet
  facet normal -0.290099 -0.956997 -0
    outer loop
      vertex 98.6506 -51.4294 3.6
      vertex 98.3316 -51.3327 -1.6
      vertex 98.6506 -51.4294 -1.6
    endloop
  endfacet
  facet normal 0.956971 -0.290182 0
    outer loop
      vertex 96.3327 -52.6683 3.6
      vertex 96.4294 -52.3494 -1.6
      vertex 96.4294 -52.3494 3.6
    endloop
  endfacet
  facet normal 0.956971 -0.290182 0
    outer loop
      vertex 96.4294 -52.3494 -1.6
      vertex 96.3327 -52.6683 3.6
      vertex 96.3327 -52.6683 -1.6
    endloop
  endfacet
  facet normal -0.773021 0.634381 0
    outer loop
      vertex 99.2021 -54.2021 -1.6
      vertex 99.4135 -53.9445 3.6
      vertex 99.4135 -53.9445 -1.6
    endloop
  endfacet
  facet normal -0.773021 0.634381 0
    outer loop
      vertex 99.4135 -53.9445 3.6
      vertex 99.2021 -54.2021 -1.6
      vertex 99.2021 -54.2021 3.6
    endloop
  endfacet
  facet normal -0.290099 0.956997 0
    outer loop
      vertex 98.6506 51.4294 -1.6
      vertex 98.3316 51.3327 1.6
      vertex 98.6506 51.4294 1.6
    endloop
  endfacet
  facet normal -0.290099 0.956997 0
    outer loop
      vertex 98.3316 51.3327 1.6
      vertex 98.6506 51.4294 -1.6
      vertex 98.3316 51.3327 -1.6
    endloop
  endfacet
  facet normal 0.773021 -0.634381 0
    outer loop
      vertex 96.5865 53.9445 1.6
      vertex 96.7979 54.2021 -1.6
      vertex 96.7979 54.2021 1.6
    endloop
  endfacet
  facet normal 0.773021 -0.634381 0
    outer loop
      vertex 96.7979 54.2021 -1.6
      vertex 96.5865 53.9445 1.6
      vertex 96.5865 53.9445 -1.6
    endloop
  endfacet
  facet normal 0.634381 0.773021 -0
    outer loop
      vertex 97.0555 51.5865 -1.6
      vertex 96.7979 51.7979 1.6
      vertex 97.0555 51.5865 1.6
    endloop
  endfacet
  facet normal 0.634381 0.773021 0
    outer loop
      vertex 96.7979 51.7979 1.6
      vertex 97.0555 51.5865 -1.6
      vertex 96.7979 51.7979 -1.6
    endloop
  endfacet
  facet normal -0.995176 0.0981075 0
    outer loop
      vertex 99.6673 52.6683 -1.6
      vertex 99.7 53 1.6
      vertex 99.7 53 -1.6
    endloop
  endfacet
  facet normal -0.995176 0.0981075 0
    outer loop
      vertex 99.7 53 1.6
      vertex 99.6673 52.6683 -1.6
      vertex 99.6673 52.6683 1.6
    endloop
  endfacet
  facet normal -0.881912 -0.471413 0
    outer loop
      vertex 99.5706 53.6506 -1.6
      vertex 99.4135 53.9445 1.6
      vertex 99.4135 53.9445 -1.6
    endloop
  endfacet
  facet normal -0.881912 -0.471413 0
    outer loop
      vertex 99.4135 53.9445 1.6
      vertex 99.5706 53.6506 -1.6
      vertex 99.5706 53.6506 1.6
    endloop
  endfacet
  facet normal 0.0981368 0.995173 -0
    outer loop
      vertex 98 51.3 -1.6
      vertex 97.6684 51.3327 1.6
      vertex 98 51.3 1.6
    endloop
  endfacet
  facet normal 0.0981368 0.995173 0
    outer loop
      vertex 97.6684 51.3327 1.6
      vertex 98 51.3 -1.6
      vertex 97.6684 51.3327 -1.6
    endloop
  endfacet
  facet normal -0.995176 -0.0981075 0
    outer loop
      vertex 99.7 53 -1.6
      vertex 99.6673 53.3317 1.6
      vertex 99.6673 53.3317 -1.6
    endloop
  endfacet
  facet normal -0.995176 -0.0981075 0
    outer loop
      vertex 99.6673 53.3317 1.6
      vertex 99.7 53 -1.6
      vertex 99.7 53 1.6
    endloop
  endfacet
  facet normal 0.995176 0.0981075 0
    outer loop
      vertex 96.3327 52.6683 1.6
      vertex 96.3 53 -1.6
      vertex 96.3 53 1.6
    endloop
  endfacet
  facet normal 0.995176 0.0981075 0
    outer loop
      vertex 96.3 53 -1.6
      vertex 96.3327 52.6683 1.6
      vertex 96.3327 52.6683 -1.6
    endloop
  endfacet
  facet normal -0.956971 -0.290182 0
    outer loop
      vertex 99.6673 53.3317 -1.6
      vertex 99.5706 53.6506 1.6
      vertex 99.5706 53.6506 -1.6
    endloop
  endfacet
  facet normal -0.956971 -0.290182 0
    outer loop
      vertex 99.5706 53.6506 1.6
      vertex 99.6673 53.3317 -1.6
      vertex 99.6673 53.3317 1.6
    endloop
  endfacet
  facet normal -0.471413 0.881912 0
    outer loop
      vertex 98.9445 51.5865 -1.6
      vertex 98.6506 51.4294 1.6
      vertex 98.9445 51.5865 1.6
    endloop
  endfacet
  facet normal -0.471413 0.881912 0
    outer loop
      vertex 98.6506 51.4294 1.6
      vertex 98.9445 51.5865 -1.6
      vertex 98.6506 51.4294 -1.6
    endloop
  endfacet
  facet normal 0.471413 -0.881912 0
    outer loop
      vertex 97.0555 54.4135 -1.6
      vertex 97.3494 54.5706 1.6
      vertex 97.0555 54.4135 1.6
    endloop
  endfacet
  facet normal 0.471413 -0.881912 0
    outer loop
      vertex 97.3494 54.5706 1.6
      vertex 97.0555 54.4135 -1.6
      vertex 97.3494 54.5706 -1.6
    endloop
  endfacet
  facet normal 0.0981368 -0.995173 0
    outer loop
      vertex 97.6684 54.6673 -1.6
      vertex 98 54.7 1.6
      vertex 97.6684 54.6673 1.6
    endloop
  endfacet
  facet normal 0.0981368 -0.995173 0
    outer loop
      vertex 98 54.7 1.6
      vertex 97.6684 54.6673 -1.6
      vertex 98 54.7 -1.6
    endloop
  endfacet
  facet normal -0.290099 -0.956997 0
    outer loop
      vertex 98.3316 54.6673 -1.6
      vertex 98.6506 54.5706 1.6
      vertex 98.3316 54.6673 1.6
    endloop
  endfacet
  facet normal -0.290099 -0.956997 -0
    outer loop
      vertex 98.6506 54.5706 1.6
      vertex 98.3316 54.6673 -1.6
      vertex 98.6506 54.5706 -1.6
    endloop
  endfacet
  facet normal 0.881912 0.471413 0
    outer loop
      vertex 96.5865 52.0555 1.6
      vertex 96.4294 52.3494 -1.6
      vertex 96.4294 52.3494 1.6
    endloop
  endfacet
  facet normal 0.881912 0.471413 0
    outer loop
      vertex 96.4294 52.3494 -1.6
      vertex 96.5865 52.0555 1.6
      vertex 96.5865 52.0555 -1.6
    endloop
  endfacet
  facet normal -0.634381 0.773021 0
    outer loop
      vertex 99.2021 51.7979 -1.6
      vertex 98.9445 51.5865 1.6
      vertex 99.2021 51.7979 1.6
    endloop
  endfacet
  facet normal -0.634381 0.773021 0
    outer loop
      vertex 98.9445 51.5865 1.6
      vertex 99.2021 51.7979 -1.6
      vertex 98.9445 51.5865 -1.6
    endloop
  endfacet
  facet normal -0.956971 0.290182 0
    outer loop
      vertex 99.5706 52.3494 -1.6
      vertex 99.6673 52.6683 1.6
      vertex 99.6673 52.6683 -1.6
    endloop
  endfacet
  facet normal -0.956971 0.290182 0
    outer loop
      vertex 99.6673 52.6683 1.6
      vertex 99.5706 52.3494 -1.6
      vertex 99.5706 52.3494 1.6
    endloop
  endfacet
  facet normal 0.773021 0.634381 0
    outer loop
      vertex 96.7979 51.7979 1.6
      vertex 96.5865 52.0555 -1.6
      vertex 96.5865 52.0555 1.6
    endloop
  endfacet
  facet normal 0.773021 0.634381 0
    outer loop
      vertex 96.5865 52.0555 -1.6
      vertex 96.7979 51.7979 1.6
      vertex 96.7979 51.7979 -1.6
    endloop
  endfacet
  facet normal -0.0981368 0.995173 0
    outer loop
      vertex 98.3316 51.3327 -1.6
      vertex 98 51.3 1.6
      vertex 98.3316 51.3327 1.6
    endloop
  endfacet
  facet normal -0.0981368 0.995173 0
    outer loop
      vertex 98 51.3 1.6
      vertex 98.3316 51.3327 -1.6
      vertex 98 51.3 -1.6
    endloop
  endfacet
  facet normal -0.634381 -0.773021 0
    outer loop
      vertex 98.9445 54.4135 -1.6
      vertex 99.2021 54.2021 1.6
      vertex 98.9445 54.4135 1.6
    endloop
  endfacet
  facet normal -0.634381 -0.773021 -0
    outer loop
      vertex 99.2021 54.2021 1.6
      vertex 98.9445 54.4135 -1.6
      vertex 99.2021 54.2021 -1.6
    endloop
  endfacet
  facet normal -0.773021 -0.634381 0
    outer loop
      vertex 99.4135 53.9445 -1.6
      vertex 99.2021 54.2021 1.6
      vertex 99.2021 54.2021 -1.6
    endloop
  endfacet
  facet normal -0.773021 -0.634381 0
    outer loop
      vertex 99.2021 54.2021 1.6
      vertex 99.4135 53.9445 -1.6
      vertex 99.4135 53.9445 1.6
    endloop
  endfacet
  facet normal 0.471413 0.881912 -0
    outer loop
      vertex 97.3494 51.4294 -1.6
      vertex 97.0555 51.5865 1.6
      vertex 97.3494 51.4294 1.6
    endloop
  endfacet
  facet normal 0.471413 0.881912 0
    outer loop
      vertex 97.0555 51.5865 1.6
      vertex 97.3494 51.4294 -1.6
      vertex 97.0555 51.5865 -1.6
    endloop
  endfacet
  facet normal -0.881912 0.471413 0
    outer loop
      vertex 99.4135 52.0555 -1.6
      vertex 99.5706 52.3494 1.6
      vertex 99.5706 52.3494 -1.6
    endloop
  endfacet
  facet normal -0.881912 0.471413 0
    outer loop
      vertex 99.5706 52.3494 1.6
      vertex 99.4135 52.0555 -1.6
      vertex 99.4135 52.0555 1.6
    endloop
  endfacet
  facet normal -0.471413 -0.881912 0
    outer loop
      vertex 98.6506 54.5706 -1.6
      vertex 98.9445 54.4135 1.6
      vertex 98.6506 54.5706 1.6
    endloop
  endfacet
  facet normal -0.471413 -0.881912 -0
    outer loop
      vertex 98.9445 54.4135 1.6
      vertex 98.6506 54.5706 -1.6
      vertex 98.9445 54.4135 -1.6
    endloop
  endfacet
  facet normal 0.634381 -0.773021 0
    outer loop
      vertex 96.7979 54.2021 -1.6
      vertex 97.0555 54.4135 1.6
      vertex 96.7979 54.2021 1.6
    endloop
  endfacet
  facet normal 0.634381 -0.773021 0
    outer loop
      vertex 97.0555 54.4135 1.6
      vertex 96.7979 54.2021 -1.6
      vertex 97.0555 54.4135 -1.6
    endloop
  endfacet
  facet normal 0.881912 -0.471413 0
    outer loop
      vertex 96.4294 53.6506 1.6
      vertex 96.5865 53.9445 -1.6
      vertex 96.5865 53.9445 1.6
    endloop
  endfacet
  facet normal 0.881912 -0.471413 0
    outer loop
      vertex 96.5865 53.9445 -1.6
      vertex 96.4294 53.6506 1.6
      vertex 96.4294 53.6506 -1.6
    endloop
  endfacet
  facet normal 0.956971 0.290182 0
    outer loop
      vertex 96.4294 52.3494 1.6
      vertex 96.3327 52.6683 -1.6
      vertex 96.3327 52.6683 1.6
    endloop
  endfacet
  facet normal 0.956971 0.290182 0
    outer loop
      vertex 96.3327 52.6683 -1.6
      vertex 96.4294 52.3494 1.6
      vertex 96.4294 52.3494 -1.6
    endloop
  endfacet
  facet normal 0.290099 -0.956997 0
    outer loop
      vertex 97.3494 54.5706 -1.6
      vertex 97.6684 54.6673 1.6
      vertex 97.3494 54.5706 1.6
    endloop
  endfacet
  facet normal 0.290099 -0.956997 0
    outer loop
      vertex 97.6684 54.6673 1.6
      vertex 97.3494 54.5706 -1.6
      vertex 97.6684 54.6673 -1.6
    endloop
  endfacet
  facet normal 0.290099 0.956997 -0
    outer loop
      vertex 97.6684 51.3327 -1.6
      vertex 97.3494 51.4294 1.6
      vertex 97.6684 51.3327 1.6
    endloop
  endfacet
  facet normal 0.290099 0.956997 0
    outer loop
      vertex 97.3494 51.4294 1.6
      vertex 97.6684 51.3327 -1.6
      vertex 97.3494 51.4294 -1.6
    endloop
  endfacet
  facet normal 0.956971 -0.290182 0
    outer loop
      vertex 96.3327 53.3317 1.6
      vertex 96.4294 53.6506 -1.6
      vertex 96.4294 53.6506 1.6
    endloop
  endfacet
  facet normal 0.956971 -0.290182 0
    outer loop
      vertex 96.4294 53.6506 -1.6
      vertex 96.3327 53.3317 1.6
      vertex 96.3327 53.3317 -1.6
    endloop
  endfacet
  facet normal -0.773021 0.634381 0
    outer loop
      vertex 99.2021 51.7979 -1.6
      vertex 99.4135 52.0555 1.6
      vertex 99.4135 52.0555 -1.6
    endloop
  endfacet
  facet normal -0.773021 0.634381 0
    outer loop
      vertex 99.4135 52.0555 1.6
      vertex 99.2021 51.7979 -1.6
      vertex 99.2021 51.7979 1.6
    endloop
  endfacet
  facet normal -0.0981368 -0.995173 0
    outer loop
      vertex 98 54.7 -1.6
      vertex 98.3316 54.6673 1.6
      vertex 98 54.7 1.6
    endloop
  endfacet
  facet normal -0.0981368 -0.995173 -0
    outer loop
      vertex 98.3316 54.6673 1.6
      vertex 98 54.7 -1.6
      vertex 98.3316 54.6673 -1.6
    endloop
  endfacet
  facet normal 0.995176 -0.0981075 0
    outer loop
      vertex 96.3 53 1.6
      vertex 96.3327 53.3317 -1.6
      vertex 96.3327 53.3317 1.6
    endloop
  endfacet
  facet normal 0.995176 -0.0981075 0
    outer loop
      vertex 96.3327 53.3317 -1.6
      vertex 96.3 53 1.6
      vertex 96.3 53 -1.6
    endloop
  endfacet
  facet normal 0.956971 0.290182 0
    outer loop
      vertex -98.5706 -12.6506 1.6
      vertex -98.6673 -12.3317 -1.6
      vertex -98.6673 -12.3317 1.6
    endloop
  endfacet
  facet normal 0.956971 0.290182 0
    outer loop
      vertex -98.6673 -12.3317 -1.6
      vertex -98.5706 -12.6506 1.6
      vertex -98.5706 -12.6506 -1.6
    endloop
  endfacet
  facet normal 0 -1 0
    outer loop
      vertex -97 -10.3 -1.6
      vertex -91 -10.3 1.6
      vertex -97 -10.3 1.6
    endloop
  endfacet
  facet normal 0 -1 -0
    outer loop
      vertex -91 -10.3 1.6
      vertex -97 -10.3 -1.6
      vertex -91 -10.3 -1.6
    endloop
  endfacet
  facet normal 0.995176 -0.0981075 0
    outer loop
      vertex -98.7 -12 1.6
      vertex -98.6673 -11.6683 -1.6
      vertex -98.6673 -11.6683 1.6
    endloop
  endfacet
  facet normal 0.995176 -0.0981075 0
    outer loop
      vertex -98.6673 -11.6683 -1.6
      vertex -98.7 -12 1.6
      vertex -98.7 -12 -1.6
    endloop
  endfacet
  facet normal 0.995176 0.0981075 0
    outer loop
      vertex -98.6673 -12.3317 1.6
      vertex -98.7 -12 -1.6
      vertex -98.7 -12 1.6
    endloop
  endfacet
  facet normal 0.995176 0.0981075 0
    outer loop
      vertex -98.7 -12 -1.6
      vertex -98.6673 -12.3317 1.6
      vertex -98.6673 -12.3317 -1.6
    endloop
  endfacet
  facet normal -0.471413 0.881912 0
    outer loop
      vertex -90.0555 -13.4135 -1.6
      vertex -90.3494 -13.5706 1.6
      vertex -90.0555 -13.4135 1.6
    endloop
  endfacet
  facet normal -0.471413 0.881912 0
    outer loop
      vertex -90.3494 -13.5706 1.6
      vertex -90.0555 -13.4135 -1.6
      vertex -90.3494 -13.5706 -1.6
    endloop
  endfacet
  facet normal 0.471413 -0.881912 0
    outer loop
      vertex -97.9445 -10.5865 -1.6
      vertex -97.6506 -10.4294 1.6
      vertex -97.9445 -10.5865 1.6
    endloop
  endfacet
  facet normal 0.471413 -0.881912 0
    outer loop
      vertex -97.6506 -10.4294 1.6
      vertex -97.9445 -10.5865 -1.6
      vertex -97.6506 -10.4294 -1.6
    endloop
  endfacet
  facet normal -0.0981368 -0.995173 0
    outer loop
      vertex -91 -10.3 -1.6
      vertex -90.6684 -10.3327 1.6
      vertex -91 -10.3 1.6
    endloop
  endfacet
  facet normal -0.0981368 -0.995173 -0
    outer loop
      vertex -90.6684 -10.3327 1.6
      vertex -91 -10.3 -1.6
      vertex -90.6684 -10.3327 -1.6
    endloop
  endfacet
  facet normal -0.0981368 0.995173 0
    outer loop
      vertex -90.6684 -13.6673 -1.6
      vertex -91 -13.7 1.6
      vertex -90.6684 -13.6673 1.6
    endloop
  endfacet
  facet normal -0.0981368 0.995173 0
    outer loop
      vertex -91 -13.7 1.6
      vertex -90.6684 -13.6673 -1.6
      vertex -91 -13.7 -1.6
    endloop
  endfacet
  facet normal -0.995176 -0.0981075 0
    outer loop
      vertex -89.3 -12 -1.6
      vertex -89.3327 -11.6683 1.6
      vertex -89.3327 -11.6683 -1.6
    endloop
  endfacet
  facet normal -0.995176 -0.0981075 0
    outer loop
      vertex -89.3327 -11.6683 1.6
      vertex -89.3 -12 -1.6
      vertex -89.3 -12 1.6
    endloop
  endfacet
  facet normal 0.290099 0.956997 -0
    outer loop
      vertex -97.3316 -13.6673 -1.6
      vertex -97.6506 -13.5706 1.6
      vertex -97.3316 -13.6673 1.6
    endloop
  endfacet
  facet normal 0.290099 0.956997 0
    outer loop
      vertex -97.6506 -13.5706 1.6
      vertex -97.3316 -13.6673 -1.6
      vertex -97.6506 -13.5706 -1.6
    endloop
  endfacet
  facet normal 0.634381 -0.773021 0
    outer loop
      vertex -98.2021 -10.7979 -1.6
      vertex -97.9445 -10.5865 1.6
      vertex -98.2021 -10.7979 1.6
    endloop
  endfacet
  facet normal 0.634381 -0.773021 0
    outer loop
      vertex -97.9445 -10.5865 1.6
      vertex -98.2021 -10.7979 -1.6
      vertex -97.9445 -10.5865 -1.6
    endloop
  endfacet
  facet normal 0.290099 -0.956997 0
    outer loop
      vertex -97.6506 -10.4294 -1.6
      vertex -97.3316 -10.3327 1.6
      vertex -97.6506 -10.4294 1.6
    endloop
  endfacet
  facet normal 0.290099 -0.956997 0
    outer loop
      vertex -97.3316 -10.3327 1.6
      vertex -97.6506 -10.4294 -1.6
      vertex -97.3316 -10.3327 -1.6
    endloop
  endfacet
  facet normal -0.290099 0.956997 0
    outer loop
      vertex -90.3494 -13.5706 -1.6
      vertex -90.6684 -13.6673 1.6
      vertex -90.3494 -13.5706 1.6
    endloop
  endfacet
  facet normal -0.290099 0.956997 0
    outer loop
      vertex -90.6684 -13.6673 1.6
      vertex -90.3494 -13.5706 -1.6
      vertex -90.6684 -13.6673 -1.6
    endloop
  endfacet
  facet normal 0.881912 0.471413 0
    outer loop
      vertex -98.4135 -12.9445 1.6
      vertex -98.5706 -12.6506 -1.6
      vertex -98.5706 -12.6506 1.6
    endloop
  endfacet
  facet normal 0.881912 0.471413 0
    outer loop
      vertex -98.5706 -12.6506 -1.6
      vertex -98.4135 -12.9445 1.6
      vertex -98.4135 -12.9445 -1.6
    endloop
  endfacet
  facet normal -0.290099 -0.956997 0
    outer loop
      vertex -90.6684 -10.3327 -1.6
      vertex -90.3494 -10.4294 1.6
      vertex -90.6684 -10.3327 1.6
    endloop
  endfacet
  facet normal -0.290099 -0.956997 -0
    outer loop
      vertex -90.3494 -10.4294 1.6
      vertex -90.6684 -10.3327 -1.6
      vertex -90.3494 -10.4294 -1.6
    endloop
  endfacet
  facet normal 0.0981368 0.995173 -0
    outer loop
      vertex -97 -13.7 -1.6
      vertex -97.3316 -13.6673 1.6
      vertex -97 -13.7 1.6
    endloop
  endfacet
  facet normal 0.0981368 0.995173 0
    outer loop
      vertex -97.3316 -13.6673 1.6
      vertex -97 -13.7 -1.6
      vertex -97.3316 -13.6673 -1.6
    endloop
  endfacet
  facet normal 0.956971 -0.290182 0
    outer loop
      vertex -98.6673 -11.6683 1.6
      vertex -98.5706 -11.3494 -1.6
      vertex -98.5706 -11.3494 1.6
    endloop
  endfacet
  facet normal 0.956971 -0.290182 0
    outer loop
      vertex -98.5706 -11.3494 -1.6
      vertex -98.6673 -11.6683 1.6
      vertex -98.6673 -11.6683 -1.6
    endloop
  endfacet
  facet normal -0.956971 -0.290182 0
    outer loop
      vertex -89.3327 -11.6683 -1.6
      vertex -89.4294 -11.3494 1.6
      vertex -89.4294 -11.3494 -1.6
    endloop
  endfacet
  facet normal -0.956971 -0.290182 0
    outer loop
      vertex -89.4294 -11.3494 1.6
      vertex -89.3327 -11.6683 -1.6
      vertex -89.3327 -11.6683 1.6
    endloop
  endfacet
  facet normal 0.773021 -0.634381 0
    outer loop
      vertex -98.4135 -11.0555 1.6
      vertex -98.2021 -10.7979 -1.6
      vertex -98.2021 -10.7979 1.6
    endloop
  endfacet
  facet normal 0.773021 -0.634381 0
    outer loop
      vertex -98.2021 -10.7979 -1.6
      vertex -98.4135 -11.0555 1.6
      vertex -98.4135 -11.0555 -1.6
    endloop
  endfacet
  facet normal 0.634381 0.773021 -0
    outer loop
      vertex -97.9445 -13.4135 -1.6
      vertex -98.2021 -13.2021 1.6
      vertex -97.9445 -13.4135 1.6
    endloop
  endfacet
  facet normal 0.634381 0.773021 0
    outer loop
      vertex -98.2021 -13.2021 1.6
      vertex -97.9445 -13.4135 -1.6
      vertex -98.2021 -13.2021 -1.6
    endloop
  endfacet
  facet normal -0.995176 0.0981075 0
    outer loop
      vertex -89.3327 -12.3317 -1.6
      vertex -89.3 -12 1.6
      vertex -89.3 -12 -1.6
    endloop
  endfacet
  facet normal -0.995176 0.0981075 0
    outer loop
      vertex -89.3 -12 1.6
      vertex -89.3327 -12.3317 -1.6
      vertex -89.3327 -12.3317 1.6
    endloop
  endfacet
  facet normal -0.773021 -0.634381 0
    outer loop
      vertex -89.5865 -11.0555 -1.6
      vertex -89.7979 -10.7979 1.6
      vertex -89.7979 -10.7979 -1.6
    endloop
  endfacet
  facet normal -0.773021 -0.634381 0
    outer loop
      vertex -89.7979 -10.7979 1.6
      vertex -89.5865 -11.0555 -1.6
      vertex -89.5865 -11.0555 1.6
    endloop
  endfacet
  facet normal 0.881912 -0.471413 0
    outer loop
      vertex -98.5706 -11.3494 1.6
      vertex -98.4135 -11.0555 -1.6
      vertex -98.4135 -11.0555 1.6
    endloop
  endfacet
  facet normal 0.881912 -0.471413 0
    outer loop
      vertex -98.4135 -11.0555 -1.6
      vertex -98.5706 -11.3494 1.6
      vertex -98.5706 -11.3494 -1.6
    endloop
  endfacet
  facet normal 0 1 -0
    outer loop
      vertex -91 -13.7 -1.6
      vertex -97 -13.7 1.6
      vertex -91 -13.7 1.6
    endloop
  endfacet
  facet normal 0 1 0
    outer loop
      vertex -97 -13.7 1.6
      vertex -91 -13.7 -1.6
      vertex -97 -13.7 -1.6
    endloop
  endfacet
  facet normal -0.956971 0.290182 0
    outer loop
      vertex -89.4294 -12.6506 -1.6
      vertex -89.3327 -12.3317 1.6
      vertex -89.3327 -12.3317 -1.6
    endloop
  endfacet
  facet normal -0.956971 0.290182 0
    outer loop
      vertex -89.3327 -12.3317 1.6
      vertex -89.4294 -12.6506 -1.6
      vertex -89.4294 -12.6506 1.6
    endloop
  endfacet
  facet normal 0.0981368 -0.995173 0
    outer loop
      vertex -97.3316 -10.3327 -1.6
      vertex -97 -10.3 1.6
      vertex -97.3316 -10.3327 1.6
    endloop
  endfacet
  facet normal 0.0981368 -0.995173 0
    outer loop
      vertex -97 -10.3 1.6
      vertex -97.3316 -10.3327 -1.6
      vertex -97 -10.3 -1.6
    endloop
  endfacet
  facet normal 0.471413 0.881912 -0
    outer loop
      vertex -97.6506 -13.5706 -1.6
      vertex -97.9445 -13.4135 1.6
      vertex -97.6506 -13.5706 1.6
    endloop
  endfacet
  facet normal 0.471413 0.881912 0
    outer loop
      vertex -97.9445 -13.4135 1.6
      vertex -97.6506 -13.5706 -1.6
      vertex -97.9445 -13.4135 -1.6
    endloop
  endfacet
  facet normal -0.881912 0.471413 0
    outer loop
      vertex -89.5865 -12.9445 -1.6
      vertex -89.4294 -12.6506 1.6
      vertex -89.4294 -12.6506 -1.6
    endloop
  endfacet
  facet normal -0.881912 0.471413 0
    outer loop
      vertex -89.4294 -12.6506 1.6
      vertex -89.5865 -12.9445 -1.6
      vertex -89.5865 -12.9445 1.6
    endloop
  endfacet
  facet normal -0.471413 -0.881912 0
    outer loop
      vertex -90.3494 -10.4294 -1.6
      vertex -90.0555 -10.5865 1.6
      vertex -90.3494 -10.4294 1.6
    endloop
  endfacet
  facet normal -0.471413 -0.881912 -0
    outer loop
      vertex -90.0555 -10.5865 1.6
      vertex -90.3494 -10.4294 -1.6
      vertex -90.0555 -10.5865 -1.6
    endloop
  endfacet
  facet normal -0.634381 -0.773021 0
    outer loop
      vertex -90.0555 -10.5865 -1.6
      vertex -89.7979 -10.7979 1.6
      vertex -90.0555 -10.5865 1.6
    endloop
  endfacet
  facet normal -0.634381 -0.773021 -0
    outer loop
      vertex -89.7979 -10.7979 1.6
      vertex -90.0555 -10.5865 -1.6
      vertex -89.7979 -10.7979 -1.6
    endloop
  endfacet
  facet normal -0.634381 0.773021 0
    outer loop
      vertex -89.7979 -13.2021 -1.6
      vertex -90.0555 -13.4135 1.6
      vertex -89.7979 -13.2021 1.6
    endloop
  endfacet
  facet normal -0.634381 0.773021 0
    outer loop
      vertex -90.0555 -13.4135 1.6
      vertex -89.7979 -13.2021 -1.6
      vertex -90.0555 -13.4135 -1.6
    endloop
  endfacet
  facet normal -0.881912 -0.471413 0
    outer loop
      vertex -89.4294 -11.3494 -1.6
      vertex -89.5865 -11.0555 1.6
      vertex -89.5865 -11.0555 -1.6
    endloop
  endfacet
  facet normal -0.881912 -0.471413 0
    outer loop
      vertex -89.5865 -11.0555 1.6
      vertex -89.4294 -11.3494 -1.6
      vertex -89.4294 -11.3494 1.6
    endloop
  endfacet
  facet normal 0.773021 0.634381 0
    outer loop
      vertex -98.2021 -13.2021 1.6
      vertex -98.4135 -12.9445 -1.6
      vertex -98.4135 -12.9445 1.6
    endloop
  endfacet
  facet normal 0.773021 0.634381 0
    outer loop
      vertex -98.4135 -12.9445 -1.6
      vertex -98.2021 -13.2021 1.6
      vertex -98.2021 -13.2021 -1.6
    endloop
  endfacet
  facet normal -0.773021 0.634381 0
    outer loop
      vertex -89.7979 -13.2021 -1.6
      vertex -89.5865 -12.9445 1.6
      vertex -89.5865 -12.9445 -1.6
    endloop
  endfacet
  facet normal -0.773021 0.634381 0
    outer loop
      vertex -89.5865 -12.9445 1.6
      vertex -89.7979 -13.2021 -1.6
      vertex -89.7979 -13.2021 1.6
    endloop
  endfacet
  facet normal 0.956971 0.290182 0
    outer loop
      vertex -98.5706 11.3494 1.6
      vertex -98.6673 11.6683 -1.6
      vertex -98.6673 11.6683 1.6
    endloop
  endfacet
  facet normal 0.956971 0.290182 0
    outer loop
      vertex -98.6673 11.6683 -1.6
      vertex -98.5706 11.3494 1.6
      vertex -98.5706 11.3494 -1.6
    endloop
  endfacet
  facet normal 0 -1 0
    outer loop
      vertex -97 13.7 -1.6
      vertex -91 13.7 1.6
      vertex -97 13.7 1.6
    endloop
  endfacet
  facet normal 0 -1 -0
    outer loop
      vertex -91 13.7 1.6
      vertex -97 13.7 -1.6
      vertex -91 13.7 -1.6
    endloop
  endfacet
  facet normal 0.995176 -0.0981075 0
    outer loop
      vertex -98.7 12 1.6
      vertex -98.6673 12.3317 -1.6
      vertex -98.6673 12.3317 1.6
    endloop
  endfacet
  facet normal 0.995176 -0.0981075 0
    outer loop
      vertex -98.6673 12.3317 -1.6
      vertex -98.7 12 1.6
      vertex -98.7 12 -1.6
    endloop
  endfacet
  facet normal 0.995176 0.0981075 0
    outer loop
      vertex -98.6673 11.6683 1.6
      vertex -98.7 12 -1.6
      vertex -98.7 12 1.6
    endloop
  endfacet
  facet normal 0.995176 0.0981075 0
    outer loop
      vertex -98.7 12 -1.6
      vertex -98.6673 11.6683 1.6
      vertex -98.6673 11.6683 -1.6
    endloop
  endfacet
  facet normal -0.471413 0.881912 0
    outer loop
      vertex -90.0555 10.5865 -1.6
      vertex -90.3494 10.4294 1.6
      vertex -90.0555 10.5865 1.6
    endloop
  endfacet
  facet normal -0.471413 0.881912 0
    outer loop
      vertex -90.3494 10.4294 1.6
      vertex -90.0555 10.5865 -1.6
      vertex -90.3494 10.4294 -1.6
    endloop
  endfacet
  facet normal 0.471413 -0.881912 0
    outer loop
      vertex -97.9445 13.4135 -1.6
      vertex -97.6506 13.5706 1.6
      vertex -97.9445 13.4135 1.6
    endloop
  endfacet
  facet normal 0.471413 -0.881912 0
    outer loop
      vertex -97.6506 13.5706 1.6
      vertex -97.9445 13.4135 -1.6
      vertex -97.6506 13.5706 -1.6
    endloop
  endfacet
  facet normal -0.0981368 -0.995173 0
    outer loop
      vertex -91 13.7 -1.6
      vertex -90.6684 13.6673 1.6
      vertex -91 13.7 1.6
    endloop
  endfacet
  facet normal -0.0981368 -0.995173 -0
    outer loop
      vertex -90.6684 13.6673 1.6
      vertex -91 13.7 -1.6
      vertex -90.6684 13.6673 -1.6
    endloop
  endfacet
  facet normal -0.0981368 0.995173 0
    outer loop
      vertex -90.6684 10.3327 -1.6
      vertex -91 10.3 1.6
      vertex -90.6684 10.3327 1.6
    endloop
  endfacet
  facet normal -0.0981368 0.995173 0
    outer loop
      vertex -91 10.3 1.6
      vertex -90.6684 10.3327 -1.6
      vertex -91 10.3 -1.6
    endloop
  endfacet
  facet normal -0.995176 -0.0981075 0
    outer loop
      vertex -89.3 12 -1.6
      vertex -89.3327 12.3317 1.6
      vertex -89.3327 12.3317 -1.6
    endloop
  endfacet
  facet normal -0.995176 -0.0981075 0
    outer loop
      vertex -89.3327 12.3317 1.6
      vertex -89.3 12 -1.6
      vertex -89.3 12 1.6
    endloop
  endfacet
  facet normal 0.290099 0.956997 -0
    outer loop
      vertex -97.3316 10.3327 -1.6
      vertex -97.6506 10.4294 1.6
      vertex -97.3316 10.3327 1.6
    endloop
  endfacet
  facet normal 0.290099 0.956997 0
    outer loop
      vertex -97.6506 10.4294 1.6
      vertex -97.3316 10.3327 -1.6
      vertex -97.6506 10.4294 -1.6
    endloop
  endfacet
  facet normal 0.634381 -0.773021 0
    outer loop
      vertex -98.2021 13.2021 -1.6
      vertex -97.9445 13.4135 1.6
      vertex -98.2021 13.2021 1.6
    endloop
  endfacet
  facet normal 0.634381 -0.773021 0
    outer loop
      vertex -97.9445 13.4135 1.6
      vertex -98.2021 13.2021 -1.6
      vertex -97.9445 13.4135 -1.6
    endloop
  endfacet
  facet normal 0.290099 -0.956997 0
    outer loop
      vertex -97.6506 13.5706 -1.6
      vertex -97.3316 13.6673 1.6
      vertex -97.6506 13.5706 1.6
    endloop
  endfacet
  facet normal 0.290099 -0.956997 0
    outer loop
      vertex -97.3316 13.6673 1.6
      vertex -97.6506 13.5706 -1.6
      vertex -97.3316 13.6673 -1.6
    endloop
  endfacet
  facet normal -0.290099 0.956997 0
    outer loop
      vertex -90.3494 10.4294 -1.6
      vertex -90.6684 10.3327 1.6
      vertex -90.3494 10.4294 1.6
    endloop
  endfacet
  facet normal -0.290099 0.956997 0
    outer loop
      vertex -90.6684 10.3327 1.6
      vertex -90.3494 10.4294 -1.6
      vertex -90.6684 10.3327 -1.6
    endloop
  endfacet
  facet normal 0.881912 0.471413 0
    outer loop
      vertex -98.4135 11.0555 1.6
      vertex -98.5706 11.3494 -1.6
      vertex -98.5706 11.3494 1.6
    endloop
  endfacet
  facet normal 0.881912 0.471413 0
    outer loop
      vertex -98.5706 11.3494 -1.6
      vertex -98.4135 11.0555 1.6
      vertex -98.4135 11.0555 -1.6
    endloop
  endfacet
  facet normal -0.290099 -0.956997 0
    outer loop
      vertex -90.6684 13.6673 -1.6
      vertex -90.3494 13.5706 1.6
      vertex -90.6684 13.6673 1.6
    endloop
  endfacet
  facet normal -0.290099 -0.956997 -0
    outer loop
      vertex -90.3494 13.5706 1.6
      vertex -90.6684 13.6673 -1.6
      vertex -90.3494 13.5706 -1.6
    endloop
  endfacet
  facet normal 0.0981368 0.995173 -0
    outer loop
      vertex -97 10.3 -1.6
      vertex -97.3316 10.3327 1.6
      vertex -97 10.3 1.6
    endloop
  endfacet
  facet normal 0.0981368 0.995173 0
    outer loop
      vertex -97.3316 10.3327 1.6
      vertex -97 10.3 -1.6
      vertex -97.3316 10.3327 -1.6
    endloop
  endfacet
  facet normal 0.956971 -0.290182 0
    outer loop
      vertex -98.6673 12.3317 1.6
      vertex -98.5706 12.6506 -1.6
      vertex -98.5706 12.6506 1.6
    endloop
  endfacet
  facet normal 0.956971 -0.290182 0
    outer loop
      vertex -98.5706 12.6506 -1.6
      vertex -98.6673 12.3317 1.6
      vertex -98.6673 12.3317 -1.6
    endloop
  endfacet
  facet normal -0.956971 -0.290182 0
    outer loop
      vertex -89.3327 12.3317 -1.6
      vertex -89.4294 12.6506 1.6
      vertex -89.4294 12.6506 -1.6
    endloop
  endfacet
  facet normal -0.956971 -0.290182 0
    outer loop
      vertex -89.4294 12.6506 1.6
      vertex -89.3327 12.3317 -1.6
      vertex -89.3327 12.3317 1.6
    endloop
  endfacet
  facet normal 0.773021 -0.634381 0
    outer loop
      vertex -98.4135 12.9445 1.6
      vertex -98.2021 13.2021 -1.6
      vertex -98.2021 13.2021 1.6
    endloop
  endfacet
  facet normal 0.773021 -0.634381 0
    outer loop
      vertex -98.2021 13.2021 -1.6
      vertex -98.4135 12.9445 1.6
      vertex -98.4135 12.9445 -1.6
    endloop
  endfacet
  facet normal 0.634381 0.773021 -0
    outer loop
      vertex -97.9445 10.5865 -1.6
      vertex -98.2021 10.7979 1.6
      vertex -97.9445 10.5865 1.6
    endloop
  endfacet
  facet normal 0.634381 0.773021 0
    outer loop
      vertex -98.2021 10.7979 1.6
      vertex -97.9445 10.5865 -1.6
      vertex -98.2021 10.7979 -1.6
    endloop
  endfacet
  facet normal -0.995176 0.0981075 0
    outer loop
      vertex -89.3327 11.6683 -1.6
      vertex -89.3 12 1.6
      vertex -89.3 12 -1.6
    endloop
  endfacet
  facet normal -0.995176 0.0981075 0
    outer loop
      vertex -89.3 12 1.6
      vertex -89.3327 11.6683 -1.6
      vertex -89.3327 11.6683 1.6
    endloop
  endfacet
  facet normal -0.773021 -0.634381 0
    outer loop
      vertex -89.5865 12.9445 -1.6
      vertex -89.7979 13.2021 1.6
      vertex -89.7979 13.2021 -1.6
    endloop
  endfacet
  facet normal -0.773021 -0.634381 0
    outer loop
      vertex -89.7979 13.2021 1.6
      vertex -89.5865 12.9445 -1.6
      vertex -89.5865 12.9445 1.6
    endloop
  endfacet
  facet normal 0.881912 -0.471413 0
    outer loop
      vertex -98.5706 12.6506 1.6
      vertex -98.4135 12.9445 -1.6
      vertex -98.4135 12.9445 1.6
    endloop
  endfacet
  facet normal 0.881912 -0.471413 0
    outer loop
      vertex -98.4135 12.9445 -1.6
      vertex -98.5706 12.6506 1.6
      vertex -98.5706 12.6506 -1.6
    endloop
  endfacet
  facet normal 0 1 -0
    outer loop
      vertex -91 10.3 -1.6
      vertex -97 10.3 1.6
      vertex -91 10.3 1.6
    endloop
  endfacet
  facet normal 0 1 0
    outer loop
      vertex -97 10.3 1.6
      vertex -91 10.3 -1.6
      vertex -97 10.3 -1.6
    endloop
  endfacet
  facet normal -0.956971 0.290182 0
    outer loop
      vertex -89.4294 11.3494 -1.6
      vertex -89.3327 11.6683 1.6
      vertex -89.3327 11.6683 -1.6
    endloop
  endfacet
  facet normal -0.956971 0.290182 0
    outer loop
      vertex -89.3327 11.6683 1.6
      vertex -89.4294 11.3494 -1.6
      vertex -89.4294 11.3494 1.6
    endloop
  endfacet
  facet normal 0.0981368 -0.995173 0
    outer loop
      vertex -97.3316 13.6673 -1.6
      vertex -97 13.7 1.6
      vertex -97.3316 13.6673 1.6
    endloop
  endfacet
  facet normal 0.0981368 -0.995173 0
    outer loop
      vertex -97 13.7 1.6
      vertex -97.3316 13.6673 -1.6
      vertex -97 13.7 -1.6
    endloop
  endfacet
  facet normal 0.471413 0.881912 -0
    outer loop
      vertex -97.6506 10.4294 -1.6
      vertex -97.9445 10.5865 1.6
      vertex -97.6506 10.4294 1.6
    endloop
  endfacet
  facet normal 0.471413 0.881912 0
    outer loop
      vertex -97.9445 10.5865 1.6
      vertex -97.6506 10.4294 -1.6
      vertex -97.9445 10.5865 -1.6
    endloop
  endfacet
  facet normal -0.881912 0.471413 0
    outer loop
      vertex -89.5865 11.0555 -1.6
      vertex -89.4294 11.3494 1.6
      vertex -89.4294 11.3494 -1.6
    endloop
  endfacet
  facet normal -0.881912 0.471413 0
    outer loop
      vertex -89.4294 11.3494 1.6
      vertex -89.5865 11.0555 -1.6
      vertex -89.5865 11.0555 1.6
    endloop
  endfacet
  facet normal -0.471413 -0.881912 0
    outer loop
      vertex -90.3494 13.5706 -1.6
      vertex -90.0555 13.4135 1.6
      vertex -90.3494 13.5706 1.6
    endloop
  endfacet
  facet normal -0.471413 -0.881912 -0
    outer loop
      vertex -90.0555 13.4135 1.6
      vertex -90.3494 13.5706 -1.6
      vertex -90.0555 13.4135 -1.6
    endloop
  endfacet
  facet normal -0.634381 -0.773021 0
    outer loop
      vertex -90.0555 13.4135 -1.6
      vertex -89.7979 13.2021 1.6
      vertex -90.0555 13.4135 1.6
    endloop
  endfacet
  facet normal -0.634381 -0.773021 -0
    outer loop
      vertex -89.7979 13.2021 1.6
      vertex -90.0555 13.4135 -1.6
      vertex -89.7979 13.2021 -1.6
    endloop
  endfacet
  facet normal -0.634381 0.773021 0
    outer loop
      vertex -89.7979 10.7979 -1.6
      vertex -90.0555 10.5865 1.6
      vertex -89.7979 10.7979 1.6
    endloop
  endfacet
  facet normal -0.634381 0.773021 0
    outer loop
      vertex -90.0555 10.5865 1.6
      vertex -89.7979 10.7979 -1.6
      vertex -90.0555 10.5865 -1.6
    endloop
  endfacet
  facet normal -0.881912 -0.471413 0
    outer loop
      vertex -89.4294 12.6506 -1.6
      vertex -89.5865 12.9445 1.6
      vertex -89.5865 12.9445 -1.6
    endloop
  endfacet
  facet normal -0.881912 -0.471413 0
    outer loop
      vertex -89.5865 12.9445 1.6
      vertex -89.4294 12.6506 -1.6
      vertex -89.4294 12.6506 1.6
    endloop
  endfacet
  facet normal 0.773021 0.634381 0
    outer loop
      vertex -98.2021 10.7979 1.6
      vertex -98.4135 11.0555 -1.6
      vertex -98.4135 11.0555 1.6
    endloop
  endfacet
  facet normal 0.773021 0.634381 0
    outer loop
      vertex -98.4135 11.0555 -1.6
      vertex -98.2021 10.7979 1.6
      vertex -98.2021 10.7979 -1.6
    endloop
  endfacet
  facet normal -0.773021 0.634381 0
    outer loop
      vertex -89.7979 10.7979 -1.6
      vertex -89.5865 11.0555 1.6
      vertex -89.5865 11.0555 -1.6
    endloop
  endfacet
  facet normal -0.773021 0.634381 0
    outer loop
      vertex -89.5865 11.0555 1.6
      vertex -89.7979 10.7979 -1.6
      vertex -89.7979 10.7979 1.6
    endloop
  endfacet
  facet normal 0.0980137 -0.995185 0
    outer loop
      vertex 67.6098 1.96157 -1.6
      vertex 68 2 3.6
      vertex 67.6098 1.96157 3.6
    endloop
  endfacet
  facet normal 0.0980137 -0.995185 0
    outer loop
      vertex 68 2 3.6
      vertex 67.6098 1.96157 -1.6
      vertex 68 2 -1.6
    endloop
  endfacet
  facet normal 0 0 -1
    outer loop
      vertex 68 -2 3.6
      vertex 73.5 2 3.6
      vertex 73.5 -2 3.6
    endloop
  endfacet
  facet normal 0 0 -1
    outer loop
      vertex 68 -2 3.6
      vertex 68 2 3.6
      vertex 73.5 2 3.6
    endloop
  endfacet
  facet normal 0 0 -1
    outer loop
      vertex 67.6098 -1.96157 3.6
      vertex 68 2 3.6
      vertex 68 -2 3.6
    endloop
  endfacet
  facet normal 0 0 -1
    outer loop
      vertex 67.6098 -1.96157 3.6
      vertex 67.6098 1.96157 3.6
      vertex 68 2 3.6
    endloop
  endfacet
  facet normal 0 0 -1
    outer loop
      vertex 67.2346 -1.84776 3.6
      vertex 67.6098 1.96157 3.6
      vertex 67.6098 -1.96157 3.6
    endloop
  endfacet
  facet normal 0 0 -1
    outer loop
      vertex 67.2346 -1.84776 3.6
      vertex 67.2346 1.84776 3.6
      vertex 67.6098 1.96157 3.6
    endloop
  endfacet
  facet normal 0 0 -1
    outer loop
      vertex 66.8889 -1.66294 3.6
      vertex 67.2346 1.84776 3.6
      vertex 67.2346 -1.84776 3.6
    endloop
  endfacet
  facet normal 0 0 -1
    outer loop
      vertex 66.8889 -1.66294 3.6
      vertex 66.8889 1.66294 3.6
      vertex 67.2346 1.84776 3.6
    endloop
  endfacet
  facet normal 0 0 -1
    outer loop
      vertex 66.5858 -1.41421 3.6
      vertex 66.8889 1.66294 3.6
      vertex 66.8889 -1.66294 3.6
    endloop
  endfacet
  facet normal 0 0 -1
    outer loop
      vertex 66.5858 -1.41421 3.6
      vertex 66.5858 1.41421 3.6
      vertex 66.8889 1.66294 3.6
    endloop
  endfacet
  facet normal 0 0 -1
    outer loop
      vertex 66.3371 -1.11114 3.6
      vertex 66.5858 1.41421 3.6
      vertex 66.5858 -1.41421 3.6
    endloop
  endfacet
  facet normal 0 0 -1
    outer loop
      vertex 66.3371 -1.11114 3.6
      vertex 66.3371 1.11114 3.6
      vertex 66.5858 1.41421 3.6
    endloop
  endfacet
  facet normal 0 0 -1
    outer loop
      vertex 66.1522 -0.765367 3.6
      vertex 66.3371 1.11114 3.6
      vertex 66.3371 -1.11114 3.6
    endloop
  endfacet
  facet normal 0 0 -1
    outer loop
      vertex 66.1522 -0.765367 3.6
      vertex 66.1522 0.765367 3.6
      vertex 66.3371 1.11114 3.6
    endloop
  endfacet
  facet normal 0 0 -1
    outer loop
      vertex 66.0384 -0.390181 3.6
      vertex 66.1522 0.765367 3.6
      vertex 66.1522 -0.765367 3.6
    endloop
  endfacet
  facet normal 0 0 -1
    outer loop
      vertex 66.0384 -0.390181 3.6
      vertex 66.0384 0.390181 3.6
      vertex 66.1522 0.765367 3.6
    endloop
  endfacet
  facet normal 0 -0 -1
    outer loop
      vertex 66.0384 0.390181 3.6
      vertex 66.0384 -0.390181 3.6
      vertex 66 0 3.6
    endloop
  endfacet
  facet normal -0.471475 0.881879 0
    outer loop
      vertex 77.1111 -1.66294 -1.6
      vertex 76.7654 -1.84776 1.6
      vertex 77.1111 -1.66294 1.6
    endloop
  endfacet
  facet normal -0.471475 0.881879 0
    outer loop
      vertex 76.7654 -1.84776 1.6
      vertex 77.1111 -1.66294 -1.6
      vertex 76.7654 -1.84776 -1.6
    endloop
  endfacet
  facet normal 0 1 0
    outer loop
      vertex 76 -2 1.6
      vertex 76 -2 -1.6
      vertex 73.5 -2 1.6
    endloop
  endfacet
  facet normal 0 1 -0
    outer loop
      vertex 73.5 -2 1.6
      vertex 68 -2 3.6
      vertex 73.5 -2 3.6
    endloop
  endfacet
  facet normal 0 1 0
    outer loop
      vertex 68 -2 -1.6
      vertex 73.5 -2 1.6
      vertex 76 -2 -1.6
    endloop
  endfacet
  facet normal 0 1 0
    outer loop
      vertex 73.5 -2 1.6
      vertex 68 -2 -1.6
      vertex 68 -2 3.6
    endloop
  endfacet
  facet normal -0.290271 -0.956944 0
    outer loop
      vertex 76.3902 1.96157 -1.6
      vertex 76.7654 1.84776 1.6
      vertex 76.3902 1.96157 1.6
    endloop
  endfacet
  facet normal -0.290271 -0.956944 -0
    outer loop
      vertex 76.7654 1.84776 1.6
      vertex 76.3902 1.96157 -1.6
      vertex 76.7654 1.84776 -1.6
    endloop
  endfacet
  facet normal -0.881836 -0.471556 0
    outer loop
      vertex 77.8478 0.765367 -1.6
      vertex 77.6629 1.11114 1.6
      vertex 77.6629 1.11114 -1.6
    endloop
  endfacet
  facet normal -0.881836 -0.471556 0
    outer loop
      vertex 77.6629 1.11114 1.6
      vertex 77.8478 0.765367 -1.6
      vertex 77.8478 0.765367 1.6
    endloop
  endfacet
  facet normal 0.471475 0.881879 -0
    outer loop
      vertex 67.2346 -1.84776 -1.6
      vertex 66.8889 -1.66294 3.6
      vertex 67.2346 -1.84776 3.6
    endloop
  endfacet
  facet normal 0.471475 0.881879 0
    outer loop
      vertex 66.8889 -1.66294 3.6
      vertex 67.2346 -1.84776 -1.6
      vertex 66.8889 -1.66294 -1.6
    endloop
  endfacet
  facet normal 0.995192 -0.0979427 0
    outer loop
      vertex 66 0 3.6
      vertex 66.0384 0.390181 -1.6
      vertex 66.0384 0.390181 3.6
    endloop
  endfacet
  facet normal 0.995192 -0.0979427 0
    outer loop
      vertex 66.0384 0.390181 -1.6
      vertex 66 0 3.6
      vertex 66 0 -1.6
    endloop
  endfacet
  facet normal 0.290271 0.956944 -0
    outer loop
      vertex 67.6098 -1.96157 -1.6
      vertex 67.2346 -1.84776 3.6
      vertex 67.6098 -1.96157 3.6
    endloop
  endfacet
  facet normal 0.290271 0.956944 0
    outer loop
      vertex 67.2346 -1.84776 3.6
      vertex 67.6098 -1.96157 -1.6
      vertex 67.2346 -1.84776 -1.6
    endloop
  endfacet
  facet normal 0.0980137 0.995185 -0
    outer loop
      vertex 68 -2 -1.6
      vertex 67.6098 -1.96157 3.6
      vertex 68 -2 3.6
    endloop
  endfacet
  facet normal 0.0980137 0.995185 0
    outer loop
      vertex 67.6098 -1.96157 3.6
      vertex 68 -2 -1.6
      vertex 67.6098 -1.96157 -1.6
    endloop
  endfacet
  facet normal 0.773039 -0.634358 0
    outer loop
      vertex 66.3371 1.11114 3.6
      vertex 66.5858 1.41421 -1.6
      vertex 66.5858 1.41421 3.6
    endloop
  endfacet
  facet normal 0.773039 -0.634358 0
    outer loop
      vertex 66.5858 1.41421 -1.6
      vertex 66.3371 1.11114 3.6
      vertex 66.3371 1.11114 -1.6
    endloop
  endfacet
  facet normal 0.995192 0.0979427 0
    outer loop
      vertex 66.0384 -0.390181 3.6
      vertex 66 0 -1.6
      vertex 66 0 3.6
    endloop
  endfacet
  facet normal 0.995192 0.0979427 0
    outer loop
      vertex 66 0 -1.6
      vertex 66.0384 -0.390181 3.6
      vertex 66.0384 -0.390181 -1.6
    endloop
  endfacet
  facet normal 0 -1 0
    outer loop
      vertex 68 2 3.6
      vertex 73.5 2 1.6
      vertex 73.5 2 3.6
    endloop
  endfacet
  facet normal 0 -1 0
    outer loop
      vertex 68 2 -1.6
      vertex 73.5 2 1.6
      vertex 68 2 3.6
    endloop
  endfacet
  facet normal 0 -1 0
    outer loop
      vertex 76 2 -1.6
      vertex 73.5 2 1.6
      vertex 68 2 -1.6
    endloop
  endfacet
  facet normal 0 -1 0
    outer loop
      vertex 73.5 2 1.6
      vertex 76 2 -1.6
      vertex 76 2 1.6
    endloop
  endfacet
  facet normal -0.290271 0.956944 0
    outer loop
      vertex 76.7654 -1.84776 -1.6
      vertex 76.3902 -1.96157 1.6
      vertex 76.7654 -1.84776 1.6
    endloop
  endfacet
  facet normal -0.290271 0.956944 0
    outer loop
      vertex 76.3902 -1.96157 1.6
      vertex 76.7654 -1.84776 -1.6
      vertex 76.3902 -1.96157 -1.6
    endloop
  endfacet
  facet normal 0.634366 0.773033 -0
    outer loop
      vertex 66.8889 -1.66294 -1.6
      vertex 66.5858 -1.41421 3.6
      vertex 66.8889 -1.66294 3.6
    endloop
  endfacet
  facet normal 0.634366 0.773033 0
    outer loop
      vertex 66.5858 -1.41421 3.6
      vertex 66.8889 -1.66294 -1.6
      vertex 66.5858 -1.41421 -1.6
    endloop
  endfacet
  facet normal -0.471475 -0.881879 0
    outer loop
      vertex 76.7654 1.84776 -1.6
      vertex 77.1111 1.66294 1.6
      vertex 76.7654 1.84776 1.6
    endloop
  endfacet
  facet normal -0.471475 -0.881879 -0
    outer loop
      vertex 77.1111 1.66294 1.6
      vertex 76.7654 1.84776 -1.6
      vertex 77.1111 1.66294 -1.6
    endloop
  endfacet
  facet normal -0.995192 -0.0979427 0
    outer loop
      vertex 78 0 -1.6
      vertex 77.9616 0.390181 1.6
      vertex 77.9616 0.390181 -1.6
    endloop
  endfacet
  facet normal -0.995192 -0.0979427 0
    outer loop
      vertex 77.9616 0.390181 1.6
      vertex 78 0 -1.6
      vertex 78 0 1.6
    endloop
  endfacet
  facet normal -0.0980137 0.995185 0
    outer loop
      vertex 76.3902 -1.96157 -1.6
      vertex 76 -2 1.6
      vertex 76.3902 -1.96157 1.6
    endloop
  endfacet
  facet normal -0.0980137 0.995185 0
    outer loop
      vertex 76 -2 1.6
      vertex 76.3902 -1.96157 -1.6
      vertex 76 -2 -1.6
    endloop
  endfacet
  facet normal 0.881836 0.471556 0
    outer loop
      vertex 66.3371 -1.11114 3.6
      vertex 66.1522 -0.765367 -1.6
      vertex 66.1522 -0.765367 3.6
    endloop
  endfacet
  facet normal 0.881836 0.471556 0
    outer loop
      vertex 66.1522 -0.765367 -1.6
      vertex 66.3371 -1.11114 3.6
      vertex 66.3371 -1.11114 -1.6
    endloop
  endfacet
  facet normal 0.773039 0.634358 0
    outer loop
      vertex 66.5858 -1.41421 3.6
      vertex 66.3371 -1.11114 -1.6
      vertex 66.3371 -1.11114 3.6
    endloop
  endfacet
  facet normal 0.773039 0.634358 0
    outer loop
      vertex 66.3371 -1.11114 -1.6
      vertex 66.5858 -1.41421 3.6
      vertex 66.5858 -1.41421 -1.6
    endloop
  endfacet
  facet normal -0.0980137 -0.995185 0
    outer loop
      vertex 76 2 -1.6
      vertex 76.3902 1.96157 1.6
      vertex 76 2 1.6
    endloop
  endfacet
  facet normal -0.0980137 -0.995185 -0
    outer loop
      vertex 76.3902 1.96157 1.6
      vertex 76 2 -1.6
      vertex 76.3902 1.96157 -1.6
    endloop
  endfacet
  facet normal 0.956948 -0.290258 0
    outer loop
      vertex 66.0384 0.390181 3.6
      vertex 66.1522 0.765367 -1.6
      vertex 66.1522 0.765367 3.6
    endloop
  endfacet
  facet normal 0.956948 -0.290258 0
    outer loop
      vertex 66.1522 0.765367 -1.6
      vertex 66.0384 0.390181 3.6
      vertex 66.0384 0.390181 -1.6
    endloop
  endfacet
  facet normal -0.773039 -0.634358 0
    outer loop
      vertex 77.6629 1.11114 -1.6
      vertex 77.4142 1.41421 1.6
      vertex 77.4142 1.41421 -1.6
    endloop
  endfacet
  facet normal -0.773039 -0.634358 0
    outer loop
      vertex 77.4142 1.41421 1.6
      vertex 77.6629 1.11114 -1.6
      vertex 77.6629 1.11114 1.6
    endloop
  endfacet
  facet normal 0.471475 -0.881879 0
    outer loop
      vertex 66.8889 1.66294 -1.6
      vertex 67.2346 1.84776 3.6
      vertex 66.8889 1.66294 3.6
    endloop
  endfacet
  facet normal 0.471475 -0.881879 0
    outer loop
      vertex 67.2346 1.84776 3.6
      vertex 66.8889 1.66294 -1.6
      vertex 67.2346 1.84776 -1.6
    endloop
  endfacet
  facet normal -0.956948 -0.290258 0
    outer loop
      vertex 77.9616 0.390181 -1.6
      vertex 77.8478 0.765367 1.6
      vertex 77.8478 0.765367 -1.6
    endloop
  endfacet
  facet normal -0.956948 -0.290258 0
    outer loop
      vertex 77.8478 0.765367 1.6
      vertex 77.9616 0.390181 -1.6
      vertex 77.9616 0.390181 1.6
    endloop
  endfacet
  facet normal -0.995192 0.0979427 0
    outer loop
      vertex 77.9616 -0.390181 -1.6
      vertex 78 0 1.6
      vertex 78 0 -1.6
    endloop
  endfacet
  facet normal -0.995192 0.0979427 0
    outer loop
      vertex 78 0 1.6
      vertex 77.9616 -0.390181 -1.6
      vertex 77.9616 -0.390181 1.6
    endloop
  endfacet
  facet normal -0.634366 0.773033 0
    outer loop
      vertex 77.4142 -1.41421 -1.6
      vertex 77.1111 -1.66294 1.6
      vertex 77.4142 -1.41421 1.6
    endloop
  endfacet
  facet normal -0.634366 0.773033 0
    outer loop
      vertex 77.1111 -1.66294 1.6
      vertex 77.4142 -1.41421 -1.6
      vertex 77.1111 -1.66294 -1.6
    endloop
  endfacet
  facet normal 0.634366 -0.773033 0
    outer loop
      vertex 66.5858 1.41421 -1.6
      vertex 66.8889 1.66294 3.6
      vertex 66.5858 1.41421 3.6
    endloop
  endfacet
  facet normal 0.634366 -0.773033 0
    outer loop
      vertex 66.8889 1.66294 3.6
      vertex 66.5858 1.41421 -1.6
      vertex 66.8889 1.66294 -1.6
    endloop
  endfacet
  facet normal -0.881836 0.471556 0
    outer loop
      vertex 77.6629 -1.11114 -1.6
      vertex 77.8478 -0.765367 1.6
      vertex 77.8478 -0.765367 -1.6
    endloop
  endfacet
  facet normal -0.881836 0.471556 0
    outer loop
      vertex 77.8478 -0.765367 1.6
      vertex 77.6629 -1.11114 -1.6
      vertex 77.6629 -1.11114 1.6
    endloop
  endfacet
  facet normal 0.881836 -0.471556 0
    outer loop
      vertex 66.1522 0.765367 3.6
      vertex 66.3371 1.11114 -1.6
      vertex 66.3371 1.11114 3.6
    endloop
  endfacet
  facet normal 0.881836 -0.471556 0
    outer loop
      vertex 66.3371 1.11114 -1.6
      vertex 66.1522 0.765367 3.6
      vertex 66.1522 0.765367 -1.6
    endloop
  endfacet
  facet normal -0.634366 -0.773033 0
    outer loop
      vertex 77.1111 1.66294 -1.6
      vertex 77.4142 1.41421 1.6
      vertex 77.1111 1.66294 1.6
    endloop
  endfacet
  facet normal -0.634366 -0.773033 -0
    outer loop
      vertex 77.4142 1.41421 1.6
      vertex 77.1111 1.66294 -1.6
      vertex 77.4142 1.41421 -1.6
    endloop
  endfacet
  facet normal -0.773039 0.634358 0
    outer loop
      vertex 77.4142 -1.41421 -1.6
      vertex 77.6629 -1.11114 1.6
      vertex 77.6629 -1.11114 -1.6
    endloop
  endfacet
  facet normal -0.773039 0.634358 0
    outer loop
      vertex 77.6629 -1.11114 1.6
      vertex 77.4142 -1.41421 -1.6
      vertex 77.4142 -1.41421 1.6
    endloop
  endfacet
  facet normal 0.290271 -0.956944 0
    outer loop
      vertex 67.2346 1.84776 -1.6
      vertex 67.6098 1.96157 3.6
      vertex 67.2346 1.84776 3.6
    endloop
  endfacet
  facet normal 0.290271 -0.956944 0
    outer loop
      vertex 67.6098 1.96157 3.6
      vertex 67.2346 1.84776 -1.6
      vertex 67.6098 1.96157 -1.6
    endloop
  endfacet
  facet normal 0.956948 0.290258 0
    outer loop
      vertex 66.1522 -0.765367 3.6
      vertex 66.0384 -0.390181 -1.6
      vertex 66.0384 -0.390181 3.6
    endloop
  endfacet
  facet normal 0.956948 0.290258 0
    outer loop
      vertex 66.0384 -0.390181 -1.6
      vertex 66.1522 -0.765367 3.6
      vertex 66.1522 -0.765367 -1.6
    endloop
  endfacet
  facet normal -0.956948 0.290258 0
    outer loop
      vertex 77.8478 -0.765367 -1.6
      vertex 77.9616 -0.390181 1.6
      vertex 77.9616 -0.390181 -1.6
    endloop
  endfacet
  facet normal -0.956948 0.290258 0
    outer loop
      vertex 77.9616 -0.390181 1.6
      vertex 77.8478 -0.765367 -1.6
      vertex 77.8478 -0.765367 1.6
    endloop
  endfacet
  facet normal 0 0 -1
    outer loop
      vertex -3.5 -13.6683 3.6
      vertex -2.25 -12 3.6
      vertex -2.28363 -12.3414 3.6
    endloop
  endfacet
  facet normal 0 0 -1
    outer loop
      vertex 5.96157 -0.390181 3.6
      vertex 5.96157 0.390181 3.6
      vertex 6 0 3.6
    endloop
  endfacet
  facet normal 0 0 -1
    outer loop
      vertex 5.84776 -0.765367 3.6
      vertex 5.96157 0.390181 3.6
      vertex 5.96157 -0.390181 3.6
    endloop
  endfacet
  facet normal 0 0 -1
    outer loop
      vertex 5.84776 -0.765367 3.6
      vertex 5.84776 0.765367 3.6
      vertex 5.96157 0.390181 3.6
    endloop
  endfacet
  facet normal 0 0 -1
    outer loop
      vertex 5.66294 -1.11114 3.6
      vertex 5.84776 0.765367 3.6
      vertex 5.84776 -0.765367 3.6
    endloop
  endfacet
  facet normal 0 0 -1
    outer loop
      vertex 5.66294 -1.11114 3.6
      vertex 5.66294 1.11114 3.6
      vertex 5.84776 0.765367 3.6
    endloop
  endfacet
  facet normal 0 0 -1
    outer loop
      vertex 5.41421 -1.41421 3.6
      vertex 5.66294 1.11114 3.6
      vertex 5.66294 -1.11114 3.6
    endloop
  endfacet
  facet normal 0 0 -1
    outer loop
      vertex 5.41421 -1.41421 3.6
      vertex 5.41421 1.41421 3.6
      vertex 5.66294 1.11114 3.6
    endloop
  endfacet
  facet normal 0 0 -1
    outer loop
      vertex 5.11114 -1.66294 3.6
      vertex 5.41421 1.41421 3.6
      vertex 5.41421 -1.41421 3.6
    endloop
  endfacet
  facet normal 0 0 -1
    outer loop
      vertex 5.11114 -1.66294 3.6
      vertex 5.11114 1.66294 3.6
      vertex 5.41421 1.41421 3.6
    endloop
  endfacet
  facet normal 0 0 -1
    outer loop
      vertex 4.76537 -1.84776 3.6
      vertex 5.11114 1.66294 3.6
      vertex 5.11114 -1.66294 3.6
    endloop
  endfacet
  facet normal 0 0 -1
    outer loop
      vertex 4.76537 -1.84776 3.6
      vertex 4.76537 1.84776 3.6
      vertex 5.11114 1.66294 3.6
    endloop
  endfacet
  facet normal 0 0 -1
    outer loop
      vertex 4.39018 -1.96157 3.6
      vertex 4.76537 1.84776 3.6
      vertex 4.76537 -1.84776 3.6
    endloop
  endfacet
  facet normal 0 0 -1
    outer loop
      vertex 4.39018 -1.96157 3.6
      vertex 4.39018 1.96157 3.6
      vertex 4.76537 1.84776 3.6
    endloop
  endfacet
  facet normal 0 0 -1
    outer loop
      vertex 4 -2 3.6
      vertex 4.39018 1.96157 3.6
      vertex 4.39018 -1.96157 3.6
    endloop
  endfacet
  facet normal 0 0 -1
    outer loop
      vertex 4 -2 3.6
      vertex 4 2 3.6
      vertex 4.39018 1.96157 3.6
    endloop
  endfacet
  facet normal 0 0 -1
    outer loop
      vertex -2.25 -2 3.6
      vertex 4 2 3.6
      vertex 4 -2 3.6
    endloop
  endfacet
  facet normal 0 0 -1
    outer loop
      vertex -3.5 -13.6683 3.6
      vertex -2.28363 -12.3414 3.6
      vertex -2.38321 -12.6697 3.6
    endloop
  endfacet
  facet normal 0 0 -1
    outer loop
      vertex -3.5 -13.6683 3.6
      vertex -2.38321 -12.6697 3.6
      vertex -2.54493 -12.9722 3.6
    endloop
  endfacet
  facet normal 0 0 -1
    outer loop
      vertex -3.5 -13.6683 3.6
      vertex -2.54493 -12.9722 3.6
      vertex -2.76256 -13.2374 3.6
    endloop
  endfacet
  facet normal 0 0 -1
    outer loop
      vertex -3.5 -13.6683 3.6
      vertex -2.76256 -13.2374 3.6
      vertex -3.02775 -13.4551 3.6
    endloop
  endfacet
  facet normal 0 0 -1
    outer loop
      vertex -3.5 -13.6683 3.6
      vertex -3.02775 -13.4551 3.6
      vertex -3.3303 -13.6168 3.6
    endloop
  endfacet
  facet normal -0 0 -1
    outer loop
      vertex -2.25 -12 3.6
      vertex -3.5 -13.6683 3.6
      vertex -2.25 -2 3.6
    endloop
  endfacet
  facet normal 0 0 -1
    outer loop
      vertex -2.25 -2 3.6
      vertex -3.5 2 3.6
      vertex 4 2 3.6
    endloop
  endfacet
  facet normal 0 0 -1
    outer loop
      vertex -3.5 2 3.6
      vertex -2.25 -2 3.6
      vertex -3.5 -13.6683 3.6
    endloop
  endfacet
  facet normal 0.0980187 -0.995185 0
    outer loop
      vertex -4.39018 1.96157 -1.6
      vertex -4 2 1.6
      vertex -4.39018 1.96157 1.6
    endloop
  endfacet
  facet normal 0.0980187 -0.995185 0
    outer loop
      vertex -4 2 1.6
      vertex -4.39018 1.96157 -1.6
      vertex -4 2 -1.6
    endloop
  endfacet
  facet normal -0.471401 0.881919 0
    outer loop
      vertex 5.11114 -1.66294 -1.6
      vertex 4.76537 -1.84776 3.6
      vertex 5.11114 -1.66294 3.6
    endloop
  endfacet
  facet normal -0.471401 0.881919 0
    outer loop
      vertex 4.76537 -1.84776 3.6
      vertex 5.11114 -1.66294 -1.6
      vertex 4.76537 -1.84776 -1.6
    endloop
  endfacet
  facet normal -0.773002 0.634404 0
    outer loop
      vertex 5.41421 -1.41421 -1.6
      vertex 5.66294 -1.11114 3.6
      vertex 5.66294 -1.11114 -1.6
    endloop
  endfacet
  facet normal -0.773002 0.634404 0
    outer loop
      vertex 5.66294 -1.11114 3.6
      vertex 5.41421 -1.41421 -1.6
      vertex 5.41421 -1.41421 3.6
    endloop
  endfacet
  facet normal -0.773002 -0.634404 0
    outer loop
      vertex 5.66294 1.11114 -1.6
      vertex 5.41421 1.41421 3.6
      vertex 5.41421 1.41421 -1.6
    endloop
  endfacet
  facet normal -0.773002 -0.634404 0
    outer loop
      vertex 5.41421 1.41421 3.6
      vertex 5.66294 1.11114 -1.6
      vertex 5.66294 1.11114 3.6
    endloop
  endfacet
  facet normal 0.290279 -0.956942 0
    outer loop
      vertex -4.76537 1.84776 -1.6
      vertex -4.39018 1.96157 1.6
      vertex -4.76537 1.84776 1.6
    endloop
  endfacet
  facet normal 0.290279 -0.956942 0
    outer loop
      vertex -4.39018 1.96157 1.6
      vertex -4.76537 1.84776 -1.6
      vertex -4.39018 1.96157 -1.6
    endloop
  endfacet
  facet normal -0.881921 -0.471398 0
    outer loop
      vertex 5.84776 0.765367 -1.6
      vertex 5.66294 1.11114 3.6
      vertex 5.66294 1.11114 -1.6
    endloop
  endfacet
  facet normal -0.881921 -0.471398 0
    outer loop
      vertex 5.66294 1.11114 3.6
      vertex 5.84776 0.765367 -1.6
      vertex 5.84776 0.765367 3.6
    endloop
  endfacet
  facet normal 0.995185 -0.0980185 0
    outer loop
      vertex -6 0 1.6
      vertex -5.96157 0.390181 -1.6
      vertex -5.96157 0.390181 1.6
    endloop
  endfacet
  facet normal 0.995185 -0.0980185 0
    outer loop
      vertex -5.96157 0.390181 -1.6
      vertex -6 0 1.6
      vertex -6 0 -1.6
    endloop
  endfacet
  facet normal 0.881921 0.471398 0
    outer loop
      vertex -5.66294 -1.11114 1.6
      vertex -5.84776 -0.765367 -1.6
      vertex -5.84776 -0.765367 1.6
    endloop
  endfacet
  facet normal 0.881921 0.471398 0
    outer loop
      vertex -5.84776 -0.765367 -1.6
      vertex -5.66294 -1.11114 1.6
      vertex -5.66294 -1.11114 -1.6
    endloop
  endfacet
  facet normal -0.290279 0.956942 0
    outer loop
      vertex 4.76537 -1.84776 -1.6
      vertex 4.39018 -1.96157 3.6
      vertex 4.76537 -1.84776 3.6
    endloop
  endfacet
  facet normal -0.290279 0.956942 0
    outer loop
      vertex 4.39018 -1.96157 3.6
      vertex 4.76537 -1.84776 -1.6
      vertex 4.39018 -1.96157 -1.6
    endloop
  endfacet
  facet normal 0.773002 -0.634404 0
    outer loop
      vertex -5.66294 1.11114 1.6
      vertex -5.41421 1.41421 -1.6
      vertex -5.41421 1.41421 1.6
    endloop
  endfacet
  facet normal 0.773002 -0.634404 0
    outer loop
      vertex -5.41421 1.41421 -1.6
      vertex -5.66294 1.11114 1.6
      vertex -5.66294 1.11114 -1.6
    endloop
  endfacet
  facet normal 0 1 -0
    outer loop
      vertex 4 -2 -1.6
      vertex -2.25 -2 3.6
      vertex 4 -2 3.6
    endloop
  endfacet
  facet normal 0 1 0
    outer loop
      vertex -2.25 -2 3.6
      vertex 4 -2 -1.6
      vertex -2.25 -2 -1.6
    endloop
  endfacet
  facet normal 0 -1 0
    outer loop
      vertex -4 2 1.6
      vertex -4 2 -1.6
      vertex -3.5 2 1.6
    endloop
  endfacet
  facet normal 0 -1 0
    outer loop
      vertex -3.5 2 1.6
      vertex 4 2 3.6
      vertex -3.5 2 3.6
    endloop
  endfacet
  facet normal 0 -1 0
    outer loop
      vertex 4 2 -1.6
      vertex -3.5 2 1.6
      vertex -4 2 -1.6
    endloop
  endfacet
  facet normal 0 -1 0
    outer loop
      vertex -3.5 2 1.6
      vertex 4 2 -1.6
      vertex 4 2 3.6
    endloop
  endfacet
  facet normal -0.471401 -0.881919 0
    outer loop
      vertex 4.76537 1.84776 -1.6
      vertex 5.11114 1.66294 3.6
      vertex 4.76537 1.84776 3.6
    endloop
  endfacet
  facet normal -0.471401 -0.881919 -0
    outer loop
      vertex 5.11114 1.66294 3.6
      vertex 4.76537 1.84776 -1.6
      vertex 5.11114 1.66294 -1.6
    endloop
  endfacet
  facet normal -0.0980187 0.995185 0
    outer loop
      vertex 4.39018 -1.96157 -1.6
      vertex 4 -2 3.6
      vertex 4.39018 -1.96157 3.6
    endloop
  endfacet
  facet normal -0.0980187 0.995185 0
    outer loop
      vertex 4 -2 3.6
      vertex 4.39018 -1.96157 -1.6
      vertex 4 -2 -1.6
    endloop
  endfacet
  facet normal 0.773016 0.634386 0
    outer loop
      vertex -5.56405 -1.23164 1.6
      vertex -5.66294 -1.11114 -1.6
      vertex -5.66294 -1.11114 1.6
    endloop
  endfacet
  facet normal 0.773016 0.634386 0
    outer loop
      vertex -5.66294 -1.11114 -1.6
      vertex -5.56405 -1.23164 1.6
      vertex -5.56405 -1.23164 -1.6
    endloop
  endfacet
  facet normal 0.881921 -0.471398 0
    outer loop
      vertex -5.84776 0.765367 1.6
      vertex -5.66294 1.11114 -1.6
      vertex -5.66294 1.11114 1.6
    endloop
  endfacet
  facet normal 0.881921 -0.471398 0
    outer loop
      vertex -5.66294 1.11114 -1.6
      vertex -5.84776 0.765367 1.6
      vertex -5.84776 0.765367 -1.6
    endloop
  endfacet
  facet normal -0.0980187 -0.995185 0
    outer loop
      vertex 4 2 -1.6
      vertex 4.39018 1.96157 3.6
      vertex 4 2 3.6
    endloop
  endfacet
  facet normal -0.0980187 -0.995185 -0
    outer loop
      vertex 4.39018 1.96157 3.6
      vertex 4 2 -1.6
      vertex 4.39018 1.96157 -1.6
    endloop
  endfacet
  facet normal -0.634404 -0.773002 0
    outer loop
      vertex 5.11114 1.66294 -1.6
      vertex 5.41421 1.41421 3.6
      vertex 5.11114 1.66294 3.6
    endloop
  endfacet
  facet normal -0.634404 -0.773002 -0
    outer loop
      vertex 5.41421 1.41421 3.6
      vertex 5.11114 1.66294 -1.6
      vertex 5.41421 1.41421 -1.6
    endloop
  endfacet
  facet normal 0.956941 0.290281 0
    outer loop
      vertex -5.84776 -0.765367 1.6
      vertex -5.96157 -0.390181 -1.6
      vertex -5.96157 -0.390181 1.6
    endloop
  endfacet
  facet normal 0.956941 0.290281 0
    outer loop
      vertex -5.96157 -0.390181 -1.6
      vertex -5.84776 -0.765367 1.6
      vertex -5.84776 -0.765367 -1.6
    endloop
  endfacet
  facet normal -0.881921 0.471398 0
    outer loop
      vertex 5.66294 -1.11114 -1.6
      vertex 5.84776 -0.765367 3.6
      vertex 5.84776 -0.765367 -1.6
    endloop
  endfacet
  facet normal -0.881921 0.471398 0
    outer loop
      vertex 5.84776 -0.765367 3.6
      vertex 5.66294 -1.11114 -1.6
      vertex 5.66294 -1.11114 3.6
    endloop
  endfacet
  facet normal -0.290279 -0.956942 0
    outer loop
      vertex 4.39018 1.96157 -1.6
      vertex 4.76537 1.84776 3.6
      vertex 4.39018 1.96157 3.6
    endloop
  endfacet
  facet normal -0.290279 -0.956942 -0
    outer loop
      vertex 4.76537 1.84776 3.6
      vertex 4.39018 1.96157 -1.6
      vertex 4.76537 1.84776 -1.6
    endloop
  endfacet
  facet normal -0.995185 0.0980185 0
    outer loop
      vertex 5.96157 -0.390181 -1.6
      vertex 6 0 3.6
      vertex 6 0 -1.6
    endloop
  endfacet
  facet normal -0.995185 0.0980185 0
    outer loop
      vertex 6 0 3.6
      vertex 5.96157 -0.390181 -1.6
      vertex 5.96157 -0.390181 3.6
    endloop
  endfacet
  facet normal 0.471401 -0.881919 0
    outer loop
      vertex -5.11114 1.66294 -1.6
      vertex -4.76537 1.84776 1.6
      vertex -5.11114 1.66294 1.6
    endloop
  endfacet
  facet normal 0.471401 -0.881919 0
    outer loop
      vertex -4.76537 1.84776 1.6
      vertex -5.11114 1.66294 -1.6
      vertex -4.76537 1.84776 -1.6
    endloop
  endfacet
  facet normal -0.634404 0.773002 0
    outer loop
      vertex 5.41421 -1.41421 -1.6
      vertex 5.11114 -1.66294 3.6
      vertex 5.41421 -1.41421 3.6
    endloop
  endfacet
  facet normal -0.634404 0.773002 0
    outer loop
      vertex 5.11114 -1.66294 3.6
      vertex 5.41421 -1.41421 -1.6
      vertex 5.11114 -1.66294 -1.6
    endloop
  endfacet
  facet normal 0.634404 -0.773002 0
    outer loop
      vertex -5.41421 1.41421 -1.6
      vertex -5.11114 1.66294 1.6
      vertex -5.41421 1.41421 1.6
    endloop
  endfacet
  facet normal 0.634404 -0.773002 0
    outer loop
      vertex -5.11114 1.66294 1.6
      vertex -5.41421 1.41421 -1.6
      vertex -5.11114 1.66294 -1.6
    endloop
  endfacet
  facet normal -0.956941 -0.290281 0
    outer loop
      vertex 5.96157 0.390181 -1.6
      vertex 5.84776 0.765367 3.6
      vertex 5.84776 0.765367 -1.6
    endloop
  endfacet
  facet normal -0.956941 -0.290281 0
    outer loop
      vertex 5.84776 0.765367 3.6
      vertex 5.96157 0.390181 -1.6
      vertex 5.96157 0.390181 3.6
    endloop
  endfacet
  facet normal 0.956941 -0.290281 0
    outer loop
      vertex -5.96157 0.390181 1.6
      vertex -5.84776 0.765367 -1.6
      vertex -5.84776 0.765367 1.6
    endloop
  endfacet
  facet normal 0.956941 -0.290281 0
    outer loop
      vertex -5.84776 0.765367 -1.6
      vertex -5.96157 0.390181 1.6
      vertex -5.96157 0.390181 -1.6
    endloop
  endfacet
  facet normal -0.995185 -0.0980185 0
    outer loop
      vertex 6 0 -1.6
      vertex 5.96157 0.390181 3.6
      vertex 5.96157 0.390181 -1.6
    endloop
  endfacet
  facet normal -0.995185 -0.0980185 0
    outer loop
      vertex 5.96157 0.390181 3.6
      vertex 6 0 -1.6
      vertex 6 0 3.6
    endloop
  endfacet
  facet normal 0.995185 0.0980185 0
    outer loop
      vertex -5.96157 -0.390181 1.6
      vertex -6 0 -1.6
      vertex -6 0 1.6
    endloop
  endfacet
  facet normal 0.995185 0.0980185 0
    outer loop
      vertex -6 0 -1.6
      vertex -5.96157 -0.390181 1.6
      vertex -5.96157 -0.390181 -1.6
    endloop
  endfacet
  facet normal -0.956941 0.290281 0
    outer loop
      vertex 5.84776 -0.765367 -1.6
      vertex 5.96157 -0.390181 3.6
      vertex 5.96157 -0.390181 -1.6
    endloop
  endfacet
  facet normal -0.956941 0.290281 0
    outer loop
      vertex 5.96157 -0.390181 3.6
      vertex 5.84776 -0.765367 -1.6
      vertex 5.84776 -0.765367 3.6
    endloop
  endfacet
  facet normal 0 -1 0
    outer loop
      vertex -22 -26 -1.6
      vertex -14 -26 3.6
      vertex -22 -26 3.6
    endloop
  endfacet
  facet normal 0 -1 -0
    outer loop
      vertex -14 -26 3.6
      vertex -22 -26 -1.6
      vertex -14 -26 -1.6
    endloop
  endfacet
  facet normal -0.995193 -0.097938 0
    outer loop
      vertex -12 -28 -1.6
      vertex -12.0384 -27.6098 3.6
      vertex -12.0384 -27.6098 -1.6
    endloop
  endfacet
  facet normal -0.995193 -0.097938 0
    outer loop
      vertex -12.0384 -27.6098 3.6
      vertex -12 -28 -1.6
      vertex -12 -28 3.6
    endloop
  endfacet
  facet normal -0.956951 0.290248 0
    outer loop
      vertex -12.1522 -28.7654 -1.6
      vertex -12.0384 -28.3902 3.6
      vertex -12.0384 -28.3902 -1.6
    endloop
  endfacet
  facet normal -0.956951 0.290248 0
    outer loop
      vertex -12.0384 -28.3902 3.6
      vertex -12.1522 -28.7654 -1.6
      vertex -12.1522 -28.7654 3.6
    endloop
  endfacet
  facet normal -0.097938 -0.995193 0
    outer loop
      vertex -14 -26 -1.6
      vertex -13.6098 -26.0384 3.6
      vertex -14 -26 3.6
    endloop
  endfacet
  facet normal -0.097938 -0.995193 -0
    outer loop
      vertex -13.6098 -26.0384 3.6
      vertex -14 -26 -1.6
      vertex -13.6098 -26.0384 -1.6
    endloop
  endfacet
  facet normal -0.471634 -0.881795 0
    outer loop
      vertex -13.2346 -26.1522 -1.6
      vertex -12.8889 -26.3371 3.6
      vertex -13.2346 -26.1522 3.6
    endloop
  endfacet
  facet normal -0.471634 -0.881795 -0
    outer loop
      vertex -12.8889 -26.3371 3.6
      vertex -13.2346 -26.1522 -1.6
      vertex -12.8889 -26.3371 -1.6
    endloop
  endfacet
  facet normal 0.097938 0.995193 -0
    outer loop
      vertex -22 -30 -1.6
      vertex -22.3902 -29.9616 3.6
      vertex -22 -30 3.6
    endloop
  endfacet
  facet normal 0.097938 0.995193 0
    outer loop
      vertex -22.3902 -29.9616 3.6
      vertex -22 -30 -1.6
      vertex -22.3902 -29.9616 -1.6
    endloop
  endfacet
  facet normal 0 1 -0
    outer loop
      vertex -14 -30 -1.6
      vertex -22 -30 3.6
      vertex -14 -30 3.6
    endloop
  endfacet
  facet normal 0 1 0
    outer loop
      vertex -22 -30 3.6
      vertex -14 -30 -1.6
      vertex -22 -30 -1.6
    endloop
  endfacet
  facet normal -0.881795 -0.471634 0
    outer loop
      vertex -12.1522 -27.2346 -1.6
      vertex -12.3371 -26.8889 3.6
      vertex -12.3371 -26.8889 -1.6
    endloop
  endfacet
  facet normal -0.881795 -0.471634 0
    outer loop
      vertex -12.3371 -26.8889 3.6
      vertex -12.1522 -27.2346 -1.6
      vertex -12.1522 -27.2346 3.6
    endloop
  endfacet
  facet normal 0.881795 -0.471634 0
    outer loop
      vertex -23.8478 -27.2346 3.6
      vertex -23.6629 -26.8889 -1.6
      vertex -23.6629 -26.8889 3.6
    endloop
  endfacet
  facet normal 0.881795 -0.471634 0
    outer loop
      vertex -23.6629 -26.8889 -1.6
      vertex -23.8478 -27.2346 3.6
      vertex -23.8478 -27.2346 -1.6
    endloop
  endfacet
  facet normal -0.097938 0.995193 0
    outer loop
      vertex -13.6098 -29.9616 -1.6
      vertex -14 -30 3.6
      vertex -13.6098 -29.9616 3.6
    endloop
  endfacet
  facet normal -0.097938 0.995193 0
    outer loop
      vertex -14 -30 3.6
      vertex -13.6098 -29.9616 -1.6
      vertex -14 -30 -1.6
    endloop
  endfacet
  facet normal 0.77307 0.634321 0
    outer loop
      vertex -23.4142 -29.4142 3.6
      vertex -23.6629 -29.1111 -1.6
      vertex -23.6629 -29.1111 3.6
    endloop
  endfacet
  facet normal 0.77307 0.634321 0
    outer loop
      vertex -23.6629 -29.1111 -1.6
      vertex -23.4142 -29.4142 3.6
      vertex -23.4142 -29.4142 -1.6
    endloop
  endfacet
  facet normal 0.634321 0.77307 -0
    outer loop
      vertex -23.1111 -29.6629 -1.6
      vertex -23.4142 -29.4142 3.6
      vertex -23.1111 -29.6629 3.6
    endloop
  endfacet
  facet normal 0.634321 0.77307 0
    outer loop
      vertex -23.4142 -29.4142 3.6
      vertex -23.1111 -29.6629 -1.6
      vertex -23.4142 -29.4142 -1.6
    endloop
  endfacet
  facet normal 0.995193 -0.097938 0
    outer loop
      vertex -24 -28 3.6
      vertex -23.9616 -27.6098 -1.6
      vertex -23.9616 -27.6098 3.6
    endloop
  endfacet
  facet normal 0.995193 -0.097938 0
    outer loop
      vertex -23.9616 -27.6098 -1.6
      vertex -24 -28 3.6
      vertex -24 -28 -1.6
    endloop
  endfacet
  facet normal 0.471634 0.881795 -0
    outer loop
      vertex -22.7654 -29.8478 -1.6
      vertex -23.1111 -29.6629 3.6
      vertex -22.7654 -29.8478 3.6
    endloop
  endfacet
  facet normal 0.471634 0.881795 0
    outer loop
      vertex -23.1111 -29.6629 3.6
      vertex -22.7654 -29.8478 -1.6
      vertex -23.1111 -29.6629 -1.6
    endloop
  endfacet
  facet normal 0.471634 -0.881795 0
    outer loop
      vertex -23.1111 -26.3371 -1.6
      vertex -22.7654 -26.1522 3.6
      vertex -23.1111 -26.3371 3.6
    endloop
  endfacet
  facet normal 0.471634 -0.881795 0
    outer loop
      vertex -22.7654 -26.1522 3.6
      vertex -23.1111 -26.3371 -1.6
      vertex -22.7654 -26.1522 -1.6
    endloop
  endfacet
  facet normal 0.097938 -0.995193 0
    outer loop
      vertex -22.3902 -26.0384 -1.6
      vertex -22 -26 3.6
      vertex -22.3902 -26.0384 3.6
    endloop
  endfacet
  facet normal 0.097938 -0.995193 0
    outer loop
      vertex -22 -26 3.6
      vertex -22.3902 -26.0384 -1.6
      vertex -22 -26 -1.6
    endloop
  endfacet
  facet normal -0.881795 0.471634 0
    outer loop
      vertex -12.3371 -29.1111 -1.6
      vertex -12.1522 -28.7654 3.6
      vertex -12.1522 -28.7654 -1.6
    endloop
  endfacet
  facet normal -0.881795 0.471634 0
    outer loop
      vertex -12.1522 -28.7654 3.6
      vertex -12.3371 -29.1111 -1.6
      vertex -12.3371 -29.1111 3.6
    endloop
  endfacet
  facet normal 0.881795 0.471634 0
    outer loop
      vertex -23.6629 -29.1111 3.6
      vertex -23.8478 -28.7654 -1.6
      vertex -23.8478 -28.7654 3.6
    endloop
  endfacet
  facet normal 0.881795 0.471634 0
    outer loop
      vertex -23.8478 -28.7654 -1.6
      vertex -23.6629 -29.1111 3.6
      vertex -23.6629 -29.1111 -1.6
    endloop
  endfacet
  facet normal 0.290248 0.956951 -0
    outer loop
      vertex -22.3902 -29.9616 -1.6
      vertex -22.7654 -29.8478 3.6
      vertex -22.3902 -29.9616 3.6
    endloop
  endfacet
  facet normal 0.290248 0.956951 0
    outer loop
      vertex -22.7654 -29.8478 3.6
      vertex -22.3902 -29.9616 -1.6
      vertex -22.7654 -29.8478 -1.6
    endloop
  endfacet
  facet normal 0.956951 0.290248 0
    outer loop
      vertex -23.8478 -28.7654 3.6
      vertex -23.9616 -28.3902 -1.6
      vertex -23.9616 -28.3902 3.6
    endloop
  endfacet
  facet normal 0.956951 0.290248 0
    outer loop
      vertex -23.9616 -28.3902 -1.6
      vertex -23.8478 -28.7654 3.6
      vertex -23.8478 -28.7654 -1.6
    endloop
  endfacet
  facet normal -0.995193 0.097938 0
    outer loop
      vertex -12.0384 -28.3902 -1.6
      vertex -12 -28 3.6
      vertex -12 -28 -1.6
    endloop
  endfacet
  facet normal -0.995193 0.097938 0
    outer loop
      vertex -12 -28 3.6
      vertex -12.0384 -28.3902 -1.6
      vertex -12.0384 -28.3902 3.6
    endloop
  endfacet
  facet normal -0.290248 -0.956951 0
    outer loop
      vertex -13.6098 -26.0384 -1.6
      vertex -13.2346 -26.1522 3.6
      vertex -13.6098 -26.0384 3.6
    endloop
  endfacet
  facet normal -0.290248 -0.956951 -0
    outer loop
      vertex -13.2346 -26.1522 3.6
      vertex -13.6098 -26.0384 -1.6
      vertex -13.2346 -26.1522 -1.6
    endloop
  endfacet
  facet normal -0.634321 0.77307 0
    outer loop
      vertex -12.5858 -29.4142 -1.6
      vertex -12.8889 -29.6629 3.6
      vertex -12.5858 -29.4142 3.6
    endloop
  endfacet
  facet normal -0.634321 0.77307 0
    outer loop
      vertex -12.8889 -29.6629 3.6
      vertex -12.5858 -29.4142 -1.6
      vertex -12.8889 -29.6629 -1.6
    endloop
  endfacet
  facet normal -0.471634 0.881795 0
    outer loop
      vertex -12.8889 -29.6629 -1.6
      vertex -13.2346 -29.8478 3.6
      vertex -12.8889 -29.6629 3.6
    endloop
  endfacet
  facet normal -0.471634 0.881795 0
    outer loop
      vertex -13.2346 -29.8478 3.6
      vertex -12.8889 -29.6629 -1.6
      vertex -13.2346 -29.8478 -1.6
    endloop
  endfacet
  facet normal 0 0 -1
    outer loop
      vertex -12.0384 -28.3902 3.6
      vertex -12.0384 -27.6098 3.6
      vertex -12 -28 3.6
    endloop
  endfacet
  facet normal 0 0 -1
    outer loop
      vertex -12.1522 -28.7654 3.6
      vertex -12.0384 -27.6098 3.6
      vertex -12.0384 -28.3902 3.6
    endloop
  endfacet
  facet normal 0 0 -1
    outer loop
      vertex -12.1522 -28.7654 3.6
      vertex -12.1522 -27.2346 3.6
      vertex -12.0384 -27.6098 3.6
    endloop
  endfacet
  facet normal 0 0 -1
    outer loop
      vertex -12.3371 -29.1111 3.6
      vertex -12.1522 -27.2346 3.6
      vertex -12.1522 -28.7654 3.6
    endloop
  endfacet
  facet normal 0 0 -1
    outer loop
      vertex -12.3371 -29.1111 3.6
      vertex -12.3371 -26.8889 3.6
      vertex -12.1522 -27.2346 3.6
    endloop
  endfacet
  facet normal 0 0 -1
    outer loop
      vertex -12.5858 -29.4142 3.6
      vertex -12.3371 -26.8889 3.6
      vertex -12.3371 -29.1111 3.6
    endloop
  endfacet
  facet normal 0 0 -1
    outer loop
      vertex -12.5858 -29.4142 3.6
      vertex -12.5858 -26.5858 3.6
      vertex -12.3371 -26.8889 3.6
    endloop
  endfacet
  facet normal 0 0 -1
    outer loop
      vertex -12.8889 -29.6629 3.6
      vertex -12.5858 -26.5858 3.6
      vertex -12.5858 -29.4142 3.6
    endloop
  endfacet
  facet normal 0 0 -1
    outer loop
      vertex -12.8889 -29.6629 3.6
      vertex -12.8889 -26.3371 3.6
      vertex -12.5858 -26.5858 3.6
    endloop
  endfacet
  facet normal 0 0 -1
    outer loop
      vertex -13.2346 -29.8478 3.6
      vertex -12.8889 -26.3371 3.6
      vertex -12.8889 -29.6629 3.6
    endloop
  endfacet
  facet normal 0 0 -1
    outer loop
      vertex -13.2346 -29.8478 3.6
      vertex -13.2346 -26.1522 3.6
      vertex -12.8889 -26.3371 3.6
    endloop
  endfacet
  facet normal 0 0 -1
    outer loop
      vertex -13.6098 -29.9616 3.6
      vertex -13.2346 -26.1522 3.6
      vertex -13.2346 -29.8478 3.6
    endloop
  endfacet
  facet normal 0 0 -1
    outer loop
      vertex -13.6098 -29.9616 3.6
      vertex -13.6098 -26.0384 3.6
      vertex -13.2346 -26.1522 3.6
    endloop
  endfacet
  facet normal 0 0 -1
    outer loop
      vertex -14 -30 3.6
      vertex -13.6098 -26.0384 3.6
      vertex -13.6098 -29.9616 3.6
    endloop
  endfacet
  facet normal 0 0 -1
    outer loop
      vertex -14 -30 3.6
      vertex -14 -26 3.6
      vertex -13.6098 -26.0384 3.6
    endloop
  endfacet
  facet normal 0 0 -1
    outer loop
      vertex -22 -30 3.6
      vertex -14 -26 3.6
      vertex -14 -30 3.6
    endloop
  endfacet
  facet normal 0 0 -1
    outer loop
      vertex -22 -30 3.6
      vertex -22 -26 3.6
      vertex -14 -26 3.6
    endloop
  endfacet
  facet normal 0 0 -1
    outer loop
      vertex -22.3902 -29.9616 3.6
      vertex -22 -26 3.6
      vertex -22 -30 3.6
    endloop
  endfacet
  facet normal 0 0 -1
    outer loop
      vertex -22.3902 -29.9616 3.6
      vertex -22.3902 -26.0384 3.6
      vertex -22 -26 3.6
    endloop
  endfacet
  facet normal 0 0 -1
    outer loop
      vertex -22.7654 -29.8478 3.6
      vertex -22.3902 -26.0384 3.6
      vertex -22.3902 -29.9616 3.6
    endloop
  endfacet
  facet normal 0 0 -1
    outer loop
      vertex -22.7654 -29.8478 3.6
      vertex -22.7654 -26.1522 3.6
      vertex -22.3902 -26.0384 3.6
    endloop
  endfacet
  facet normal 0 0 -1
    outer loop
      vertex -23.1111 -29.6629 3.6
      vertex -22.7654 -26.1522 3.6
      vertex -22.7654 -29.8478 3.6
    endloop
  endfacet
  facet normal 0 0 -1
    outer loop
      vertex -23.1111 -29.6629 3.6
      vertex -23.1111 -26.3371 3.6
      vertex -22.7654 -26.1522 3.6
    endloop
  endfacet
  facet normal 0 0 -1
    outer loop
      vertex -23.4142 -29.4142 3.6
      vertex -23.1111 -26.3371 3.6
      vertex -23.1111 -29.6629 3.6
    endloop
  endfacet
  facet normal 0 0 -1
    outer loop
      vertex -23.4142 -29.4142 3.6
      vertex -23.4142 -26.5858 3.6
      vertex -23.1111 -26.3371 3.6
    endloop
  endfacet
  facet normal 0 0 -1
    outer loop
      vertex -23.6629 -29.1111 3.6
      vertex -23.4142 -26.5858 3.6
      vertex -23.4142 -29.4142 3.6
    endloop
  endfacet
  facet normal 0 0 -1
    outer loop
      vertex -23.6629 -29.1111 3.6
      vertex -23.6629 -26.8889 3.6
      vertex -23.4142 -26.5858 3.6
    endloop
  endfacet
  facet normal 0 0 -1
    outer loop
      vertex -23.8478 -28.7654 3.6
      vertex -23.6629 -26.8889 3.6
      vertex -23.6629 -29.1111 3.6
    endloop
  endfacet
  facet normal 0 0 -1
    outer loop
      vertex -23.8478 -28.7654 3.6
      vertex -23.8478 -27.2346 3.6
      vertex -23.6629 -26.8889 3.6
    endloop
  endfacet
  facet normal 0 0 -1
    outer loop
      vertex -23.9616 -28.3902 3.6
      vertex -23.8478 -27.2346 3.6
      vertex -23.8478 -28.7654 3.6
    endloop
  endfacet
  facet normal 0 0 -1
    outer loop
      vertex -23.9616 -28.3902 3.6
      vertex -23.9616 -27.6098 3.6
      vertex -23.8478 -27.2346 3.6
    endloop
  endfacet
  facet normal 0 -0 -1
    outer loop
      vertex -23.9616 -27.6098 3.6
      vertex -23.9616 -28.3902 3.6
      vertex -24 -28 3.6
    endloop
  endfacet
  facet normal 0.995193 0.097938 0
    outer loop
      vertex -23.9616 -28.3902 3.6
      vertex -24 -28 -1.6
      vertex -24 -28 3.6
    endloop
  endfacet
  facet normal 0.995193 0.097938 0
    outer loop
      vertex -24 -28 -1.6
      vertex -23.9616 -28.3902 3.6
      vertex -23.9616 -28.3902 -1.6
    endloop
  endfacet
  facet normal 0.77307 -0.634321 0
    outer loop
      vertex -23.6629 -26.8889 3.6
      vertex -23.4142 -26.5858 -1.6
      vertex -23.4142 -26.5858 3.6
    endloop
  endfacet
  facet normal 0.77307 -0.634321 0
    outer loop
      vertex -23.4142 -26.5858 -1.6
      vertex -23.6629 -26.8889 3.6
      vertex -23.6629 -26.8889 -1.6
    endloop
  endfacet
  facet normal -0.290248 0.956951 0
    outer loop
      vertex -13.2346 -29.8478 -1.6
      vertex -13.6098 -29.9616 3.6
      vertex -13.2346 -29.8478 3.6
    endloop
  endfacet
  facet normal -0.290248 0.956951 0
    outer loop
      vertex -13.6098 -29.9616 3.6
      vertex -13.2346 -29.8478 -1.6
      vertex -13.6098 -29.9616 -1.6
    endloop
  endfacet
  facet normal -0.77307 0.634321 0
    outer loop
      vertex -12.5858 -29.4142 -1.6
      vertex -12.3371 -29.1111 3.6
      vertex -12.3371 -29.1111 -1.6
    endloop
  endfacet
  facet normal -0.77307 0.634321 0
    outer loop
      vertex -12.3371 -29.1111 3.6
      vertex -12.5858 -29.4142 -1.6
      vertex -12.5858 -29.4142 3.6
    endloop
  endfacet
  facet normal -0.77307 -0.634321 0
    outer loop
      vertex -12.3371 -26.8889 -1.6
      vertex -12.5858 -26.5858 3.6
      vertex -12.5858 -26.5858 -1.6
    endloop
  endfacet
  facet normal -0.77307 -0.634321 0
    outer loop
      vertex -12.5858 -26.5858 3.6
      vertex -12.3371 -26.8889 -1.6
      vertex -12.3371 -26.8889 3.6
    endloop
  endfacet
  facet normal -0.956951 -0.290248 0
    outer loop
      vertex -12.0384 -27.6098 -1.6
      vertex -12.1522 -27.2346 3.6
      vertex -12.1522 -27.2346 -1.6
    endloop
  endfacet
  facet normal -0.956951 -0.290248 0
    outer loop
      vertex -12.1522 -27.2346 3.6
      vertex -12.0384 -27.6098 -1.6
      vertex -12.0384 -27.6098 3.6
    endloop
  endfacet
  facet normal 0.634321 -0.77307 0
    outer loop
      vertex -23.4142 -26.5858 -1.6
      vertex -23.1111 -26.3371 3.6
      vertex -23.4142 -26.5858 3.6
    endloop
  endfacet
  facet normal 0.634321 -0.77307 0
    outer loop
      vertex -23.1111 -26.3371 3.6
      vertex -23.4142 -26.5858 -1.6
      vertex -23.1111 -26.3371 -1.6
    endloop
  endfacet
  facet normal -0.634321 -0.77307 0
    outer loop
      vertex -12.8889 -26.3371 -1.6
      vertex -12.5858 -26.5858 3.6
      vertex -12.8889 -26.3371 3.6
    endloop
  endfacet
  facet normal -0.634321 -0.77307 -0
    outer loop
      vertex -12.5858 -26.5858 3.6
      vertex -12.8889 -26.3371 -1.6
      vertex -12.5858 -26.5858 -1.6
    endloop
  endfacet
  facet normal 0.956951 -0.290248 0
    outer loop
      vertex -23.9616 -27.6098 3.6
      vertex -23.8478 -27.2346 -1.6
      vertex -23.8478 -27.2346 3.6
    endloop
  endfacet
  facet normal 0.956951 -0.290248 0
    outer loop
      vertex -23.8478 -27.2346 -1.6
      vertex -23.9616 -27.6098 3.6
      vertex -23.9616 -27.6098 -1.6
    endloop
  endfacet
  facet normal 0.290248 -0.956951 0
    outer loop
      vertex -22.7654 -26.1522 -1.6
      vertex -22.3902 -26.0384 3.6
      vertex -22.7654 -26.1522 3.6
    endloop
  endfacet
  facet normal 0.290248 -0.956951 0
    outer loop
      vertex -22.3902 -26.0384 3.6
      vertex -22.7654 -26.1522 -1.6
      vertex -22.3902 -26.0384 -1.6
    endloop
  endfacet
  facet normal 0 -1 0
    outer loop
      vertex -87 -16 1.6
      vertex -87 -16 -1.6
      vertex -83 -16 1.6
    endloop
  endfacet
  facet normal 0 -1 0
    outer loop
      vertex -83 -16 1.6
      vertex -79 -16 3.6
      vertex -83 -16 3.6
    endloop
  endfacet
  facet normal 0 -1 0
    outer loop
      vertex -79 -16 -1.6
      vertex -83 -16 1.6
      vertex -87 -16 -1.6
    endloop
  endfacet
  facet normal 0 -1 0
    outer loop
      vertex -83 -16 1.6
      vertex -79 -16 -1.6
      vertex -79 -16 3.6
    endloop
  endfacet
  facet normal -0.995193 -0.097938 0
    outer loop
      vertex -77 -18 -1.6
      vertex -77.0384 -17.6098 3.6
      vertex -77.0384 -17.6098 -1.6
    endloop
  endfacet
  facet normal -0.995193 -0.097938 0
    outer loop
      vertex -77.0384 -17.6098 3.6
      vertex -77 -18 -1.6
      vertex -77 -18 3.6
    endloop
  endfacet
  facet normal -0.956951 0.290248 0
    outer loop
      vertex -77.1522 -18.7654 -1.6
      vertex -77.0384 -18.3902 3.6
      vertex -77.0384 -18.3902 -1.6
    endloop
  endfacet
  facet normal -0.956951 0.290248 0
    outer loop
      vertex -77.0384 -18.3902 3.6
      vertex -77.1522 -18.7654 -1.6
      vertex -77.1522 -18.7654 3.6
    endloop
  endfacet
  facet normal -0.097938 -0.995193 0
    outer loop
      vertex -79 -16 -1.6
      vertex -78.6098 -16.0384 3.6
      vertex -79 -16 3.6
    endloop
  endfacet
  facet normal -0.097938 -0.995193 -0
    outer loop
      vertex -78.6098 -16.0384 3.6
      vertex -79 -16 -1.6
      vertex -78.6098 -16.0384 -1.6
    endloop
  endfacet
  facet normal -0.471634 -0.881795 0
    outer loop
      vertex -78.2346 -16.1522 -1.6
      vertex -77.8889 -16.3371 3.6
      vertex -78.2346 -16.1522 3.6
    endloop
  endfacet
  facet normal -0.471634 -0.881795 -0
    outer loop
      vertex -77.8889 -16.3371 3.6
      vertex -78.2346 -16.1522 -1.6
      vertex -77.8889 -16.3371 -1.6
    endloop
  endfacet
  facet normal 0.097938 0.995193 -0
    outer loop
      vertex -87 -20 -1.6
      vertex -87.3902 -19.9616 1.6
      vertex -87 -20 1.6
    endloop
  endfacet
  facet normal 0.097938 0.995193 0
    outer loop
      vertex -87.3902 -19.9616 1.6
      vertex -87 -20 -1.6
      vertex -87.3902 -19.9616 -1.6
    endloop
  endfacet
  facet normal 0 1 0
    outer loop
      vertex -79 -20 3.6
      vertex -83 -20 1.6
      vertex -83 -20 3.6
    endloop
  endfacet
  facet normal 0 1 -0
    outer loop
      vertex -79 -20 -1.6
      vertex -83 -20 1.6
      vertex -79 -20 3.6
    endloop
  endfacet
  facet normal 0 1 0
    outer loop
      vertex -87 -20 -1.6
      vertex -83 -20 1.6
      vertex -79 -20 -1.6
    endloop
  endfacet
  facet normal 0 1 0
    outer loop
      vertex -83 -20 1.6
      vertex -87 -20 -1.6
      vertex -87 -20 1.6
    endloop
  endfacet
  facet normal -0.881795 -0.471634 0
    outer loop
      vertex -77.1522 -17.2346 -1.6
      vertex -77.3371 -16.8889 3.6
      vertex -77.3371 -16.8889 -1.6
    endloop
  endfacet
  facet normal -0.881795 -0.471634 0
    outer loop
      vertex -77.3371 -16.8889 3.6
      vertex -77.1522 -17.2346 -1.6
      vertex -77.1522 -17.2346 3.6
    endloop
  endfacet
  facet normal 0.881795 -0.471634 0
    outer loop
      vertex -88.8478 -17.2346 1.6
      vertex -88.6629 -16.8889 -1.6
      vertex -88.6629 -16.8889 1.6
    endloop
  endfacet
  facet normal 0.881795 -0.471634 0
    outer loop
      vertex -88.6629 -16.8889 -1.6
      vertex -88.8478 -17.2346 1.6
      vertex -88.8478 -17.2346 -1.6
    endloop
  endfacet
  facet normal -0.097938 0.995193 0
    outer loop
      vertex -78.6098 -19.9616 -1.6
      vertex -79 -20 3.6
      vertex -78.6098 -19.9616 3.6
    endloop
  endfacet
  facet normal -0.097938 0.995193 0
    outer loop
      vertex -79 -20 3.6
      vertex -78.6098 -19.9616 -1.6
      vertex -79 -20 -1.6
    endloop
  endfacet
  facet normal 0.77307 0.634321 0
    outer loop
      vertex -88.4142 -19.4142 1.6
      vertex -88.6629 -19.1111 -1.6
      vertex -88.6629 -19.1111 1.6
    endloop
  endfacet
  facet normal 0.77307 0.634321 0
    outer loop
      vertex -88.6629 -19.1111 -1.6
      vertex -88.4142 -19.4142 1.6
      vertex -88.4142 -19.4142 -1.6
    endloop
  endfacet
  facet normal 0.634321 0.77307 -0
    outer loop
      vertex -88.1111 -19.6629 -1.6
      vertex -88.4142 -19.4142 1.6
      vertex -88.1111 -19.6629 1.6
    endloop
  endfacet
  facet normal 0.634321 0.77307 0
    outer loop
      vertex -88.4142 -19.4142 1.6
      vertex -88.1111 -19.6629 -1.6
      vertex -88.4142 -19.4142 -1.6
    endloop
  endfacet
  facet normal 0.995193 -0.097938 0
    outer loop
      vertex -89 -18 1.6
      vertex -88.9616 -17.6098 -1.6
      vertex -88.9616 -17.6098 1.6
    endloop
  endfacet
  facet normal 0.995193 -0.097938 0
    outer loop
      vertex -88.9616 -17.6098 -1.6
      vertex -89 -18 1.6
      vertex -89 -18 -1.6
    endloop
  endfacet
  facet normal 0.471634 0.881795 -0
    outer loop
      vertex -87.7654 -19.8478 -1.6
      vertex -88.1111 -19.6629 1.6
      vertex -87.7654 -19.8478 1.6
    endloop
  endfacet
  facet normal 0.471634 0.881795 0
    outer loop
      vertex -88.1111 -19.6629 1.6
      vertex -87.7654 -19.8478 -1.6
      vertex -88.1111 -19.6629 -1.6
    endloop
  endfacet
  facet normal 0.471634 -0.881795 0
    outer loop
      vertex -88.1111 -16.3371 -1.6
      vertex -87.7654 -16.1522 1.6
      vertex -88.1111 -16.3371 1.6
    endloop
  endfacet
  facet normal 0.471634 -0.881795 0
    outer loop
      vertex -87.7654 -16.1522 1.6
      vertex -88.1111 -16.3371 -1.6
      vertex -87.7654 -16.1522 -1.6
    endloop
  endfacet
  facet normal 0.097938 -0.995193 0
    outer loop
      vertex -87.3902 -16.0384 -1.6
      vertex -87 -16 1.6
      vertex -87.3902 -16.0384 1.6
    endloop
  endfacet
  facet normal 0.097938 -0.995193 0
    outer loop
      vertex -87 -16 1.6
      vertex -87.3902 -16.0384 -1.6
      vertex -87 -16 -1.6
    endloop
  endfacet
  facet normal -0.881795 0.471634 0
    outer loop
      vertex -77.3371 -19.1111 -1.6
      vertex -77.1522 -18.7654 3.6
      vertex -77.1522 -18.7654 -1.6
    endloop
  endfacet
  facet normal -0.881795 0.471634 0
    outer loop
      vertex -77.1522 -18.7654 3.6
      vertex -77.3371 -19.1111 -1.6
      vertex -77.3371 -19.1111 3.6
    endloop
  endfacet
  facet normal 0.881795 0.471634 0
    outer loop
      vertex -88.6629 -19.1111 1.6
      vertex -88.8478 -18.7654 -1.6
      vertex -88.8478 -18.7654 1.6
    endloop
  endfacet
  facet normal 0.881795 0.471634 0
    outer loop
      vertex -88.8478 -18.7654 -1.6
      vertex -88.6629 -19.1111 1.6
      vertex -88.6629 -19.1111 -1.6
    endloop
  endfacet
  facet normal 0.290248 0.956951 -0
    outer loop
      vertex -87.3902 -19.9616 -1.6
      vertex -87.7654 -19.8478 1.6
      vertex -87.3902 -19.9616 1.6
    endloop
  endfacet
  facet normal 0.290248 0.956951 0
    outer loop
      vertex -87.7654 -19.8478 1.6
      vertex -87.3902 -19.9616 -1.6
      vertex -87.7654 -19.8478 -1.6
    endloop
  endfacet
  facet normal 0.956951 0.290248 0
    outer loop
      vertex -88.8478 -18.7654 1.6
      vertex -88.9616 -18.3902 -1.6
      vertex -88.9616 -18.3902 1.6
    endloop
  endfacet
  facet normal 0.956951 0.290248 0
    outer loop
      vertex -88.9616 -18.3902 -1.6
      vertex -88.8478 -18.7654 1.6
      vertex -88.8478 -18.7654 -1.6
    endloop
  endfacet
  facet normal -0.995193 0.097938 0
    outer loop
      vertex -77.0384 -18.3902 -1.6
      vertex -77 -18 3.6
      vertex -77 -18 -1.6
    endloop
  endfacet
  facet normal -0.995193 0.097938 0
    outer loop
      vertex -77 -18 3.6
      vertex -77.0384 -18.3902 -1.6
      vertex -77.0384 -18.3902 3.6
    endloop
  endfacet
  facet normal -0.290248 -0.956951 0
    outer loop
      vertex -78.6098 -16.0384 -1.6
      vertex -78.2346 -16.1522 3.6
      vertex -78.6098 -16.0384 3.6
    endloop
  endfacet
  facet normal -0.290248 -0.956951 -0
    outer loop
      vertex -78.2346 -16.1522 3.6
      vertex -78.6098 -16.0384 -1.6
      vertex -78.2346 -16.1522 -1.6
    endloop
  endfacet
  facet normal -0.634321 0.77307 0
    outer loop
      vertex -77.5858 -19.4142 -1.6
      vertex -77.8889 -19.6629 3.6
      vertex -77.5858 -19.4142 3.6
    endloop
  endfacet
  facet normal -0.634321 0.77307 0
    outer loop
      vertex -77.8889 -19.6629 3.6
      vertex -77.5858 -19.4142 -1.6
      vertex -77.8889 -19.6629 -1.6
    endloop
  endfacet
  facet normal -0.471634 0.881795 0
    outer loop
      vertex -77.8889 -19.6629 -1.6
      vertex -78.2346 -19.8478 3.6
      vertex -77.8889 -19.6629 3.6
    endloop
  endfacet
  facet normal -0.471634 0.881795 0
    outer loop
      vertex -78.2346 -19.8478 3.6
      vertex -77.8889 -19.6629 -1.6
      vertex -78.2346 -19.8478 -1.6
    endloop
  endfacet
  facet normal 0 0 -1
    outer loop
      vertex -77.0384 -18.3902 3.6
      vertex -77.0384 -17.6098 3.6
      vertex -77 -18 3.6
    endloop
  endfacet
  facet normal 0 0 -1
    outer loop
      vertex -77.1522 -18.7654 3.6
      vertex -77.0384 -17.6098 3.6
      vertex -77.0384 -18.3902 3.6
    endloop
  endfacet
  facet normal 0 0 -1
    outer loop
      vertex -77.1522 -18.7654 3.6
      vertex -77.1522 -17.2346 3.6
      vertex -77.0384 -17.6098 3.6
    endloop
  endfacet
  facet normal 0 0 -1
    outer loop
      vertex -77.3371 -19.1111 3.6
      vertex -77.1522 -17.2346 3.6
      vertex -77.1522 -18.7654 3.6
    endloop
  endfacet
  facet normal 0 0 -1
    outer loop
      vertex -77.3371 -19.1111 3.6
      vertex -77.3371 -16.8889 3.6
      vertex -77.1522 -17.2346 3.6
    endloop
  endfacet
  facet normal 0 0 -1
    outer loop
      vertex -77.5858 -19.4142 3.6
      vertex -77.3371 -16.8889 3.6
      vertex -77.3371 -19.1111 3.6
    endloop
  endfacet
  facet normal 0 0 -1
    outer loop
      vertex -77.5858 -19.4142 3.6
      vertex -77.5858 -16.5858 3.6
      vertex -77.3371 -16.8889 3.6
    endloop
  endfacet
  facet normal 0 0 -1
    outer loop
      vertex -77.8889 -19.6629 3.6
      vertex -77.5858 -16.5858 3.6
      vertex -77.5858 -19.4142 3.6
    endloop
  endfacet
  facet normal 0 0 -1
    outer loop
      vertex -77.8889 -19.6629 3.6
      vertex -77.8889 -16.3371 3.6
      vertex -77.5858 -16.5858 3.6
    endloop
  endfacet
  facet normal 0 0 -1
    outer loop
      vertex -78.2346 -19.8478 3.6
      vertex -77.8889 -16.3371 3.6
      vertex -77.8889 -19.6629 3.6
    endloop
  endfacet
  facet normal 0 0 -1
    outer loop
      vertex -78.2346 -19.8478 3.6
      vertex -78.2346 -16.1522 3.6
      vertex -77.8889 -16.3371 3.6
    endloop
  endfacet
  facet normal 0 0 -1
    outer loop
      vertex -78.6098 -19.9616 3.6
      vertex -78.2346 -16.1522 3.6
      vertex -78.2346 -19.8478 3.6
    endloop
  endfacet
  facet normal 0 0 -1
    outer loop
      vertex -78.6098 -19.9616 3.6
      vertex -78.6098 -16.0384 3.6
      vertex -78.2346 -16.1522 3.6
    endloop
  endfacet
  facet normal 0 0 -1
    outer loop
      vertex -79 -20 3.6
      vertex -78.6098 -16.0384 3.6
      vertex -78.6098 -19.9616 3.6
    endloop
  endfacet
  facet normal 0 0 -1
    outer loop
      vertex -79 -20 3.6
      vertex -79 -16 3.6
      vertex -78.6098 -16.0384 3.6
    endloop
  endfacet
  facet normal 0 0 -1
    outer loop
      vertex -83 -20 3.6
      vertex -79 -16 3.6
      vertex -79 -20 3.6
    endloop
  endfacet
  facet normal -0 0 -1
    outer loop
      vertex -79 -16 3.6
      vertex -83 -20 3.6
      vertex -83 -16 3.6
    endloop
  endfacet
  facet normal 0.995193 0.097938 0
    outer loop
      vertex -88.9616 -18.3902 1.6
      vertex -89 -18 -1.6
      vertex -89 -18 1.6
    endloop
  endfacet
  facet normal 0.995193 0.097938 0
    outer loop
      vertex -89 -18 -1.6
      vertex -88.9616 -18.3902 1.6
      vertex -88.9616 -18.3902 -1.6
    endloop
  endfacet
  facet normal 0.77307 -0.634321 0
    outer loop
      vertex -88.6629 -16.8889 1.6
      vertex -88.4142 -16.5858 -1.6
      vertex -88.4142 -16.5858 1.6
    endloop
  endfacet
  facet normal 0.77307 -0.634321 0
    outer loop
      vertex -88.4142 -16.5858 -1.6
      vertex -88.6629 -16.8889 1.6
      vertex -88.6629 -16.8889 -1.6
    endloop
  endfacet
  facet normal -0.290248 0.956951 0
    outer loop
      vertex -78.2346 -19.8478 -1.6
      vertex -78.6098 -19.9616 3.6
      vertex -78.2346 -19.8478 3.6
    endloop
  endfacet
  facet normal -0.290248 0.956951 0
    outer loop
      vertex -78.6098 -19.9616 3.6
      vertex -78.2346 -19.8478 -1.6
      vertex -78.6098 -19.9616 -1.6
    endloop
  endfacet
  facet normal -0.77307 0.634321 0
    outer loop
      vertex -77.5858 -19.4142 -1.6
      vertex -77.3371 -19.1111 3.6
      vertex -77.3371 -19.1111 -1.6
    endloop
  endfacet
  facet normal -0.77307 0.634321 0
    outer loop
      vertex -77.3371 -19.1111 3.6
      vertex -77.5858 -19.4142 -1.6
      vertex -77.5858 -19.4142 3.6
    endloop
  endfacet
  facet normal -0.77307 -0.634321 0
    outer loop
      vertex -77.3371 -16.8889 -1.6
      vertex -77.5858 -16.5858 3.6
      vertex -77.5858 -16.5858 -1.6
    endloop
  endfacet
  facet normal -0.77307 -0.634321 0
    outer loop
      vertex -77.5858 -16.5858 3.6
      vertex -77.3371 -16.8889 -1.6
      vertex -77.3371 -16.8889 3.6
    endloop
  endfacet
  facet normal -0.956951 -0.290248 0
    outer loop
      vertex -77.0384 -17.6098 -1.6
      vertex -77.1522 -17.2346 3.6
      vertex -77.1522 -17.2346 -1.6
    endloop
  endfacet
  facet normal -0.956951 -0.290248 0
    outer loop
      vertex -77.1522 -17.2346 3.6
      vertex -77.0384 -17.6098 -1.6
      vertex -77.0384 -17.6098 3.6
    endloop
  endfacet
  facet normal 0.634321 -0.77307 0
    outer loop
      vertex -88.4142 -16.5858 -1.6
      vertex -88.1111 -16.3371 1.6
      vertex -88.4142 -16.5858 1.6
    endloop
  endfacet
  facet normal 0.634321 -0.77307 0
    outer loop
      vertex -88.1111 -16.3371 1.6
      vertex -88.4142 -16.5858 -1.6
      vertex -88.1111 -16.3371 -1.6
    endloop
  endfacet
  facet normal -0.634321 -0.77307 0
    outer loop
      vertex -77.8889 -16.3371 -1.6
      vertex -77.5858 -16.5858 3.6
      vertex -77.8889 -16.3371 3.6
    endloop
  endfacet
  facet normal -0.634321 -0.77307 -0
    outer loop
      vertex -77.5858 -16.5858 3.6
      vertex -77.8889 -16.3371 -1.6
      vertex -77.5858 -16.5858 -1.6
    endloop
  endfacet
  facet normal 0.956951 -0.290248 0
    outer loop
      vertex -88.9616 -17.6098 1.6
      vertex -88.8478 -17.2346 -1.6
      vertex -88.8478 -17.2346 1.6
    endloop
  endfacet
  facet normal 0.956951 -0.290248 0
    outer loop
      vertex -88.8478 -17.2346 -1.6
      vertex -88.9616 -17.6098 1.6
      vertex -88.9616 -17.6098 -1.6
    endloop
  endfacet
  facet normal 0.290248 -0.956951 0
    outer loop
      vertex -87.7654 -16.1522 -1.6
      vertex -87.3902 -16.0384 1.6
      vertex -87.7654 -16.1522 1.6
    endloop
  endfacet
  facet normal 0.290248 -0.956951 0
    outer loop
      vertex -87.3902 -16.0384 1.6
      vertex -87.7654 -16.1522 -1.6
      vertex -87.3902 -16.0384 -1.6
    endloop
  endfacet
  facet normal 0.634378 -0.773023 0
    outer loop
      vertex -87.2374 -0.762563 -1.6
      vertex -86.9722 -0.544928 1.6
      vertex -87.2374 -0.762563 1.6
    endloop
  endfacet
  facet normal 0.634378 -0.773023 0
    outer loop
      vertex -86.9722 -0.544928 1.6
      vertex -87.2374 -0.762563 -1.6
      vertex -86.9722 -0.544928 -1.6
    endloop
  endfacet
  facet normal 0.290272 -0.956944 0
    outer loop
      vertex -86.6697 -0.38321 -1.6
      vertex -86.3414 -0.283626 1.6
      vertex -86.6697 -0.38321 1.6
    endloop
  endfacet
  facet normal 0.290272 -0.956944 0
    outer loop
      vertex -86.3414 -0.283626 1.6
      vertex -86.6697 -0.38321 -1.6
      vertex -86.3414 -0.283626 -1.6
    endloop
  endfacet
  facet normal 0.995192 0.0979451 0
    outer loop
      vertex -87.7164 -12.3414 1.6
      vertex -87.75 -12 -1.6
      vertex -87.75 -12 1.6
    endloop
  endfacet
  facet normal 0.995192 0.0979451 0
    outer loop
      vertex -87.75 -12 -1.6
      vertex -87.7164 -12.3414 1.6
      vertex -87.7164 -12.3414 -1.6
    endloop
  endfacet
  facet normal -0.881909 0.47142 0
    outer loop
      vertex -84.5449 -12.9722 -1.6
      vertex -84.3832 -12.6697 1.6
      vertex -84.3832 -12.6697 -1.6
    endloop
  endfacet
  facet normal -0.881909 0.47142 0
    outer loop
      vertex -84.3832 -12.6697 1.6
      vertex -84.5449 -12.9722 -1.6
      vertex -84.5449 -12.9722 1.6
    endloop
  endfacet
  facet normal 0.881941 -0.47136 0
    outer loop
      vertex -87.6168 -1.3303 1.6
      vertex -87.4551 -1.02775 -1.6
      vertex -87.4551 -1.02775 1.6
    endloop
  endfacet
  facet normal 0.881941 -0.47136 0
    outer loop
      vertex -87.4551 -1.02775 -1.6
      vertex -87.6168 -1.3303 1.6
      vertex -87.6168 -1.3303 -1.6
    endloop
  endfacet
  facet normal -0.0980201 -0.995184 0
    outer loop
      vertex -86 -0.25 -1.6
      vertex -85.6586 -0.283626 1.6
      vertex -86 -0.25 1.6
    endloop
  endfacet
  facet normal -0.0980201 -0.995184 -0
    outer loop
      vertex -85.6586 -0.283626 1.6
      vertex -86 -0.25 -1.6
      vertex -85.6586 -0.283626 -1.6
    endloop
  endfacet
  facet normal 1 -0 0
    outer loop
      vertex -87.75 -12 1.6
      vertex -87.75 -2 -1.6
      vertex -87.75 -2 1.6
    endloop
  endfacet
  facet normal 1 0 0
    outer loop
      vertex -87.75 -2 -1.6
      vertex -87.75 -12 1.6
      vertex -87.75 -12 -1.6
    endloop
  endfacet
  facet normal -0.290272 -0.956944 0
    outer loop
      vertex -85.6586 -0.283626 -1.6
      vertex -85.3303 -0.38321 1.6
      vertex -85.6586 -0.283626 1.6
    endloop
  endfacet
  facet normal -0.290272 -0.956944 -0
    outer loop
      vertex -85.3303 -0.38321 1.6
      vertex -85.6586 -0.283626 -1.6
      vertex -85.3303 -0.38321 -1.6
    endloop
  endfacet
  facet normal 0.47142 0.881909 -0
    outer loop
      vertex -86.6697 -13.6168 -1.6
      vertex -86.9722 -13.4551 1.6
      vertex -86.6697 -13.6168 1.6
    endloop
  endfacet
  facet normal 0.47142 0.881909 0
    outer loop
      vertex -86.9722 -13.4551 1.6
      vertex -86.6697 -13.6168 -1.6
      vertex -86.9722 -13.4551 -1.6
    endloop
  endfacet
  facet normal 0.290315 0.956931 -0
    outer loop
      vertex -86.3414 -13.7164 -1.6
      vertex -86.6697 -13.6168 1.6
      vertex -86.3414 -13.7164 1.6
    endloop
  endfacet
  facet normal 0.290315 0.956931 0
    outer loop
      vertex -86.6697 -13.6168 1.6
      vertex -86.3414 -13.7164 -1.6
      vertex -86.6697 -13.6168 -1.6
    endloop
  endfacet
  facet normal -0.995192 -0.0979422 0
    outer loop
      vertex -84.25 -2 -1.6
      vertex -84.2836 -1.65859 1.6
      vertex -84.2836 -1.65859 -1.6
    endloop
  endfacet
  facet normal -0.995192 -0.0979422 0
    outer loop
      vertex -84.2836 -1.65859 1.6
      vertex -84.25 -2 -1.6
      vertex -84.25 -2 1.6
    endloop
  endfacet
  facet normal 0.881909 0.47142 0
    outer loop
      vertex -87.4551 -12.9722 1.6
      vertex -87.6168 -12.6697 -1.6
      vertex -87.6168 -12.6697 1.6
    endloop
  endfacet
  facet normal 0.881909 0.47142 0
    outer loop
      vertex -87.6168 -12.6697 -1.6
      vertex -87.4551 -12.9722 1.6
      vertex -87.4551 -12.9722 -1.6
    endloop
  endfacet
  facet normal -0.471461 -0.881887 0
    outer loop
      vertex -85.3303 -0.38321 -1.6
      vertex -85.0278 -0.544928 1.6
      vertex -85.3303 -0.38321 1.6
    endloop
  endfacet
  facet normal -0.471461 -0.881887 -0
    outer loop
      vertex -85.0278 -0.544928 1.6
      vertex -85.3303 -0.38321 -1.6
      vertex -85.0278 -0.544928 -1.6
    endloop
  endfacet
  facet normal 0.772915 -0.634509 0
    outer loop
      vertex -87.4551 -1.02775 1.6
      vertex -87.2374 -0.762563 -1.6
      vertex -87.2374 -0.762563 1.6
    endloop
  endfacet
  facet normal 0.772915 -0.634509 0
    outer loop
      vertex -87.2374 -0.762563 -1.6
      vertex -87.4551 -1.02775 1.6
      vertex -87.4551 -1.02775 -1.6
    endloop
  endfacet
  facet normal 0.0979451 0.995192 -0
    outer loop
      vertex -86 -13.75 -1.6
      vertex -86.3414 -13.7164 1.6
      vertex -86 -13.75 1.6
    endloop
  endfacet
  facet normal 0.0979451 0.995192 0
    outer loop
      vertex -86.3414 -13.7164 1.6
      vertex -86 -13.75 -1.6
      vertex -86.3414 -13.7164 -1.6
    endloop
  endfacet
  facet normal -0.772915 -0.634509 0
    outer loop
      vertex -84.5449 -1.02775 -1.6
      vertex -84.7626 -0.762563 1.6
      vertex -84.7626 -0.762563 -1.6
    endloop
  endfacet
  facet normal -0.772915 -0.634509 0
    outer loop
      vertex -84.7626 -0.762563 1.6
      vertex -84.5449 -1.02775 -1.6
      vertex -84.5449 -1.02775 1.6
    endloop
  endfacet
  facet normal -1 0 0
    outer loop
      vertex -84.25 -12 -1.6
      vertex -84.25 -2 1.6
      vertex -84.25 -2 -1.6
    endloop
  endfacet
  facet normal -1 -0 0
    outer loop
      vertex -84.25 -2 1.6
      vertex -84.25 -12 -1.6
      vertex -84.25 -12 1.6
    endloop
  endfacet
  facet normal -0.956931 0.290315 0
    outer loop
      vertex -84.3832 -12.6697 -1.6
      vertex -84.2836 -12.3414 1.6
      vertex -84.2836 -12.3414 -1.6
    endloop
  endfacet
  facet normal -0.956931 0.290315 0
    outer loop
      vertex -84.2836 -12.3414 1.6
      vertex -84.3832 -12.6697 -1.6
      vertex -84.3832 -12.6697 1.6
    endloop
  endfacet
  facet normal 0.77293 0.634491 0
    outer loop
      vertex -87.2374 -13.2374 1.6
      vertex -87.4551 -12.9722 -1.6
      vertex -87.4551 -12.9722 1.6
    endloop
  endfacet
  facet normal 0.77293 0.634491 0
    outer loop
      vertex -87.4551 -12.9722 -1.6
      vertex -87.2374 -13.2374 1.6
      vertex -87.2374 -13.2374 -1.6
    endloop
  endfacet
  facet normal 0.956929 -0.290323 0
    outer loop
      vertex -87.7164 -1.65859 1.6
      vertex -87.6168 -1.3303 -1.6
      vertex -87.6168 -1.3303 1.6
    endloop
  endfacet
  facet normal 0.956929 -0.290323 0
    outer loop
      vertex -87.6168 -1.3303 -1.6
      vertex -87.7164 -1.65859 1.6
      vertex -87.7164 -1.65859 -1.6
    endloop
  endfacet
  facet normal -0.956929 -0.290323 0
    outer loop
      vertex -84.2836 -1.65859 -1.6
      vertex -84.3832 -1.3303 1.6
      vertex -84.3832 -1.3303 -1.6
    endloop
  endfacet
  facet normal -0.956929 -0.290323 0
    outer loop
      vertex -84.3832 -1.3303 1.6
      vertex -84.2836 -1.65859 -1.6
      vertex -84.2836 -1.65859 1.6
    endloop
  endfacet
  facet normal -0.881941 -0.47136 0
    outer loop
      vertex -84.3832 -1.3303 -1.6
      vertex -84.5449 -1.02775 1.6
      vertex -84.5449 -1.02775 -1.6
    endloop
  endfacet
  facet normal -0.881941 -0.47136 0
    outer loop
      vertex -84.5449 -1.02775 1.6
      vertex -84.3832 -1.3303 -1.6
      vertex -84.3832 -1.3303 1.6
    endloop
  endfacet
  facet normal -0.634491 0.77293 0
    outer loop
      vertex -84.7626 -13.2374 -1.6
      vertex -85.0278 -13.4551 1.6
      vertex -84.7626 -13.2374 1.6
    endloop
  endfacet
  facet normal -0.634491 0.77293 0
    outer loop
      vertex -85.0278 -13.4551 1.6
      vertex -84.7626 -13.2374 -1.6
      vertex -85.0278 -13.4551 -1.6
    endloop
  endfacet
  facet normal -0.0979451 0.995192 0
    outer loop
      vertex -85.6586 -13.7164 -1.6
      vertex -86 -13.75 1.6
      vertex -85.6586 -13.7164 1.6
    endloop
  endfacet
  facet normal -0.0979451 0.995192 0
    outer loop
      vertex -86 -13.75 1.6
      vertex -85.6586 -13.7164 -1.6
      vertex -86 -13.75 -1.6
    endloop
  endfacet
  facet normal -0.634378 -0.773023 0
    outer loop
      vertex -85.0278 -0.544928 -1.6
      vertex -84.7626 -0.762563 1.6
      vertex -85.0278 -0.544928 1.6
    endloop
  endfacet
  facet normal -0.634378 -0.773023 -0
    outer loop
      vertex -84.7626 -0.762563 1.6
      vertex -85.0278 -0.544928 -1.6
      vertex -84.7626 -0.762563 -1.6
    endloop
  endfacet
  facet normal 0.956931 0.290315 0
    outer loop
      vertex -87.6168 -12.6697 1.6
      vertex -87.7164 -12.3414 -1.6
      vertex -87.7164 -12.3414 1.6
    endloop
  endfacet
  facet normal 0.956931 0.290315 0
    outer loop
      vertex -87.7164 -12.3414 -1.6
      vertex -87.6168 -12.6697 1.6
      vertex -87.6168 -12.6697 -1.6
    endloop
  endfacet
  facet normal -0.47142 0.881909 0
    outer loop
      vertex -85.0278 -13.4551 -1.6
      vertex -85.3303 -13.6168 1.6
      vertex -85.0278 -13.4551 1.6
    endloop
  endfacet
  facet normal -0.47142 0.881909 0
    outer loop
      vertex -85.3303 -13.6168 1.6
      vertex -85.0278 -13.4551 -1.6
      vertex -85.3303 -13.6168 -1.6
    endloop
  endfacet
  facet normal -0.290315 0.956931 0
    outer loop
      vertex -85.3303 -13.6168 -1.6
      vertex -85.6586 -13.7164 1.6
      vertex -85.3303 -13.6168 1.6
    endloop
  endfacet
  facet normal -0.290315 0.956931 0
    outer loop
      vertex -85.6586 -13.7164 1.6
      vertex -85.3303 -13.6168 -1.6
      vertex -85.6586 -13.7164 -1.6
    endloop
  endfacet
  facet normal -0.995192 0.0979451 0
    outer loop
      vertex -84.2836 -12.3414 -1.6
      vertex -84.25 -12 1.6
      vertex -84.25 -12 -1.6
    endloop
  endfacet
  facet normal -0.995192 0.0979451 0
    outer loop
      vertex -84.25 -12 1.6
      vertex -84.2836 -12.3414 -1.6
      vertex -84.2836 -12.3414 1.6
    endloop
  endfacet
  facet normal -0.77293 0.634491 0
    outer loop
      vertex -84.7626 -13.2374 -1.6
      vertex -84.5449 -12.9722 1.6
      vertex -84.5449 -12.9722 -1.6
    endloop
  endfacet
  facet normal -0.77293 0.634491 0
    outer loop
      vertex -84.5449 -12.9722 1.6
      vertex -84.7626 -13.2374 -1.6
      vertex -84.7626 -13.2374 1.6
    endloop
  endfacet
  facet normal 0.471461 -0.881887 0
    outer loop
      vertex -86.9722 -0.544928 -1.6
      vertex -86.6697 -0.38321 1.6
      vertex -86.9722 -0.544928 1.6
    endloop
  endfacet
  facet normal 0.471461 -0.881887 0
    outer loop
      vertex -86.6697 -0.38321 1.6
      vertex -86.9722 -0.544928 -1.6
      vertex -86.6697 -0.38321 -1.6
    endloop
  endfacet
  facet normal 0.995192 -0.0979422 0
    outer loop
      vertex -87.75 -2 1.6
      vertex -87.7164 -1.65859 -1.6
      vertex -87.7164 -1.65859 1.6
    endloop
  endfacet
  facet normal 0.995192 -0.0979422 0
    outer loop
      vertex -87.7164 -1.65859 -1.6
      vertex -87.75 -2 1.6
      vertex -87.75 -2 -1.6
    endloop
  endfacet
  facet normal 0.0980201 -0.995184 0
    outer loop
      vertex -86.3414 -0.283626 -1.6
      vertex -86 -0.25 1.6
      vertex -86.3414 -0.283626 1.6
    endloop
  endfacet
  facet normal 0.0980201 -0.995184 0
    outer loop
      vertex -86 -0.25 1.6
      vertex -86.3414 -0.283626 -1.6
      vertex -86 -0.25 -1.6
    endloop
  endfacet
  facet normal 0.634491 0.77293 -0
    outer loop
      vertex -86.9722 -13.4551 -1.6
      vertex -87.2374 -13.2374 1.6
      vertex -86.9722 -13.4551 1.6
    endloop
  endfacet
  facet normal 0.634491 0.77293 0
    outer loop
      vertex -87.2374 -13.2374 1.6
      vertex -86.9722 -13.4551 -1.6
      vertex -87.2374 -13.2374 -1.6
    endloop
  endfacet
  facet normal 0.995183 0.0980317 0
    outer loop
      vertex -5.71637 -12.3414 1.6
      vertex -5.75 -12 -1.6
      vertex -5.75 -12 1.6
    endloop
  endfacet
  facet normal 0.995183 0.0980317 0
    outer loop
      vertex -5.75 -12 -1.6
      vertex -5.71637 -12.3414 1.6
      vertex -5.71637 -12.3414 -1.6
    endloop
  endfacet
  facet normal -0.881884 0.471466 0
    outer loop
      vertex -2.54493 -12.9722 -1.6
      vertex -2.38321 -12.6697 3.6
      vertex -2.38321 -12.6697 -1.6
    endloop
  endfacet
  facet normal -0.881884 0.471466 0
    outer loop
      vertex -2.38321 -12.6697 3.6
      vertex -2.54493 -12.9722 -1.6
      vertex -2.54493 -12.9722 3.6
    endloop
  endfacet
  facet normal 0.881902 -0.471432 0
    outer loop
      vertex -5.61679 -1.3303 1.6
      vertex -5.56405 -1.23164 -1.6
      vertex -5.56405 -1.23164 1.6
    endloop
  endfacet
  facet normal 0.881902 -0.471432 0
    outer loop
      vertex -5.56405 -1.23164 -1.6
      vertex -5.61679 -1.3303 1.6
      vertex -5.61679 -1.3303 -1.6
    endloop
  endfacet
  facet normal 1 -0 0
    outer loop
      vertex -5.75 -12 1.6
      vertex -5.75 -2 -1.6
      vertex -5.75 -2 1.6
    endloop
  endfacet
  facet normal 1 0 0
    outer loop
      vertex -5.75 -2 -1.6
      vertex -5.75 -12 1.6
      vertex -5.75 -12 -1.6
    endloop
  endfacet
  facet normal 0.47136 0.881941 -0
    outer loop
      vertex -4.6697 -13.6168 -1.6
      vertex -4.97225 -13.4551 1.6
      vertex -4.6697 -13.6168 1.6
    endloop
  endfacet
  facet normal 0.47136 0.881941 0
    outer loop
      vertex -4.97225 -13.4551 1.6
      vertex -4.6697 -13.6168 -1.6
      vertex -4.97225 -13.4551 -1.6
    endloop
  endfacet
  facet normal 0.290323 0.956929 -0
    outer loop
      vertex -4.34141 -13.7164 -1.6
      vertex -4.6697 -13.6168 1.6
      vertex -4.34141 -13.7164 1.6
    endloop
  endfacet
  facet normal 0.290323 0.956929 0
    outer loop
      vertex -4.6697 -13.6168 1.6
      vertex -4.34141 -13.7164 -1.6
      vertex -4.6697 -13.6168 -1.6
    endloop
  endfacet
  facet normal 0.881884 0.471466 0
    outer loop
      vertex -5.45507 -12.9722 1.6
      vertex -5.61679 -12.6697 -1.6
      vertex -5.61679 -12.6697 1.6
    endloop
  endfacet
  facet normal 0.881884 0.471466 0
    outer loop
      vertex -5.61679 -12.6697 -1.6
      vertex -5.45507 -12.9722 1.6
      vertex -5.45507 -12.9722 -1.6
    endloop
  endfacet
  facet normal 0.0979422 0.995192 -0
    outer loop
      vertex -4 -13.75 -1.6
      vertex -4.34141 -13.7164 1.6
      vertex -4 -13.75 1.6
    endloop
  endfacet
  facet normal 0.0979422 0.995192 0
    outer loop
      vertex -4.34141 -13.7164 1.6
      vertex -4 -13.75 -1.6
      vertex -4.34141 -13.7164 -1.6
    endloop
  endfacet
  facet normal -1 0 0
    outer loop
      vertex -2.25 -12 -1.6
      vertex -2.25 -2 3.6
      vertex -2.25 -2 -1.6
    endloop
  endfacet
  facet normal -1 -0 0
    outer loop
      vertex -2.25 -2 3.6
      vertex -2.25 -12 -1.6
      vertex -2.25 -12 3.6
    endloop
  endfacet
  facet normal -0.956947 0.290261 0
    outer loop
      vertex -2.38321 -12.6697 -1.6
      vertex -2.28363 -12.3414 3.6
      vertex -2.28363 -12.3414 -1.6
    endloop
  endfacet
  facet normal -0.956947 0.290261 0
    outer loop
      vertex -2.28363 -12.3414 3.6
      vertex -2.38321 -12.6697 -1.6
      vertex -2.38321 -12.6697 3.6
    endloop
  endfacet
  facet normal 0.77303 0.634369 0
    outer loop
      vertex -5.23744 -13.2374 1.6
      vertex -5.45507 -12.9722 -1.6
      vertex -5.45507 -12.9722 1.6
    endloop
  endfacet
  facet normal 0.77303 0.634369 0
    outer loop
      vertex -5.45507 -12.9722 -1.6
      vertex -5.23744 -13.2374 1.6
      vertex -5.23744 -13.2374 -1.6
    endloop
  endfacet
  facet normal 0.956945 -0.29027 0
    outer loop
      vertex -5.71637 -1.65859 1.6
      vertex -5.61679 -1.3303 -1.6
      vertex -5.61679 -1.3303 1.6
    endloop
  endfacet
  facet normal 0.956945 -0.29027 0
    outer loop
      vertex -5.61679 -1.3303 -1.6
      vertex -5.71637 -1.65859 1.6
      vertex -5.71637 -1.65859 -1.6
    endloop
  endfacet
  facet normal -0.634505 0.772919 0
    outer loop
      vertex -2.76256 -13.2374 -1.6
      vertex -3.02775 -13.4551 3.6
      vertex -2.76256 -13.2374 3.6
    endloop
  endfacet
  facet normal -0.634505 0.772919 0
    outer loop
      vertex -3.02775 -13.4551 3.6
      vertex -2.76256 -13.2374 -1.6
      vertex -3.02775 -13.4551 -1.6
    endloop
  endfacet
  facet normal -0.0979422 0.995192 0
    outer loop
      vertex -3.65859 -13.7164 -1.6
      vertex -4 -13.75 1.6
      vertex -3.65859 -13.7164 1.6
    endloop
  endfacet
  facet normal -0.0979422 0.995192 0
    outer loop
      vertex -4 -13.75 1.6
      vertex -3.65859 -13.7164 -1.6
      vertex -4 -13.75 -1.6
    endloop
  endfacet
  facet normal 0.956947 0.290261 0
    outer loop
      vertex -5.61679 -12.6697 1.6
      vertex -5.71637 -12.3414 -1.6
      vertex -5.71637 -12.3414 1.6
    endloop
  endfacet
  facet normal 0.956947 0.290261 0
    outer loop
      vertex -5.71637 -12.3414 -1.6
      vertex -5.61679 -12.6697 1.6
      vertex -5.61679 -12.6697 -1.6
    endloop
  endfacet
  facet normal -0.47136 0.881941 0
    outer loop
      vertex -3.02775 -13.4551 -1.6
      vertex -3.3303 -13.6168 3.6
      vertex -3.02775 -13.4551 3.6
    endloop
  endfacet
  facet normal -0.47136 0.881941 0
    outer loop
      vertex -3.3303 -13.6168 3.6
      vertex -3.02775 -13.4551 -1.6
      vertex -3.3303 -13.6168 -1.6
    endloop
  endfacet
  facet normal -0.290399 0.956906 0
    outer loop
      vertex -3.3303 -13.6168 3.6
      vertex -3.5 -13.6683 1.6
      vertex -3.5 -13.6683 3.6
    endloop
  endfacet
  facet normal -0.290399 0.956906 0
    outer loop
      vertex -3.3303 -13.6168 -1.6
      vertex -3.5 -13.6683 1.6
      vertex -3.3303 -13.6168 3.6
    endloop
  endfacet
  facet normal -0.290323 0.956929 4.386e-06
    outer loop
      vertex -3.65859 -13.7164 -1.6
      vertex -3.5 -13.6683 1.6
      vertex -3.3303 -13.6168 -1.6
    endloop
  endfacet
  facet normal -0.290242 0.956953 0
    outer loop
      vertex -3.5 -13.6683 1.6
      vertex -3.65859 -13.7164 -1.6
      vertex -3.65859 -13.7164 1.6
    endloop
  endfacet
  facet normal -0.995183 0.0980317 0
    outer loop
      vertex -2.28363 -12.3414 -1.6
      vertex -2.25 -12 3.6
      vertex -2.25 -12 -1.6
    endloop
  endfacet
  facet normal -0.995183 0.0980317 0
    outer loop
      vertex -2.25 -12 3.6
      vertex -2.28363 -12.3414 -1.6
      vertex -2.28363 -12.3414 3.6
    endloop
  endfacet
  facet normal -0.77303 0.634369 0
    outer loop
      vertex -2.76256 -13.2374 -1.6
      vertex -2.54493 -12.9722 3.6
      vertex -2.54493 -12.9722 -1.6
    endloop
  endfacet
  facet normal -0.77303 0.634369 0
    outer loop
      vertex -2.54493 -12.9722 3.6
      vertex -2.76256 -13.2374 -1.6
      vertex -2.76256 -13.2374 3.6
    endloop
  endfacet
  facet normal 0.995184 -0.0980288 0
    outer loop
      vertex -5.75 -2 1.6
      vertex -5.71637 -1.65859 -1.6
      vertex -5.71637 -1.65859 1.6
    endloop
  endfacet
  facet normal 0.995184 -0.0980288 0
    outer loop
      vertex -5.71637 -1.65859 -1.6
      vertex -5.75 -2 1.6
      vertex -5.75 -2 -1.6
    endloop
  endfacet
  facet normal 0.634505 0.772919 -0
    outer loop
      vertex -4.97225 -13.4551 -1.6
      vertex -5.23744 -13.2374 1.6
      vertex -4.97225 -13.4551 1.6
    endloop
  endfacet
  facet normal 0.634505 0.772919 0
    outer loop
      vertex -5.23744 -13.2374 1.6
      vertex -4.97225 -13.4551 -1.6
      vertex -5.23744 -13.2374 -1.6
    endloop
  endfacet
  facet normal -0.77295 -0.634467 0
    outer loop
      vertex 82.1641 24.7778 -1.6
      vertex 81.99 24.9899 1.6
      vertex 81.99 24.9899 -1.6
    endloop
  endfacet
  facet normal -0.77295 -0.634467 0
    outer loop
      vertex 81.99 24.9899 1.6
      vertex 82.1641 24.7778 -1.6
      vertex 82.1641 24.7778 1.6
    endloop
  endfacet
  facet normal -0.882 -0.47125 0
    outer loop
      vertex 82.2934 24.5358 -1.6
      vertex 82.1641 24.7778 1.6
      vertex 82.1641 24.7778 -1.6
    endloop
  endfacet
  facet normal -0.882 -0.47125 0
    outer loop
      vertex 82.1641 24.7778 1.6
      vertex 82.2934 24.5358 -1.6
      vertex 82.2934 24.5358 1.6
    endloop
  endfacet
  facet normal 1 -0 0
    outer loop
      vertex 79.6 20 1.6
      vertex 79.6 24 -1.6
      vertex 79.6 24 1.6
    endloop
  endfacet
  facet normal 1 0 0
    outer loop
      vertex 79.6 24 -1.6
      vertex 79.6 20 1.6
      vertex 79.6 20 -1.6
    endloop
  endfacet
  facet normal 0.634289 0.773096 -0
    outer loop
      vertex 80.2222 18.8359 -1.6
      vertex 80.01 19.01 1.6
      vertex 80.2222 18.8359 1.6
    endloop
  endfacet
  facet normal 0.634289 0.773096 0
    outer loop
      vertex 80.01 19.01 1.6
      vertex 80.2222 18.8359 -1.6
      vertex 80.01 19.01 -1.6
    endloop
  endfacet
  facet normal 0.956929 -0.290321 0
    outer loop
      vertex 79.6269 24.2731 1.6
      vertex 79.7066 24.5358 -1.6
      vertex 79.7066 24.5358 1.6
    endloop
  endfacet
  facet normal 0.956929 -0.290321 0
    outer loop
      vertex 79.7066 24.5358 -1.6
      vertex 79.6269 24.2731 1.6
      vertex 79.6269 24.2731 -1.6
    endloop
  endfacet
  facet normal 0.882 0.47125 0
    outer loop
      vertex 79.8359 19.2222 1.6
      vertex 79.7066 19.4642 -1.6
      vertex 79.7066 19.4642 1.6
    endloop
  endfacet
  facet normal 0.882 0.47125 0
    outer loop
      vertex 79.7066 19.4642 -1.6
      vertex 79.8359 19.2222 1.6
      vertex 79.8359 19.2222 -1.6
    endloop
  endfacet
  facet normal -0.956929 0.290321 0
    outer loop
      vertex 82.2934 19.4642 -1.6
      vertex 82.3731 19.7269 1.6
      vertex 82.3731 19.7269 -1.6
    endloop
  endfacet
  facet normal -0.956929 0.290321 0
    outer loop
      vertex 82.3731 19.7269 1.6
      vertex 82.2934 19.4642 -1.6
      vertex 82.2934 19.4642 1.6
    endloop
  endfacet
  facet normal -0.634289 0.773096 0
    outer loop
      vertex 81.99 19.01 -1.6
      vertex 81.7778 18.8359 1.6
      vertex 81.99 19.01 1.6
    endloop
  endfacet
  facet normal -0.634289 0.773096 0
    outer loop
      vertex 81.7778 18.8359 1.6
      vertex 81.99 19.01 -1.6
      vertex 81.7778 18.8359 -1.6
    endloop
  endfacet
  facet normal -0.995184 0.0980244 0
    outer loop
      vertex 82.3731 19.7269 -1.6
      vertex 82.4 20 1.6
      vertex 82.4 20 -1.6
    endloop
  endfacet
  facet normal -0.995184 0.0980244 0
    outer loop
      vertex 82.4 20 1.6
      vertex 82.3731 19.7269 -1.6
      vertex 82.3731 19.7269 1.6
    endloop
  endfacet
  facet normal -0.995184 -0.0980244 0
    outer loop
      vertex 82.4 24 -1.6
      vertex 82.3731 24.2731 1.6
      vertex 82.3731 24.2731 -1.6
    endloop
  endfacet
  facet normal -0.995184 -0.0980244 0
    outer loop
      vertex 82.3731 24.2731 1.6
      vertex 82.4 24 -1.6
      vertex 82.4 24 1.6
    endloop
  endfacet
  facet normal -0.0980244 0.995184 0
    outer loop
      vertex 81.2731 18.6269 -1.6
      vertex 81 18.6 1.6
      vertex 81.2731 18.6269 1.6
    endloop
  endfacet
  facet normal -0.0980244 0.995184 0
    outer loop
      vertex 81 18.6 1.6
      vertex 81.2731 18.6269 -1.6
      vertex 81 18.6 -1.6
    endloop
  endfacet
  facet normal -0.290321 -0.956929 0
    outer loop
      vertex 81.2731 25.3731 -1.6
      vertex 81.5358 25.2934 1.6
      vertex 81.2731 25.3731 1.6
    endloop
  endfacet
  facet normal -0.290321 -0.956929 -0
    outer loop
      vertex 81.5358 25.2934 1.6
      vertex 81.2731 25.3731 -1.6
      vertex 81.5358 25.2934 -1.6
    endloop
  endfacet
  facet normal -0.290321 0.956929 0
    outer loop
      vertex 81.5358 18.7066 -1.6
      vertex 81.2731 18.6269 1.6
      vertex 81.5358 18.7066 1.6
    endloop
  endfacet
  facet normal -0.290321 0.956929 0
    outer loop
      vertex 81.2731 18.6269 1.6
      vertex 81.5358 18.7066 -1.6
      vertex 81.2731 18.6269 -1.6
    endloop
  endfacet
  facet normal -1 0 0
    outer loop
      vertex 82.4 20 -1.6
      vertex 82.4 24 1.6
      vertex 82.4 24 -1.6
    endloop
  endfacet
  facet normal -1 -0 0
    outer loop
      vertex 82.4 24 1.6
      vertex 82.4 20 -1.6
      vertex 82.4 20 1.6
    endloop
  endfacet
  facet normal 0.77295 -0.634467 0
    outer loop
      vertex 79.8359 24.7778 1.6
      vertex 80.01 24.9899 -1.6
      vertex 80.01 24.9899 1.6
    endloop
  endfacet
  facet normal 0.77295 -0.634467 0
    outer loop
      vertex 80.01 24.9899 -1.6
      vertex 79.8359 24.7778 1.6
      vertex 79.8359 24.7778 -1.6
    endloop
  endfacet
  facet normal 0.882 -0.47125 0
    outer loop
      vertex 79.7066 24.5358 1.6
      vertex 79.8359 24.7778 -1.6
      vertex 79.8359 24.7778 1.6
    endloop
  endfacet
  facet normal 0.882 -0.47125 0
    outer loop
      vertex 79.8359 24.7778 -1.6
      vertex 79.7066 24.5358 1.6
      vertex 79.7066 24.5358 -1.6
    endloop
  endfacet
  facet normal -0.773096 0.634289 0
    outer loop
      vertex 81.99 19.01 -1.6
      vertex 82.1641 19.2222 1.6
      vertex 82.1641 19.2222 -1.6
    endloop
  endfacet
  facet normal -0.773096 0.634289 0
    outer loop
      vertex 82.1641 19.2222 1.6
      vertex 81.99 19.01 -1.6
      vertex 81.99 19.01 1.6
    endloop
  endfacet
  facet normal 0.956929 0.290321 0
    outer loop
      vertex 79.7066 19.4642 1.6
      vertex 79.6269 19.7269 -1.6
      vertex 79.6269 19.7269 1.6
    endloop
  endfacet
  facet normal 0.956929 0.290321 0
    outer loop
      vertex 79.6269 19.7269 -1.6
      vertex 79.7066 19.4642 1.6
      vertex 79.7066 19.4642 -1.6
    endloop
  endfacet
  facet normal 0.773096 0.634289 0
    outer loop
      vertex 80.01 19.01 1.6
      vertex 79.8359 19.2222 -1.6
      vertex 79.8359 19.2222 1.6
    endloop
  endfacet
  facet normal 0.773096 0.634289 0
    outer loop
      vertex 79.8359 19.2222 -1.6
      vertex 80.01 19.01 1.6
      vertex 80.01 19.01 -1.6
    endloop
  endfacet
  facet normal -0.634506 -0.772918 0
    outer loop
      vertex 81.7778 25.1641 -1.6
      vertex 81.99 24.9899 1.6
      vertex 81.7778 25.1641 1.6
    endloop
  endfacet
  facet normal -0.634506 -0.772918 -0
    outer loop
      vertex 81.99 24.9899 1.6
      vertex 81.7778 25.1641 -1.6
      vertex 81.99 24.9899 -1.6
    endloop
  endfacet
  facet normal 0.995184 -0.0980244 0
    outer loop
      vertex 79.6 24 1.6
      vertex 79.6269 24.2731 -1.6
      vertex 79.6269 24.2731 1.6
    endloop
  endfacet
  facet normal 0.995184 -0.0980244 0
    outer loop
      vertex 79.6269 24.2731 -1.6
      vertex 79.6 24 1.6
      vertex 79.6 24 -1.6
    endloop
  endfacet
  facet normal 0.290321 -0.956929 0
    outer loop
      vertex 80.4642 25.2934 -1.6
      vertex 80.7269 25.3731 1.6
      vertex 80.4642 25.2934 1.6
    endloop
  endfacet
  facet normal 0.290321 -0.956929 0
    outer loop
      vertex 80.7269 25.3731 1.6
      vertex 80.4642 25.2934 -1.6
      vertex 80.7269 25.3731 -1.6
    endloop
  endfacet
  facet normal 0.47125 -0.882 0
    outer loop
      vertex 80.2222 25.1641 -1.6
      vertex 80.4642 25.2934 1.6
      vertex 80.2222 25.1641 1.6
    endloop
  endfacet
  facet normal 0.47125 -0.882 0
    outer loop
      vertex 80.4642 25.2934 1.6
      vertex 80.2222 25.1641 -1.6
      vertex 80.4642 25.2934 -1.6
    endloop
  endfacet
  facet normal 0.634506 -0.772918 0
    outer loop
      vertex 80.01 24.9899 -1.6
      vertex 80.2222 25.1641 1.6
      vertex 80.01 24.9899 1.6
    endloop
  endfacet
  facet normal 0.634506 -0.772918 0
    outer loop
      vertex 80.2222 25.1641 1.6
      vertex 80.01 24.9899 -1.6
      vertex 80.2222 25.1641 -1.6
    endloop
  endfacet
  facet normal 0.47125 0.882 -0
    outer loop
      vertex 80.4642 18.7066 -1.6
      vertex 80.2222 18.8359 1.6
      vertex 80.4642 18.7066 1.6
    endloop
  endfacet
  facet normal 0.47125 0.882 0
    outer loop
      vertex 80.2222 18.8359 1.6
      vertex 80.4642 18.7066 -1.6
      vertex 80.2222 18.8359 -1.6
    endloop
  endfacet
  facet normal -0.956929 -0.290321 0
    outer loop
      vertex 82.3731 24.2731 -1.6
      vertex 82.2934 24.5358 1.6
      vertex 82.2934 24.5358 -1.6
    endloop
  endfacet
  facet normal -0.956929 -0.290321 0
    outer loop
      vertex 82.2934 24.5358 1.6
      vertex 82.3731 24.2731 -1.6
      vertex 82.3731 24.2731 1.6
    endloop
  endfacet
  facet normal -0.882 0.47125 0
    outer loop
      vertex 82.1641 19.2222 -1.6
      vertex 82.2934 19.4642 1.6
      vertex 82.2934 19.4642 -1.6
    endloop
  endfacet
  facet normal -0.882 0.47125 0
    outer loop
      vertex 82.2934 19.4642 1.6
      vertex 82.1641 19.2222 -1.6
      vertex 82.1641 19.2222 1.6
    endloop
  endfacet
  facet normal -0.47125 0.882 0
    outer loop
      vertex 81.7778 18.8359 -1.6
      vertex 81.5358 18.7066 1.6
      vertex 81.7778 18.8359 1.6
    endloop
  endfacet
  facet normal -0.47125 0.882 0
    outer loop
      vertex 81.5358 18.7066 1.6
      vertex 81.7778 18.8359 -1.6
      vertex 81.5358 18.7066 -1.6
    endloop
  endfacet
  facet normal 0.0980244 -0.995184 0
    outer loop
      vertex 80.7269 25.3731 -1.6
      vertex 81 25.4 1.6
      vertex 80.7269 25.3731 1.6
    endloop
  endfacet
  facet normal 0.0980244 -0.995184 0
    outer loop
      vertex 81 25.4 1.6
      vertex 80.7269 25.3731 -1.6
      vertex 81 25.4 -1.6
    endloop
  endfacet
  facet normal -0.0980244 -0.995184 0
    outer loop
      vertex 81 25.4 -1.6
      vertex 81.2731 25.3731 1.6
      vertex 81 25.4 1.6
    endloop
  endfacet
  facet normal -0.0980244 -0.995184 -0
    outer loop
      vertex 81.2731 25.3731 1.6
      vertex 81 25.4 -1.6
      vertex 81.2731 25.3731 -1.6
    endloop
  endfacet
  facet normal -0.47125 -0.882 0
    outer loop
      vertex 81.5358 25.2934 -1.6
      vertex 81.7778 25.1641 1.6
      vertex 81.5358 25.2934 1.6
    endloop
  endfacet
  facet normal -0.47125 -0.882 -0
    outer loop
      vertex 81.7778 25.1641 1.6
      vertex 81.5358 25.2934 -1.6
      vertex 81.7778 25.1641 -1.6
    endloop
  endfacet
  facet normal 0.995184 0.0980244 0
    outer loop
      vertex 79.6269 19.7269 1.6
      vertex 79.6 20 -1.6
      vertex 79.6 20 1.6
    endloop
  endfacet
  facet normal 0.995184 0.0980244 0
    outer loop
      vertex 79.6 20 -1.6
      vertex 79.6269 19.7269 1.6
      vertex 79.6269 19.7269 -1.6
    endloop
  endfacet
  facet normal 0.0980244 0.995184 -0
    outer loop
      vertex 81 18.6 -1.6
      vertex 80.7269 18.6269 1.6
      vertex 81 18.6 1.6
    endloop
  endfacet
  facet normal 0.0980244 0.995184 0
    outer loop
      vertex 80.7269 18.6269 1.6
      vertex 81 18.6 -1.6
      vertex 80.7269 18.6269 -1.6
    endloop
  endfacet
  facet normal 0.290321 0.956929 -0
    outer loop
      vertex 80.7269 18.6269 -1.6
      vertex 80.4642 18.7066 1.6
      vertex 80.7269 18.6269 1.6
    endloop
  endfacet
  facet normal 0.290321 0.956929 0
    outer loop
      vertex 80.4642 18.7066 1.6
      vertex 80.7269 18.6269 -1.6
      vertex 80.4642 18.7066 -1.6
    endloop
  endfacet
  facet normal -0.77295 -0.634467 0
    outer loop
      vertex 96.1641 24.7778 -1.6
      vertex 95.99 24.9899 3.6
      vertex 95.99 24.9899 -1.6
    endloop
  endfacet
  facet normal -0.77295 -0.634467 0
    outer loop
      vertex 95.99 24.9899 3.6
      vertex 96.1641 24.7778 -1.6
      vertex 96.1641 24.7778 3.6
    endloop
  endfacet
  facet normal -0.882 -0.47125 0
    outer loop
      vertex 96.2934 24.5358 -1.6
      vertex 96.1641 24.7778 3.6
      vertex 96.1641 24.7778 -1.6
    endloop
  endfacet
  facet normal -0.882 -0.47125 0
    outer loop
      vertex 96.1641 24.7778 3.6
      vertex 96.2934 24.5358 -1.6
      vertex 96.2934 24.5358 3.6
    endloop
  endfacet
  facet normal 1 -0 0
    outer loop
      vertex 93.6 20 3.6
      vertex 93.6 24 -1.6
      vertex 93.6 24 3.6
    endloop
  endfacet
  facet normal 1 0 0
    outer loop
      vertex 93.6 24 -1.6
      vertex 93.6 20 3.6
      vertex 93.6 20 -1.6
    endloop
  endfacet
  facet normal 0.634289 0.773096 -0
    outer loop
      vertex 94.2222 18.8359 -1.6
      vertex 94.01 19.01 3.6
      vertex 94.2222 18.8359 3.6
    endloop
  endfacet
  facet normal 0.634289 0.773096 0
    outer loop
      vertex 94.01 19.01 3.6
      vertex 94.2222 18.8359 -1.6
      vertex 94.01 19.01 -1.6
    endloop
  endfacet
  facet normal 0.956929 -0.290321 0
    outer loop
      vertex 93.6269 24.2731 3.6
      vertex 93.7066 24.5358 -1.6
      vertex 93.7066 24.5358 3.6
    endloop
  endfacet
  facet normal 0.956929 -0.290321 0
    outer loop
      vertex 93.7066 24.5358 -1.6
      vertex 93.6269 24.2731 3.6
      vertex 93.6269 24.2731 -1.6
    endloop
  endfacet
  facet normal 0 0 -1
    outer loop
      vertex 93.6 20 3.6
      vertex 96.4 20 3.6
      vertex 96.3731 19.7269 3.6
    endloop
  endfacet
  facet normal 0 0 -1
    outer loop
      vertex 96.4 20 3.6
      vertex 93.6 20 3.6
      vertex 96.4 24 3.6
    endloop
  endfacet
  facet normal 0 0 -1
    outer loop
      vertex 93.6 20 3.6
      vertex 96.3731 19.7269 3.6
      vertex 96.2934 19.4642 3.6
    endloop
  endfacet
  facet normal 0 0 -1
    outer loop
      vertex 93.6 24 3.6
      vertex 96.4 24 3.6
      vertex 93.6 20 3.6
    endloop
  endfacet
  facet normal 0 0 -1
    outer loop
      vertex 93.6 20 3.6
      vertex 96.2934 19.4642 3.6
      vertex 96.1641 19.2222 3.6
    endloop
  endfacet
  facet normal 0 0 -1
    outer loop
      vertex 96.4 24 3.6
      vertex 93.6 24 3.6
      vertex 96.3731 24.2731 3.6
    endloop
  endfacet
  facet normal 0 0 -1
    outer loop
      vertex 93.6 20 3.6
      vertex 96.1641 19.2222 3.6
      vertex 95.99 19.01 3.6
    endloop
  endfacet
  facet normal -0 0 -1
    outer loop
      vertex 96.3731 24.2731 3.6
      vertex 93.6 24 3.6
      vertex 96.2934 24.5358 3.6
    endloop
  endfacet
  facet normal 0 0 -1
    outer loop
      vertex 93.6 20 3.6
      vertex 95.99 19.01 3.6
      vertex 95.7778 18.8359 3.6
    endloop
  endfacet
  facet normal -0 0 -1
    outer loop
      vertex 96.2934 24.5358 3.6
      vertex 93.6 24 3.6
      vertex 96.1641 24.7778 3.6
    endloop
  endfacet
  facet normal 0 0 -1
    outer loop
      vertex 93.6 20 3.6
      vertex 95.7778 18.8359 3.6
      vertex 95.5358 18.7066 3.6
    endloop
  endfacet
  facet normal -0 0 -1
    outer loop
      vertex 96.1641 24.7778 3.6
      vertex 93.6 24 3.6
      vertex 95.99 24.9899 3.6
    endloop
  endfacet
  facet normal 0 0 -1
    outer loop
      vertex 93.6 20 3.6
      vertex 95.5358 18.7066 3.6
      vertex 95.2731 18.6269 3.6
    endloop
  endfacet
  facet normal -0 0 -1
    outer loop
      vertex 95.99 24.9899 3.6
      vertex 93.6 24 3.6
      vertex 95.7778 25.1641 3.6
    endloop
  endfacet
  facet normal 0 0 -1
    outer loop
      vertex 93.6 20 3.6
      vertex 95.2731 18.6269 3.6
      vertex 95 18.6 3.6
    endloop
  endfacet
  facet normal -0 0 -1
    outer loop
      vertex 95.7778 25.1641 3.6
      vertex 93.6 24 3.6
      vertex 95.5358 25.2934 3.6
    endloop
  endfacet
  facet normal 0 0 -1
    outer loop
      vertex 93.6 20 3.6
      vertex 95 18.6 3.6
      vertex 94.7269 18.6269 3.6
    endloop
  endfacet
  facet normal -0 0 -1
    outer loop
      vertex 95.5358 25.2934 3.6
      vertex 93.6 24 3.6
      vertex 95.2731 25.3731 3.6
    endloop
  endfacet
  facet normal 0 0 -1
    outer loop
      vertex 93.6 20 3.6
      vertex 94.7269 18.6269 3.6
      vertex 94.4642 18.7066 3.6
    endloop
  endfacet
  facet normal -0 0 -1
    outer loop
      vertex 95.2731 25.3731 3.6
      vertex 93.6 24 3.6
      vertex 95 25.4 3.6
    endloop
  endfacet
  facet normal 0 0 -1
    outer loop
      vertex 93.6 20 3.6
      vertex 94.4642 18.7066 3.6
      vertex 94.2222 18.8359 3.6
    endloop
  endfacet
  facet normal 0 0 -1
    outer loop
      vertex 95 25.4 3.6
      vertex 93.6 24 3.6
      vertex 94.7269 25.3731 3.6
    endloop
  endfacet
  facet normal 0 0 -1
    outer loop
      vertex 93.6 20 3.6
      vertex 94.2222 18.8359 3.6
      vertex 94.01 19.01 3.6
    endloop
  endfacet
  facet normal 0 0 -1
    outer loop
      vertex 94.7269 25.3731 3.6
      vertex 93.6 24 3.6
      vertex 94.4642 25.2934 3.6
    endloop
  endfacet
  facet normal 0 0 -1
    outer loop
      vertex 93.6 20 3.6
      vertex 94.01 19.01 3.6
      vertex 93.8359 19.2222 3.6
    endloop
  endfacet
  facet normal 0 0 -1
    outer loop
      vertex 94.4642 25.2934 3.6
      vertex 93.6 24 3.6
      vertex 94.2222 25.1641 3.6
    endloop
  endfacet
  facet normal 0 0 -1
    outer loop
      vertex 93.6 20 3.6
      vertex 93.8359 19.2222 3.6
      vertex 93.7066 19.4642 3.6
    endloop
  endfacet
  facet normal 0 0 -1
    outer loop
      vertex 94.2222 25.1641 3.6
      vertex 93.6 24 3.6
      vertex 94.01 24.9899 3.6
    endloop
  endfacet
  facet normal 0 0 -1
    outer loop
      vertex 93.6 20 3.6
      vertex 93.7066 19.4642 3.6
      vertex 93.6269 19.7269 3.6
    endloop
  endfacet
  facet normal 0 0 -1
    outer loop
      vertex 94.01 24.9899 3.6
      vertex 93.6 24 3.6
      vertex 93.8359 24.7778 3.6
    endloop
  endfacet
  facet normal 0 0 -1
    outer loop
      vertex 93.8359 24.7778 3.6
      vertex 93.6 24 3.6
      vertex 93.7066 24.5358 3.6
    endloop
  endfacet
  facet normal 0 0 -1
    outer loop
      vertex 93.7066 24.5358 3.6
      vertex 93.6 24 3.6
      vertex 93.6269 24.2731 3.6
    endloop
  endfacet
  facet normal 0.882 0.47125 0
    outer loop
      vertex 93.8359 19.2222 3.6
      vertex 93.7066 19.4642 -1.6
      vertex 93.7066 19.4642 3.6
    endloop
  endfacet
  facet normal 0.882 0.47125 0
    outer loop
      vertex 93.7066 19.4642 -1.6
      vertex 93.8359 19.2222 3.6
      vertex 93.8359 19.2222 -1.6
    endloop
  endfacet
  facet normal -0.956929 0.290321 0
    outer loop
      vertex 96.2934 19.4642 -1.6
      vertex 96.3731 19.7269 3.6
      vertex 96.3731 19.7269 -1.6
    endloop
  endfacet
  facet normal -0.956929 0.290321 0
    outer loop
      vertex 96.3731 19.7269 3.6
      vertex 96.2934 19.4642 -1.6
      vertex 96.2934 19.4642 3.6
    endloop
  endfacet
  facet normal -0.634289 0.773096 0
    outer loop
      vertex 95.99 19.01 -1.6
      vertex 95.7778 18.8359 3.6
      vertex 95.99 19.01 3.6
    endloop
  endfacet
  facet normal -0.634289 0.773096 0
    outer loop
      vertex 95.7778 18.8359 3.6
      vertex 95.99 19.01 -1.6
      vertex 95.7778 18.8359 -1.6
    endloop
  endfacet
  facet normal -0.995184 0.0980244 0
    outer loop
      vertex 96.3731 19.7269 -1.6
      vertex 96.4 20 3.6
      vertex 96.4 20 -1.6
    endloop
  endfacet
  facet normal -0.995184 0.0980244 0
    outer loop
      vertex 96.4 20 3.6
      vertex 96.3731 19.7269 -1.6
      vertex 96.3731 19.7269 3.6
    endloop
  endfacet
  facet normal -0.995184 -0.0980244 0
    outer loop
      vertex 96.4 24 -1.6
      vertex 96.3731 24.2731 3.6
      vertex 96.3731 24.2731 -1.6
    endloop
  endfacet
  facet normal -0.995184 -0.0980244 0
    outer loop
      vertex 96.3731 24.2731 3.6
      vertex 96.4 24 -1.6
      vertex 96.4 24 3.6
    endloop
  endfacet
  facet normal -0.0980244 0.995184 0
    outer loop
      vertex 95.2731 18.6269 -1.6
      vertex 95 18.6 3.6
      vertex 95.2731 18.6269 3.6
    endloop
  endfacet
  facet normal -0.0980244 0.995184 0
    outer loop
      vertex 95 18.6 3.6
      vertex 95.2731 18.6269 -1.6
      vertex 95 18.6 -1.6
    endloop
  endfacet
  facet normal -0.290321 -0.956929 0
    outer loop
      vertex 95.2731 25.3731 -1.6
      vertex 95.5358 25.2934 3.6
      vertex 95.2731 25.3731 3.6
    endloop
  endfacet
  facet normal -0.290321 -0.956929 -0
    outer loop
      vertex 95.5358 25.2934 3.6
      vertex 95.2731 25.3731 -1.6
      vertex 95.5358 25.2934 -1.6
    endloop
  endfacet
  facet normal -0.290321 0.956929 0
    outer loop
      vertex 95.5358 18.7066 -1.6
      vertex 95.2731 18.6269 3.6
      vertex 95.5358 18.7066 3.6
    endloop
  endfacet
  facet normal -0.290321 0.956929 0
    outer loop
      vertex 95.2731 18.6269 3.6
      vertex 95.5358 18.7066 -1.6
      vertex 95.2731 18.6269 -1.6
    endloop
  endfacet
  facet normal -1 0 0
    outer loop
      vertex 96.4 20 -1.6
      vertex 96.4 24 3.6
      vertex 96.4 24 -1.6
    endloop
  endfacet
  facet normal -1 -0 0
    outer loop
      vertex 96.4 24 3.6
      vertex 96.4 20 -1.6
      vertex 96.4 20 3.6
    endloop
  endfacet
  facet normal 0.77295 -0.634467 0
    outer loop
      vertex 93.8359 24.7778 3.6
      vertex 94.01 24.9899 -1.6
      vertex 94.01 24.9899 3.6
    endloop
  endfacet
  facet normal 0.77295 -0.634467 0
    outer loop
      vertex 94.01 24.9899 -1.6
      vertex 93.8359 24.7778 3.6
      vertex 93.8359 24.7778 -1.6
    endloop
  endfacet
  facet normal 0.882 -0.47125 0
    outer loop
      vertex 93.7066 24.5358 3.6
      vertex 93.8359 24.7778 -1.6
      vertex 93.8359 24.7778 3.6
    endloop
  endfacet
  facet normal 0.882 -0.47125 0
    outer loop
      vertex 93.8359 24.7778 -1.6
      vertex 93.7066 24.5358 3.6
      vertex 93.7066 24.5358 -1.6
    endloop
  endfacet
  facet normal -0.773096 0.634289 0
    outer loop
      vertex 95.99 19.01 -1.6
      vertex 96.1641 19.2222 3.6
      vertex 96.1641 19.2222 -1.6
    endloop
  endfacet
  facet normal -0.773096 0.634289 0
    outer loop
      vertex 96.1641 19.2222 3.6
      vertex 95.99 19.01 -1.6
      vertex 95.99 19.01 3.6
    endloop
  endfacet
  facet normal 0.956929 0.290321 0
    outer loop
      vertex 93.7066 19.4642 3.6
      vertex 93.6269 19.7269 -1.6
      vertex 93.6269 19.7269 3.6
    endloop
  endfacet
  facet normal 0.956929 0.290321 0
    outer loop
      vertex 93.6269 19.7269 -1.6
      vertex 93.7066 19.4642 3.6
      vertex 93.7066 19.4642 -1.6
    endloop
  endfacet
  facet normal 0.773096 0.634289 0
    outer loop
      vertex 94.01 19.01 3.6
      vertex 93.8359 19.2222 -1.6
      vertex 93.8359 19.2222 3.6
    endloop
  endfacet
  facet normal 0.773096 0.634289 0
    outer loop
      vertex 93.8359 19.2222 -1.6
      vertex 94.01 19.01 3.6
      vertex 94.01 19.01 -1.6
    endloop
  endfacet
  facet normal -0.634506 -0.772918 0
    outer loop
      vertex 95.7778 25.1641 -1.6
      vertex 95.99 24.9899 3.6
      vertex 95.7778 25.1641 3.6
    endloop
  endfacet
  facet normal -0.634506 -0.772918 -0
    outer loop
      vertex 95.99 24.9899 3.6
      vertex 95.7778 25.1641 -1.6
      vertex 95.99 24.9899 -1.6
    endloop
  endfacet
  facet normal 0.995184 -0.0980244 0
    outer loop
      vertex 93.6 24 3.6
      vertex 93.6269 24.2731 -1.6
      vertex 93.6269 24.2731 3.6
    endloop
  endfacet
  facet normal 0.995184 -0.0980244 0
    outer loop
      vertex 93.6269 24.2731 -1.6
      vertex 93.6 24 3.6
      vertex 93.6 24 -1.6
    endloop
  endfacet
  facet normal 0.290321 -0.956929 0
    outer loop
      vertex 94.4642 25.2934 -1.6
      vertex 94.7269 25.3731 3.6
      vertex 94.4642 25.2934 3.6
    endloop
  endfacet
  facet normal 0.290321 -0.956929 0
    outer loop
      vertex 94.7269 25.3731 3.6
      vertex 94.4642 25.2934 -1.6
      vertex 94.7269 25.3731 -1.6
    endloop
  endfacet
  facet normal 0.47125 -0.882 0
    outer loop
      vertex 94.2222 25.1641 -1.6
      vertex 94.4642 25.2934 3.6
      vertex 94.2222 25.1641 3.6
    endloop
  endfacet
  facet normal 0.47125 -0.882 0
    outer loop
      vertex 94.4642 25.2934 3.6
      vertex 94.2222 25.1641 -1.6
      vertex 94.4642 25.2934 -1.6
    endloop
  endfacet
  facet normal 0.634506 -0.772918 0
    outer loop
      vertex 94.01 24.9899 -1.6
      vertex 94.2222 25.1641 3.6
      vertex 94.01 24.9899 3.6
    endloop
  endfacet
  facet normal 0.634506 -0.772918 0
    outer loop
      vertex 94.2222 25.1641 3.6
      vertex 94.01 24.9899 -1.6
      vertex 94.2222 25.1641 -1.6
    endloop
  endfacet
  facet normal 0.47125 0.882 -0
    outer loop
      vertex 94.4642 18.7066 -1.6
      vertex 94.2222 18.8359 3.6
      vertex 94.4642 18.7066 3.6
    endloop
  endfacet
  facet normal 0.47125 0.882 0
    outer loop
      vertex 94.2222 18.8359 3.6
      vertex 94.4642 18.7066 -1.6
      vertex 94.2222 18.8359 -1.6
    endloop
  endfacet
  facet normal -0.956929 -0.290321 0
    outer loop
      vertex 96.3731 24.2731 -1.6
      vertex 96.2934 24.5358 3.6
      vertex 96.2934 24.5358 -1.6
    endloop
  endfacet
  facet normal -0.956929 -0.290321 0
    outer loop
      vertex 96.2934 24.5358 3.6
      vertex 96.3731 24.2731 -1.6
      vertex 96.3731 24.2731 3.6
    endloop
  endfacet
  facet normal -0.882 0.47125 0
    outer loop
      vertex 96.1641 19.2222 -1.6
      vertex 96.2934 19.4642 3.6
      vertex 96.2934 19.4642 -1.6
    endloop
  endfacet
  facet normal -0.882 0.47125 0
    outer loop
      vertex 96.2934 19.4642 3.6
      vertex 96.1641 19.2222 -1.6
      vertex 96.1641 19.2222 3.6
    endloop
  endfacet
  facet normal -0.47125 0.882 0
    outer loop
      vertex 95.7778 18.8359 -1.6
      vertex 95.5358 18.7066 3.6
      vertex 95.7778 18.8359 3.6
    endloop
  endfacet
  facet normal -0.47125 0.882 0
    outer loop
      vertex 95.5358 18.7066 3.6
      vertex 95.7778 18.8359 -1.6
      vertex 95.5358 18.7066 -1.6
    endloop
  endfacet
  facet normal 0.0980244 -0.995184 0
    outer loop
      vertex 94.7269 25.3731 -1.6
      vertex 95 25.4 3.6
      vertex 94.7269 25.3731 3.6
    endloop
  endfacet
  facet normal 0.0980244 -0.995184 0
    outer loop
      vertex 95 25.4 3.6
      vertex 94.7269 25.3731 -1.6
      vertex 95 25.4 -1.6
    endloop
  endfacet
  facet normal -0.0980244 -0.995184 0
    outer loop
      vertex 95 25.4 -1.6
      vertex 95.2731 25.3731 3.6
      vertex 95 25.4 3.6
    endloop
  endfacet
  facet normal -0.0980244 -0.995184 -0
    outer loop
      vertex 95.2731 25.3731 3.6
      vertex 95 25.4 -1.6
      vertex 95.2731 25.3731 -1.6
    endloop
  endfacet
  facet normal -0.47125 -0.882 0
    outer loop
      vertex 95.5358 25.2934 -1.6
      vertex 95.7778 25.1641 3.6
      vertex 95.5358 25.2934 3.6
    endloop
  endfacet
  facet normal -0.47125 -0.882 -0
    outer loop
      vertex 95.7778 25.1641 3.6
      vertex 95.5358 25.2934 -1.6
      vertex 95.7778 25.1641 -1.6
    endloop
  endfacet
  facet normal 0.995184 0.0980244 0
    outer loop
      vertex 93.6269 19.7269 3.6
      vertex 93.6 20 -1.6
      vertex 93.6 20 3.6
    endloop
  endfacet
  facet normal 0.995184 0.0980244 0
    outer loop
      vertex 93.6 20 -1.6
      vertex 93.6269 19.7269 3.6
      vertex 93.6269 19.7269 -1.6
    endloop
  endfacet
  facet normal 0.0980244 0.995184 -0
    outer loop
      vertex 95 18.6 -1.6
      vertex 94.7269 18.6269 3.6
      vertex 95 18.6 3.6
    endloop
  endfacet
  facet normal 0.0980244 0.995184 0
    outer loop
      vertex 94.7269 18.6269 3.6
      vertex 95 18.6 -1.6
      vertex 94.7269 18.6269 -1.6
    endloop
  endfacet
  facet normal 0.290321 0.956929 -0
    outer loop
      vertex 94.7269 18.6269 -1.6
      vertex 94.4642 18.7066 3.6
      vertex 94.7269 18.6269 3.6
    endloop
  endfacet
  facet normal 0.290321 0.956929 0
    outer loop
      vertex 94.4642 18.7066 3.6
      vertex 94.7269 18.6269 -1.6
      vertex 94.4642 18.7066 -1.6
    endloop
  endfacet
  facet normal 0.881911 0.471416 0
    outer loop
      vertex 83.1797 -48.889 3.75
      vertex 82.5328 -47.6788 -1.6
      vertex 82.5328 -47.6788 3.75
    endloop
  endfacet
  facet normal 0.881911 0.471416 0
    outer loop
      vertex 82.5328 -47.6788 -1.6
      vertex 83.1797 -48.889 3.75
      vertex 83.1797 -48.889 -1.6
    endloop
  endfacet
  facet normal -0.956951 -0.290248 0
    outer loop
      vertex 95.8655 -43.6344 -1.6
      vertex 95.4672 -42.3212 3.75
      vertex 95.4672 -42.3212 -1.6
    endloop
  endfacet
  facet normal -0.956951 -0.290248 0
    outer loop
      vertex 95.4672 -42.3212 3.75
      vertex 95.8655 -43.6344 -1.6
      vertex 95.8655 -43.6344 3.75
    endloop
  endfacet
  facet normal -0.995185 -0.0980172 0
    outer loop
      vertex 96 -45 -1.6
      vertex 95.8655 -43.6344 3.75
      vertex 95.8655 -43.6344 -1.6
    endloop
  endfacet
  facet normal -0.995185 -0.0980172 0
    outer loop
      vertex 95.8655 -43.6344 3.75
      vertex 96 -45 -1.6
      vertex 96 -45 3.75
    endloop
  endfacet
  facet normal -0.881911 -0.471416 0
    outer loop
      vertex 95.4672 -42.3212 -1.6
      vertex 94.8203 -41.111 3.75
      vertex 94.8203 -41.111 -1.6
    endloop
  endfacet
  facet normal -0.881911 -0.471416 0
    outer loop
      vertex 94.8203 -41.111 3.75
      vertex 95.4672 -42.3212 -1.6
      vertex 95.4672 -42.3212 3.75
    endloop
  endfacet
  facet normal 0.471416 0.881911 -0
    outer loop
      vertex 86.3212 -51.4672 -1.6
      vertex 85.111 -50.8203 3.75
      vertex 86.3212 -51.4672 3.75
    endloop
  endfacet
  facet normal 0.471416 0.881911 0
    outer loop
      vertex 85.111 -50.8203 3.75
      vertex 86.3212 -51.4672 -1.6
      vertex 85.111 -50.8203 -1.6
    endloop
  endfacet
  facet normal 0.290248 -0.956951 0
    outer loop
      vertex 86.3212 -38.5328 -1.6
      vertex 87.6344 -38.1345 3.75
      vertex 86.3212 -38.5328 3.75
    endloop
  endfacet
  facet normal 0.290248 -0.956951 0
    outer loop
      vertex 87.6344 -38.1345 3.75
      vertex 86.3212 -38.5328 -1.6
      vertex 87.6344 -38.1345 -1.6
    endloop
  endfacet
  facet normal -0.995185 0.0980172 0
    outer loop
      vertex 95.8655 -46.3656 -1.6
      vertex 96 -45 3.75
      vertex 96 -45 -1.6
    endloop
  endfacet
  facet normal -0.995185 0.0980172 0
    outer loop
      vertex 96 -45 3.75
      vertex 95.8655 -46.3656 -1.6
      vertex 95.8655 -46.3656 3.75
    endloop
  endfacet
  facet normal -0.881911 0.471416 0
    outer loop
      vertex 94.8203 -48.889 -1.6
      vertex 95.4672 -47.6788 3.75
      vertex 95.4672 -47.6788 -1.6
    endloop
  endfacet
  facet normal -0.881911 0.471416 0
    outer loop
      vertex 95.4672 -47.6788 3.75
      vertex 94.8203 -48.889 -1.6
      vertex 94.8203 -48.889 3.75
    endloop
  endfacet
  facet normal -0.634439 0.772973 0
    outer loop
      vertex 93.9497 -49.9497 -1.6
      vertex 92.889 -50.8203 3.75
      vertex 93.9497 -49.9497 3.75
    endloop
  endfacet
  facet normal -0.634439 0.772973 0
    outer loop
      vertex 92.889 -50.8203 3.75
      vertex 93.9497 -49.9497 -1.6
      vertex 92.889 -50.8203 -1.6
    endloop
  endfacet
  facet normal -0.772973 -0.634439 0
    outer loop
      vertex 94.8203 -41.111 -1.6
      vertex 93.9497 -40.0503 3.75
      vertex 93.9497 -40.0503 -1.6
    endloop
  endfacet
  facet normal -0.772973 -0.634439 0
    outer loop
      vertex 93.9497 -40.0503 3.75
      vertex 94.8203 -41.111 -1.6
      vertex 94.8203 -41.111 3.75
    endloop
  endfacet
  facet normal 0.0980172 -0.995185 0
    outer loop
      vertex 87.6344 -38.1345 -1.6
      vertex 89 -38 3.75
      vertex 87.6344 -38.1345 3.75
    endloop
  endfacet
  facet normal 0.0980172 -0.995185 0
    outer loop
      vertex 89 -38 3.75
      vertex 87.6344 -38.1345 -1.6
      vertex 89 -38 -1.6
    endloop
  endfacet
  facet normal 0.634439 0.772973 -0
    outer loop
      vertex 85.111 -50.8203 -1.6
      vertex 84.0503 -49.9497 3.75
      vertex 85.111 -50.8203 3.75
    endloop
  endfacet
  facet normal 0.634439 0.772973 0
    outer loop
      vertex 84.0503 -49.9497 3.75
      vertex 85.111 -50.8203 -1.6
      vertex 84.0503 -49.9497 -1.6
    endloop
  endfacet
  facet normal 0.0980172 0.995185 -0
    outer loop
      vertex 89 -52 -1.6
      vertex 87.6344 -51.8655 3.75
      vertex 89 -52 3.75
    endloop
  endfacet
  facet normal 0.0980172 0.995185 0
    outer loop
      vertex 87.6344 -51.8655 3.75
      vertex 89 -52 -1.6
      vertex 87.6344 -51.8655 -1.6
    endloop
  endfacet
  facet normal -0.0980172 -0.995185 0
    outer loop
      vertex 89 -38 -1.6
      vertex 90.3656 -38.1345 3.75
      vertex 89 -38 3.75
    endloop
  endfacet
  facet normal -0.0980172 -0.995185 -0
    outer loop
      vertex 90.3656 -38.1345 3.75
      vertex 89 -38 -1.6
      vertex 90.3656 -38.1345 -1.6
    endloop
  endfacet
  facet normal -0.956951 0.290248 0
    outer loop
      vertex 95.4672 -47.6788 -1.6
      vertex 95.8655 -46.3656 3.75
      vertex 95.8655 -46.3656 -1.6
    endloop
  endfacet
  facet normal -0.956951 0.290248 0
    outer loop
      vertex 95.8655 -46.3656 3.75
      vertex 95.4672 -47.6788 -1.6
      vertex 95.4672 -47.6788 3.75
    endloop
  endfacet
  facet normal 0.956951 0.290248 0
    outer loop
      vertex 82.5328 -47.6788 3.75
      vertex 82.1345 -46.3656 -1.6
      vertex 82.1345 -46.3656 3.75
    endloop
  endfacet
  facet normal 0.956951 0.290248 0
    outer loop
      vertex 82.1345 -46.3656 -1.6
      vertex 82.5328 -47.6788 3.75
      vertex 82.5328 -47.6788 -1.6
    endloop
  endfacet
  facet normal -0.290248 -0.956951 0
    outer loop
      vertex 90.3656 -38.1345 -1.6
      vertex 91.6788 -38.5328 3.75
      vertex 90.3656 -38.1345 3.75
    endloop
  endfacet
  facet normal -0.290248 -0.956951 -0
    outer loop
      vertex 91.6788 -38.5328 3.75
      vertex 90.3656 -38.1345 -1.6
      vertex 91.6788 -38.5328 -1.6
    endloop
  endfacet
  facet normal -0.772973 0.634439 0
    outer loop
      vertex 93.9497 -49.9497 -1.6
      vertex 94.8203 -48.889 3.75
      vertex 94.8203 -48.889 -1.6
    endloop
  endfacet
  facet normal -0.772973 0.634439 0
    outer loop
      vertex 94.8203 -48.889 3.75
      vertex 93.9497 -49.9497 -1.6
      vertex 93.9497 -49.9497 3.75
    endloop
  endfacet
  facet normal 0.634439 -0.772973 0
    outer loop
      vertex 84.0503 -40.0503 -1.6
      vertex 85.111 -39.1797 3.75
      vertex 84.0503 -40.0503 3.75
    endloop
  endfacet
  facet normal 0.634439 -0.772973 0
    outer loop
      vertex 85.111 -39.1797 3.75
      vertex 84.0503 -40.0503 -1.6
      vertex 85.111 -39.1797 -1.6
    endloop
  endfacet
  facet normal -0.290248 0.956951 0
    outer loop
      vertex 91.6788 -51.4672 -1.6
      vertex 90.3656 -51.8655 3.75
      vertex 91.6788 -51.4672 3.75
    endloop
  endfacet
  facet normal -0.290248 0.956951 0
    outer loop
      vertex 90.3656 -51.8655 3.75
      vertex 91.6788 -51.4672 -1.6
      vertex 90.3656 -51.8655 -1.6
    endloop
  endfacet
  facet normal 0.471416 -0.881911 0
    outer loop
      vertex 85.111 -39.1797 -1.6
      vertex 86.3212 -38.5328 3.75
      vertex 85.111 -39.1797 3.75
    endloop
  endfacet
  facet normal 0.471416 -0.881911 0
    outer loop
      vertex 86.3212 -38.5328 3.75
      vertex 85.111 -39.1797 -1.6
      vertex 86.3212 -38.5328 -1.6
    endloop
  endfacet
  facet normal 0.772973 0.634439 0
    outer loop
      vertex 84.0503 -49.9497 3.75
      vertex 83.1797 -48.889 -1.6
      vertex 83.1797 -48.889 3.75
    endloop
  endfacet
  facet normal 0.772973 0.634439 0
    outer loop
      vertex 83.1797 -48.889 -1.6
      vertex 84.0503 -49.9497 3.75
      vertex 84.0503 -49.9497 -1.6
    endloop
  endfacet
  facet normal -0.471416 0.881911 0
    outer loop
      vertex 92.889 -50.8203 -1.6
      vertex 91.6788 -51.4672 3.75
      vertex 92.889 -50.8203 3.75
    endloop
  endfacet
  facet normal -0.471416 0.881911 0
    outer loop
      vertex 91.6788 -51.4672 3.75
      vertex 92.889 -50.8203 -1.6
      vertex 91.6788 -51.4672 -1.6
    endloop
  endfacet
  facet normal 0.290248 0.956951 -0
    outer loop
      vertex 87.6344 -51.8655 -1.6
      vertex 86.3212 -51.4672 3.75
      vertex 87.6344 -51.8655 3.75
    endloop
  endfacet
  facet normal 0.290248 0.956951 0
    outer loop
      vertex 86.3212 -51.4672 3.75
      vertex 87.6344 -51.8655 -1.6
      vertex 86.3212 -51.4672 -1.6
    endloop
  endfacet
  facet normal -0.634439 -0.772973 0
    outer loop
      vertex 92.889 -39.1797 -1.6
      vertex 93.9497 -40.0503 3.75
      vertex 92.889 -39.1797 3.75
    endloop
  endfacet
  facet normal -0.634439 -0.772973 -0
    outer loop
      vertex 93.9497 -40.0503 3.75
      vertex 92.889 -39.1797 -1.6
      vertex 93.9497 -40.0503 -1.6
    endloop
  endfacet
  facet normal -0.471416 -0.881911 0
    outer loop
      vertex 91.6788 -38.5328 -1.6
      vertex 92.889 -39.1797 3.75
      vertex 91.6788 -38.5328 3.75
    endloop
  endfacet
  facet normal -0.471416 -0.881911 -0
    outer loop
      vertex 92.889 -39.1797 3.75
      vertex 91.6788 -38.5328 -1.6
      vertex 92.889 -39.1797 -1.6
    endloop
  endfacet
  facet normal 0.995185 -0.0980172 0
    outer loop
      vertex 82 -45 3.75
      vertex 82.1345 -43.6344 -1.6
      vertex 82.1345 -43.6344 3.75
    endloop
  endfacet
  facet normal 0.995185 -0.0980172 0
    outer loop
      vertex 82.1345 -43.6344 -1.6
      vertex 82 -45 3.75
      vertex 82 -45 -1.6
    endloop
  endfacet
  facet normal -0.0980172 0.995185 0
    outer loop
      vertex 90.3656 -51.8655 -1.6
      vertex 89 -52 3.75
      vertex 90.3656 -51.8655 3.75
    endloop
  endfacet
  facet normal -0.0980172 0.995185 0
    outer loop
      vertex 89 -52 3.75
      vertex 90.3656 -51.8655 -1.6
      vertex 89 -52 -1.6
    endloop
  endfacet
  facet normal 0.772973 -0.634439 0
    outer loop
      vertex 83.1797 -41.111 3.75
      vertex 84.0503 -40.0503 -1.6
      vertex 84.0503 -40.0503 3.75
    endloop
  endfacet
  facet normal 0.772973 -0.634439 0
    outer loop
      vertex 84.0503 -40.0503 -1.6
      vertex 83.1797 -41.111 3.75
      vertex 83.1797 -41.111 -1.6
    endloop
  endfacet
  facet normal 0.995185 0.0980172 0
    outer loop
      vertex 82.1345 -46.3656 3.75
      vertex 82 -45 -1.6
      vertex 82 -45 3.75
    endloop
  endfacet
  facet normal 0.995185 0.0980172 0
    outer loop
      vertex 82 -45 -1.6
      vertex 82.1345 -46.3656 3.75
      vertex 82.1345 -46.3656 -1.6
    endloop
  endfacet
  facet normal 0.956951 -0.290248 0
    outer loop
      vertex 82.1345 -43.6344 3.75
      vertex 82.5328 -42.3212 -1.6
      vertex 82.5328 -42.3212 3.75
    endloop
  endfacet
  facet normal 0.956951 -0.290248 0
    outer loop
      vertex 82.5328 -42.3212 -1.6
      vertex 82.1345 -43.6344 3.75
      vertex 82.1345 -43.6344 -1.6
    endloop
  endfacet
  facet normal 0.881911 -0.471416 0
    outer loop
      vertex 82.5328 -42.3212 3.75
      vertex 83.1797 -41.111 -1.6
      vertex 83.1797 -41.111 3.75
    endloop
  endfacet
  facet normal 0.881911 -0.471416 0
    outer loop
      vertex 83.1797 -41.111 -1.6
      vertex 82.5328 -42.3212 3.75
      vertex 82.5328 -42.3212 -1.6
    endloop
  endfacet
endsolid OpenSCAD_Model
